dil,url_stranky,nazev_videa,youtube_id,youtube_url
1. díl (aktualiz.),https://www.matyskova-matematika.cz/matyskova-matematika-1-dil-1-strana/,"Matýskova matematika, 1. díl, strana 1, cvičení 1",Qg73uFUF6So,https://www.youtube.com/watch?v=Qg73uFUF6So
1. díl (aktualiz.),https://www.matyskova-matematika.cz/matyskova-matematika-1-dil-2-strana/,"Matýskova matematika, 1. díl, strana 2, cvičení 1",qptHxdukNoU,https://www.youtube.com/watch?v=qptHxdukNoU
1. díl (aktualiz.),https://www.matyskova-matematika.cz/matyskova-matematika-1-dil-2-strana/,"Matýskova matematika, 1. díl, strana 2, cvičení 2",DOjjhSuIJPM,https://www.youtube.com/watch?v=DOjjhSuIJPM
1. díl (aktualiz.),https://www.matyskova-matematika.cz/matyskova-matematika-1-dil-2-strana/,"Matýskova matematika, 1. díl, strana 2, cvičení 3",ptKkhonfsiI,https://www.youtube.com/watch?v=ptKkhonfsiI
1. díl (aktualiz.),https://www.matyskova-matematika.cz/matyskova-matematika-1-dil-3-strana/,"Matýskova matematika, 1. díl, strana 3, cvičení 1",qky4nWkC6yw,https://www.youtube.com/watch?v=qky4nWkC6yw
1. díl (aktualiz.),https://www.matyskova-matematika.cz/matyskova-matematika-1-dil-3-strana/,"Matýskova matematika, 1. díl, strana 3, cvičení 2",k7Bat45p5Oc,https://www.youtube.com/watch?v=k7Bat45p5Oc
1. díl (aktualiz.),https://www.matyskova-matematika.cz/matyskova-matematika-1-dil-strana-4/,"Matýskova matematika, 1. díl, strana 4, cvičení 1",PxcgLdWx7xs,https://www.youtube.com/watch?v=PxcgLdWx7xs
1. díl (aktualiz.),https://www.matyskova-matematika.cz/matyskova-matematika-1-dil-strana-4/,"Matýskova matematika, 1. díl, strana 4, cvičení 1",4edkb3NzH_4,https://www.youtube.com/watch?v=4edkb3NzH_4
1. díl (aktualiz.),https://www.matyskova-matematika.cz/matyskova-matematika-1-dil-strana-5/,"Matýskova matematika, 1. díl, strana 5, cvičení 1",_eihjrLK50I,https://www.youtube.com/watch?v=_eihjrLK50I
1. díl (aktualiz.),https://www.matyskova-matematika.cz/matyskova-matematika-1-dil-strana-5/,"Matýskova matematika, 1. díl, strana 5, cvičení 2",6YcEoWg8VEA,https://www.youtube.com/watch?v=6YcEoWg8VEA
1. díl (aktualiz.),https://www.matyskova-matematika.cz/matyskova-matematika-1-dil-strana-5/,"Matýskova matematika, 1. díl, strana 5, cvičení 3",Z74cAOaVehE,https://www.youtube.com/watch?v=Z74cAOaVehE
1. díl (aktualiz.),https://www.matyskova-matematika.cz/matyskova-matematika-1-dil-strana-6/,"Matýskova matematika, 1. díl, strana 6, cvičení 1",UjaOqVYYKfA,https://www.youtube.com/watch?v=UjaOqVYYKfA
1. díl (aktualiz.),https://www.matyskova-matematika.cz/matyskova-matematika-1-dil-strana-6/,"Matýskova matematika, 1. díl, strana 6, cvičení 2",B5wJ6QXFaPE,https://www.youtube.com/watch?v=B5wJ6QXFaPE
1. díl (aktualiz.),https://www.matyskova-matematika.cz/matyskova-matematika-1-dil-strana-6/,"Matýskova matematika, 1. díl, strana 6, cvičení 3",vznH7pjwcI8,https://www.youtube.com/watch?v=vznH7pjwcI8
1. díl (aktualiz.),https://www.matyskova-matematika.cz/matyskova-matematika-1-dil-strana-7/,"Matýskova matematika, 1. díl, strana 7, cvičení 1",Vxgh6s4PDIY,https://www.youtube.com/watch?v=Vxgh6s4PDIY
1. díl (aktualiz.),https://www.matyskova-matematika.cz/matyskova-matematika-1-dil-strana-7/,"Matýskova matematika, 1. díl, strana 7, cvičení 2",iLyBHJVbtvI,https://www.youtube.com/watch?v=iLyBHJVbtvI
1. díl (aktualiz.),https://www.matyskova-matematika.cz/matyskova-matematika-1-dil-strana-8/,"Matýskova matematika, 1. díl, strana 8, cvičení 1",PpGeT68u-ak,https://www.youtube.com/watch?v=PpGeT68u-ak
1. díl (aktualiz.),https://www.matyskova-matematika.cz/matyskova-matematika-1-dil-strana-8/,"Matýskova matematika, 1. díl, strana 8, cvičení 2",gBfXLr-_glk,https://www.youtube.com/watch?v=gBfXLr-_glk
1. díl (aktualiz.),https://www.matyskova-matematika.cz/matyskova-matematika-1-dil-strana-8/,"Matýskova matematika, 1. díl, strana 8, cvičení 3",2IzkzcNPDXk,https://www.youtube.com/watch?v=2IzkzcNPDXk
1. díl (aktualiz.),https://www.matyskova-matematika.cz/matyskova-matematika-1-dil-strana-9/,"Matýskova matematika, 1. díl, strana 9, cvičení 1",Vnpcr4nWRxA,https://www.youtube.com/watch?v=Vnpcr4nWRxA
1. díl (aktualiz.),https://www.matyskova-matematika.cz/matyskova-matematika-1-dil-strana-9/,"Matýskova matematika, 1. díl, strana 9, cvičení 2",ZgkuyLTzotw,https://www.youtube.com/watch?v=ZgkuyLTzotw
1. díl (aktualiz.),https://www.matyskova-matematika.cz/matyskova-matematika-1-dil-strana-9/,"Matýskova matematika, 1. díl, strana 9, cvičení 3",_houPPbbMpM,https://www.youtube.com/watch?v=_houPPbbMpM
1. díl (aktualiz.),https://www.matyskova-matematika.cz/matyskova-matematika-1-dil-strana-9/,"Matýskova matematika, 1. díl, strana 9, cvičení 4",LOlpeAxhM94,https://www.youtube.com/watch?v=LOlpeAxhM94
1. díl (aktualiz.),https://www.matyskova-matematika.cz/matyskova-matematika-1-dil-strana-9/,"Matýskova matematika, 1. díl, strana 9, cvičení 5",UqWU5w0sYUo,https://www.youtube.com/watch?v=UqWU5w0sYUo
1. díl (aktualiz.),https://www.matyskova-matematika.cz/matyskova-matematika-1-dil-strana-9/,"Matýskova matematika, 1. díl, strana 9, cvičení 6",C4VKIjliSLw,https://www.youtube.com/watch?v=C4VKIjliSLw
1. díl (aktualiz.),https://www.matyskova-matematika.cz/matyskova-matematika-1-dil-strana-10/,"Matýskova matematika, 1. díl, strana 10, cvičení 1",oCzhZM0uQtM,https://www.youtube.com/watch?v=oCzhZM0uQtM
1. díl (aktualiz.),https://www.matyskova-matematika.cz/matyskova-matematika-1-dil-strana-10/,"Matýskova matematika, 1. díl, strana 10, cvičení 2",b8_Qa3ZM_60,https://www.youtube.com/watch?v=b8_Qa3ZM_60
1. díl (aktualiz.),https://www.matyskova-matematika.cz/matyskova-matematika-1-dil-strana-10/,"Matýskova matematika, 1. díl, strana 10, cvičení 3",wD7yJeY27PE,https://www.youtube.com/watch?v=wD7yJeY27PE
1. díl (aktualiz.),https://www.matyskova-matematika.cz/matyskova-matematika-1-dil-strana-11/,"Matýskova matematika, 1. díl, strana 11, cvičení 1",2wWu3S6QWb8,https://www.youtube.com/watch?v=2wWu3S6QWb8
1. díl (aktualiz.),https://www.matyskova-matematika.cz/matyskova-matematika-1-dil-strana-11/,"Matýskova matematika, 1. díl, strana 11, cvičení 2",6lUet4KAcTA,https://www.youtube.com/watch?v=6lUet4KAcTA
1. díl (aktualiz.),https://www.matyskova-matematika.cz/matyskova-matematika-1-dil-strana-11/,"Matýskova matematika, 1. díl, strana 11, cvičení 3",VaA1TznfO3g,https://www.youtube.com/watch?v=VaA1TznfO3g
1. díl (aktualiz.),https://www.matyskova-matematika.cz/matyskova-matematika-1-dil-strana-11/,"Matýskova matematika, 1. díl, strana 11, cvičení 4",X1AUHjUneao,https://www.youtube.com/watch?v=X1AUHjUneao
1. díl (aktualiz.),https://www.matyskova-matematika.cz/matyskova-matematika-1-dil-strana-11/,"Matýskova matematika, 1. díl, strana 11, cvičení 5",t5fnNum6LcQ,https://www.youtube.com/watch?v=t5fnNum6LcQ
1. díl (aktualiz.),https://www.matyskova-matematika.cz/matyskova-matematika-1-dil-strana-12/,"Matýskova matematika, 1. díl, strana 12, cvičení 1, 2",EBaMuwvowYY,https://www.youtube.com/watch?v=EBaMuwvowYY
1. díl (aktualiz.),https://www.matyskova-matematika.cz/matyskova-matematika-1-dil-strana-12/,"Matýskova matematika, 1. díl, strana 12, cvičení 3",bRXNSXqLlKw,https://www.youtube.com/watch?v=bRXNSXqLlKw
1. díl (aktualiz.),https://www.matyskova-matematika.cz/matyskova-matematika-1-dil-strana-12/,"Matýskova matematika, 1. díl, strana 12, cvičení 4",b_2r-NwQkq0,https://www.youtube.com/watch?v=b_2r-NwQkq0
1. díl (aktualiz.),https://www.matyskova-matematika.cz/matyskova-matematika-1-dil-strana-12/,"Matýskova matematika, 1. díl, strana 12, cvičení 5",gN0jIhyRJIo,https://www.youtube.com/watch?v=gN0jIhyRJIo
1. díl (aktualiz.),https://www.matyskova-matematika.cz/matyskova-matematika-1-dil-strana-13/,"Matýskova matematika, 1. díl, strana 13, cvičení 1",MYx_Sor7Ex0,https://www.youtube.com/watch?v=MYx_Sor7Ex0
1. díl (aktualiz.),https://www.matyskova-matematika.cz/matyskova-matematika-1-dil-strana-13/,"Matýskova matematika, 1. díl, strana 13, cvičení 2",_tCCyFUSQhw,https://www.youtube.com/watch?v=_tCCyFUSQhw
1. díl (aktualiz.),https://www.matyskova-matematika.cz/matyskova-matematika-1-dil-strana-13/,"Matýskova matematika, 1. díl, strana 13, cvičení 3",eQ-rAj8e3h0,https://www.youtube.com/watch?v=eQ-rAj8e3h0
1. díl (aktualiz.),https://www.matyskova-matematika.cz/matyskova-matematika-1-dil-strana-13/,"Matýskova matematika, 1. díl, strana 13, cvičení 4",hlcLM6IuRNU,https://www.youtube.com/watch?v=hlcLM6IuRNU
1. díl (aktualiz.),https://www.matyskova-matematika.cz/matyskova-matematika-1-dil-strana-13/,"Matýskova matematika, 1. díl, strana 13, cvičení 5",ctcfbez8Zg4,https://www.youtube.com/watch?v=ctcfbez8Zg4
1. díl (aktualiz.),https://www.matyskova-matematika.cz/matyskova-matematika-1-dil-strana-14/,"Matýskova matematika, 1. díl, strana 14, cvičení 1, 2",T4MKbhUWiJQ,https://www.youtube.com/watch?v=T4MKbhUWiJQ
1. díl (aktualiz.),https://www.matyskova-matematika.cz/matyskova-matematika-1-dil-strana-14/,"Matýskova matematika, 1. díl, strana 14, cvičení 3",m2A8g8SjtI4,https://www.youtube.com/watch?v=m2A8g8SjtI4
1. díl (aktualiz.),https://www.matyskova-matematika.cz/matyskova-matematika-1-dil-strana-14/,"Matýskova matematika, 1. díl, strana 14, cvičení 4",d0WIEedQexg,https://www.youtube.com/watch?v=d0WIEedQexg
1. díl (aktualiz.),https://www.matyskova-matematika.cz/matyskova-matematika-1-dil-strana-14/,"Matýskova matematika, 1. díl, strana 14, cvičení 5",0EyTNNJZc_Q,https://www.youtube.com/watch?v=0EyTNNJZc_Q
1. díl (aktualiz.),https://www.matyskova-matematika.cz/matyskova-matematika-1-dil-strana-15/,"Matýskova matematika, 1. díl, strana 15, cvičení 1",kUdpVN2F0S0,https://www.youtube.com/watch?v=kUdpVN2F0S0
1. díl (aktualiz.),https://www.matyskova-matematika.cz/matyskova-matematika-1-dil-strana-15/,"Matýskova matematika, 1. díl, strana 15, cvičení 2",0rhF_PXdzO0,https://www.youtube.com/watch?v=0rhF_PXdzO0
1. díl (aktualiz.),https://www.matyskova-matematika.cz/matyskova-matematika-1-dil-strana-15/,"Matýskova matematika, 1. díl, strana 15, cvičení 3",NVwYHlYjTOs,https://www.youtube.com/watch?v=NVwYHlYjTOs
1. díl (aktualiz.),https://www.matyskova-matematika.cz/matyskova-matematika-1-dil-strana-16/,"Matýskova matematika, 1. díl, strana 16, cvičení 1",-AAfsuJqwTM,https://www.youtube.com/watch?v=-AAfsuJqwTM
1. díl (aktualiz.),https://www.matyskova-matematika.cz/matyskova-matematika-1-dil-strana-16/,"Matýskova matematika, 1. díl, strana 16, cvičení 2",DP0m3TN3hGI,https://www.youtube.com/watch?v=DP0m3TN3hGI
1. díl (aktualiz.),https://www.matyskova-matematika.cz/matyskova-matematika-1-dil-strana-16/,"Matýskova matematika, 1. díl, strana 16, cvičení 3",aEU3ZvVnzaw,https://www.youtube.com/watch?v=aEU3ZvVnzaw
1. díl (aktualiz.),https://www.matyskova-matematika.cz/matyskova-matematika-1-dil-strana-17/,"Matýskova matematika, 1. díl, strana 17, cvičení 1",u3tk-W9Ezd0,https://www.youtube.com/watch?v=u3tk-W9Ezd0
1. díl (aktualiz.),https://www.matyskova-matematika.cz/matyskova-matematika-1-dil-strana-17/,"Matýskova matematika, 1. díl, strana 17, cvičení 2",XPHZJc9spac,https://www.youtube.com/watch?v=XPHZJc9spac
1. díl (aktualiz.),https://www.matyskova-matematika.cz/matyskova-matematika-1-dil-strana-17/,"Matýskova matematika, 1. díl, strana 17, cvičení 3",dv2L5VvNdsg,https://www.youtube.com/watch?v=dv2L5VvNdsg
1. díl (aktualiz.),https://www.matyskova-matematika.cz/matyskova-matematika-1-dil-strana-17/,"Matýskova matematika, 1. díl, strana 17, cvičení 4",CjOhe1sxhIM,https://www.youtube.com/watch?v=CjOhe1sxhIM
1. díl (aktualiz.),https://www.matyskova-matematika.cz/matyskova-matematika-1-dil-strana-17/,"Matýskova matematika, 1. díl, strana 17, cvičení 5",LBXvVF_x-54,https://www.youtube.com/watch?v=LBXvVF_x-54
1. díl (aktualiz.),https://www.matyskova-matematika.cz/matyskova-matematika-1-dil-strana-18/,"Matýskova matematika, 1. díl, strana 18, cvičení 1",OerUce2ph6w,https://www.youtube.com/watch?v=OerUce2ph6w
1. díl (aktualiz.),https://www.matyskova-matematika.cz/matyskova-matematika-1-dil-strana-18/,"Matýskova matematika, 1. díl, strana 18, cvičení 2",Ov87yWjLjjE,https://www.youtube.com/watch?v=Ov87yWjLjjE
1. díl (aktualiz.),https://www.matyskova-matematika.cz/matyskova-matematika-1-dil-strana-18/,"Matýskova matematika, 1. díl, strana 18, cvičení 3",zNgMGBdsmnQ,https://www.youtube.com/watch?v=zNgMGBdsmnQ
1. díl (aktualiz.),https://www.matyskova-matematika.cz/matyskova-matematika-1-dil-strana-19/,"Matýskova matematika, 1. díl, strana 19, cvičení 1",H7Iis6ZQt8A,https://www.youtube.com/watch?v=H7Iis6ZQt8A
1. díl (aktualiz.),https://www.matyskova-matematika.cz/matyskova-matematika-1-dil-strana-19/,"Matýskova matematika, 1. díl, strana 19, cvičení 2",tMSUCBvHbAo,https://www.youtube.com/watch?v=tMSUCBvHbAo
1. díl (aktualiz.),https://www.matyskova-matematika.cz/matyskova-matematika-1-dil-strana-19/,"Matýskova matematika, 1. díl, strana 19, cvičení 3",f387GUsf9Mk,https://www.youtube.com/watch?v=f387GUsf9Mk
1. díl (aktualiz.),https://www.matyskova-matematika.cz/matyskova-matematika-1-dil-strana-19/,"Matýskova matematika, 1. díl, strana 19, cvičení 4",f1RRyDwl-NU,https://www.youtube.com/watch?v=f1RRyDwl-NU
1. díl (aktualiz.),https://www.matyskova-matematika.cz/matyskova-matematika-1-dil-strana-20/,"Matýskova matematika, 1. díl, strana 20, cvičení 1, 2",G64tmI4hIeA,https://www.youtube.com/watch?v=G64tmI4hIeA
1. díl (aktualiz.),https://www.matyskova-matematika.cz/matyskova-matematika-1-dil-strana-20/,"Matýskova matematika, 1. díl, strana 20, cvičení 3",CSwjhsaN9uM,https://www.youtube.com/watch?v=CSwjhsaN9uM
1. díl (aktualiz.),https://www.matyskova-matematika.cz/matyskova-matematika-1-dil-strana-20/,"Matýskova matematika, 1. díl, strana 20, cvičení 4",FnC5VtFJF5U,https://www.youtube.com/watch?v=FnC5VtFJF5U
1. díl (aktualiz.),https://www.matyskova-matematika.cz/matyskova-matematika-1-dil-strana-20/,"Matýskova matematika, 1. díl, strana 20, cvičení 5",vdwP_L927Rs,https://www.youtube.com/watch?v=vdwP_L927Rs
1. díl (aktualiz.),https://www.matyskova-matematika.cz/matyskova-matematika-1-dil-strana-21/,"Matýskova matematika, 1. díl, strana 21, cvičení 1",wHb5X8GVpAU,https://www.youtube.com/watch?v=wHb5X8GVpAU
1. díl (aktualiz.),https://www.matyskova-matematika.cz/matyskova-matematika-1-dil-strana-21/,"Matýskova matematika, 1. díl, strana 21, cvičení 2",Ug7XryHqpnE,https://www.youtube.com/watch?v=Ug7XryHqpnE
1. díl (aktualiz.),https://www.matyskova-matematika.cz/matyskova-matematika-1-dil-strana-21/,"Matýskova matematika, 1. díl, strana 21, cvičení 3",r8Svi3L88ig,https://www.youtube.com/watch?v=r8Svi3L88ig
1. díl (aktualiz.),https://www.matyskova-matematika.cz/matyskova-matematika-1-dil-strana-21/,"Matýskova matematika, 1. díl, strana 21, cvičení 4",RAOuAqONeFI,https://www.youtube.com/watch?v=RAOuAqONeFI
1. díl (aktualiz.),https://www.matyskova-matematika.cz/matyskova-matematika-1-dil-strana-21/,"Matýskova matematika, 1. díl, strana 21, cvičení 5",DLIpno5vWCw,https://www.youtube.com/watch?v=DLIpno5vWCw
1. díl (aktualiz.),https://www.matyskova-matematika.cz/matyskova-matematika-1-dil-strana-22/,"Matýskova matematika, 1. díl, strana 22, cvičení 1",nv57lDCiwEw,https://www.youtube.com/watch?v=nv57lDCiwEw
1. díl (aktualiz.),https://www.matyskova-matematika.cz/matyskova-matematika-1-dil-strana-22/,"Matýskova matematika, 1. díl, strana 22, cvičení 2",DIJXpn5CyWc,https://www.youtube.com/watch?v=DIJXpn5CyWc
1. díl (aktualiz.),https://www.matyskova-matematika.cz/matyskova-matematika-1-dil-strana-22/,"Matýskova matematika, 1. díl, strana 22, cvičení 3",pLI4p_ELnbo,https://www.youtube.com/watch?v=pLI4p_ELnbo
1. díl (aktualiz.),https://www.matyskova-matematika.cz/matyskova-matematika-1-dil-strana-23/,"Matýskova matematika, 1. díl, strana 23, cvičení 1",dnFzdFz4p3o,https://www.youtube.com/watch?v=dnFzdFz4p3o
1. díl (aktualiz.),https://www.matyskova-matematika.cz/matyskova-matematika-1-dil-strana-23/,"Matýskova matematika, 1. díl, strana 23, cvičení 2",V7wz99-vX7U,https://www.youtube.com/watch?v=V7wz99-vX7U
1. díl (aktualiz.),https://www.matyskova-matematika.cz/matyskova-matematika-1-dil-strana-24/,"Matýskova matematika, 1. díl, strana 24, cvičení 1",9cYr5HisC8Y,https://www.youtube.com/watch?v=9cYr5HisC8Y
1. díl (aktualiz.),https://www.matyskova-matematika.cz/matyskova-matematika-1-dil-strana-24/,"Matýskova matematika, 1. díl, strana 24, cvičení 2",rVhTUH_4f00,https://www.youtube.com/watch?v=rVhTUH_4f00
1. díl (aktualiz.),https://www.matyskova-matematika.cz/matyskova-matematika-1-dil-strana-24/,"Matýskova matematika, 1. díl, strana 24, cvičení 3",W9NdFGkEEZY,https://www.youtube.com/watch?v=W9NdFGkEEZY
1. díl (aktualiz.),https://www.matyskova-matematika.cz/matyskova-matematika-1-dil-strana-25/,"Matýskova matematika, 1. díl, strana 25, cvičení 1",DgZ8wMCHwXE,https://www.youtube.com/watch?v=DgZ8wMCHwXE
1. díl (aktualiz.),https://www.matyskova-matematika.cz/matyskova-matematika-1-dil-strana-25/,"Matýskova matematika, 1. díl, strana 25, cvičení 2",Uax_zGStMcs,https://www.youtube.com/watch?v=Uax_zGStMcs
1. díl (aktualiz.),https://www.matyskova-matematika.cz/matyskova-matematika-1-dil-strana-25/,"Matýskova matematika, 1. díl, strana 25, cvičení 3",PSNRKBf0ZkE,https://www.youtube.com/watch?v=PSNRKBf0ZkE
1. díl (aktualiz.),https://www.matyskova-matematika.cz/matyskova-matematika-1-dil-strana-25/,"Matýskova matematika, 1. díl, strana 25, cvičení 4",hssQx4Xelno,https://www.youtube.com/watch?v=hssQx4Xelno
1. díl (aktualiz.),https://www.matyskova-matematika.cz/matyskova-matematika-1-dil-strana-25/,"Matýskova matematika, 1. díl, strana 25, cvičení 5",OOSizm8Z24Y,https://www.youtube.com/watch?v=OOSizm8Z24Y
1. díl (aktualiz.),https://www.matyskova-matematika.cz/matyskova-matematika-1-dil-strana-26/,"Matýskova matematika, 1. díl, strana 26, cvičení 1",87RpoR8C530,https://www.youtube.com/watch?v=87RpoR8C530
1. díl (aktualiz.),https://www.matyskova-matematika.cz/matyskova-matematika-1-dil-strana-26/,"Matýskova matematika, 1. díl, strana 26, cvičení 2",GAsd67MWhKs,https://www.youtube.com/watch?v=GAsd67MWhKs
1. díl (aktualiz.),https://www.matyskova-matematika.cz/matyskova-matematika-1-dil-strana-26/,"Matýskova matematika, 1. díl, strana 26, cvičení 3",10l2NXa8YOw,https://www.youtube.com/watch?v=10l2NXa8YOw
1. díl (aktualiz.),https://www.matyskova-matematika.cz/matyskova-matematika-1-dil-strana-27/,"Matýskova matematika, 1. díl, strana 27, cvičení 1",9RHW58yMN00,https://www.youtube.com/watch?v=9RHW58yMN00
1. díl (aktualiz.),https://www.matyskova-matematika.cz/matyskova-matematika-1-dil-strana-27/,"Matýskova matematika, 1. díl, strana 27, cvičení 2",Cpbz9Fy0zrc,https://www.youtube.com/watch?v=Cpbz9Fy0zrc
1. díl (aktualiz.),https://www.matyskova-matematika.cz/matyskova-matematika-1-dil-strana-27/,"Matýskova matematika, 1. díl, strana 27, cvičení 3",bW8YuewtB_A,https://www.youtube.com/watch?v=bW8YuewtB_A
1. díl (aktualiz.),https://www.matyskova-matematika.cz/matyskova-matematika-1-dil-strana-27/,"Matýskova matematika, 1. díl, strana 27, cvičení 4",97-5vrdfMAg,https://www.youtube.com/watch?v=97-5vrdfMAg
1. díl (aktualiz.),https://www.matyskova-matematika.cz/matyskova-matematika-1-dil-strana-28/,"Matýskova matematika, 1. díl, strana 28, cvičení 1",SDQRz_kRbmk,https://www.youtube.com/watch?v=SDQRz_kRbmk
1. díl (aktualiz.),https://www.matyskova-matematika.cz/matyskova-matematika-1-dil-strana-28/,"Matýskova matematika, 1. díl, strana 28, cvičení 2",drc9nH_xLhw,https://www.youtube.com/watch?v=drc9nH_xLhw
1. díl (aktualiz.),https://www.matyskova-matematika.cz/matyskova-matematika-1-dil-strana-28/,"Matýskova matematika, 1. díl, strana 28, cvičení 3",Iyee30uUMRc,https://www.youtube.com/watch?v=Iyee30uUMRc
1. díl (aktualiz.),https://www.matyskova-matematika.cz/matyskova-matematika-1-dil-strana-28/,"Matýskova matematika, 1. díl, strana 28, cvičení 4",LKEK693mDcU,https://www.youtube.com/watch?v=LKEK693mDcU
1. díl (aktualiz.),https://www.matyskova-matematika.cz/matyskova-matematika-1-dil-strana-28/,"Matýskova matematika, 1. díl, strana 28, cvičení 5",cLyZNLd1RCs,https://www.youtube.com/watch?v=cLyZNLd1RCs
1. díl (aktualiz.),https://www.matyskova-matematika.cz/matyskova-matematika-1-dil-strana-29/,"Matýskova matematika, 1. díl, strana 29, cvičení 1, 2",4jD9b7BLkE8,https://www.youtube.com/watch?v=4jD9b7BLkE8
1. díl (aktualiz.),https://www.matyskova-matematika.cz/matyskova-matematika-1-dil-strana-29/,"Matýskova matematika, 1. díl, strana 29, cvičení 3",M-VimpU_G7E,https://www.youtube.com/watch?v=M-VimpU_G7E
1. díl (aktualiz.),https://www.matyskova-matematika.cz/matyskova-matematika-1-dil-strana-29/,"Matýskova matematika, 1. díl, strana 29, cvičení 4",p349EugP-qw,https://www.youtube.com/watch?v=p349EugP-qw
1. díl (aktualiz.),https://www.matyskova-matematika.cz/matyskova-matematika-1-dil-strana-30/,"Matýskova matematika, 1. díl, strana 30, cvičení 1",neTYSel_Rfw,https://www.youtube.com/watch?v=neTYSel_Rfw
1. díl (aktualiz.),https://www.matyskova-matematika.cz/matyskova-matematika-1-dil-strana-30/,"Matýskova matematika, 1. díl, strana 30, cvičení 2",y-6aX2gzBX4,https://www.youtube.com/watch?v=y-6aX2gzBX4
1. díl (aktualiz.),https://www.matyskova-matematika.cz/matyskova-matematika-1-dil-strana-30/,"Matýskova matematika, 1. díl, strana 30, cvičení 3",uDinDAvAHGg,https://www.youtube.com/watch?v=uDinDAvAHGg
1. díl (aktualiz.),https://www.matyskova-matematika.cz/matyskova-matematika-1-dil-strana-30/,"Matýskova matematika, 1. díl, strana 30, cvičení 4",WGuf7ijSnPI,https://www.youtube.com/watch?v=WGuf7ijSnPI
1. díl (aktualiz.),https://www.matyskova-matematika.cz/matyskova-matematika-1-dil-strana-31/,"Matýskova matematika, 1. díl, strana 31, cvičení 1",3IqqAxbp-_c,https://www.youtube.com/watch?v=3IqqAxbp-_c
1. díl (aktualiz.),https://www.matyskova-matematika.cz/matyskova-matematika-1-dil-strana-31/,"Matýskova matematika, 1. díl, strana 31, cvičení 2",imszREWoNAI,https://www.youtube.com/watch?v=imszREWoNAI
1. díl (aktualiz.),https://www.matyskova-matematika.cz/matyskova-matematika-1-dil-strana-31/,"Matýskova matematika, 1. díl, strana 31, cvičení 3",npbXt2gnhKQ,https://www.youtube.com/watch?v=npbXt2gnhKQ
1. díl (aktualiz.),https://www.matyskova-matematika.cz/matyskova-matematika-1-dil-strana-31/,"Matýskova matematika, 1. díl, strana 31, cvičení 4",gLeKEuFSNsU,https://www.youtube.com/watch?v=gLeKEuFSNsU
1. díl (aktualiz.),https://www.matyskova-matematika.cz/matyskova-matematika-1-dil-strana-31/,"Matýskova matematika, 1. díl, strana 31, cvičení 5",Zq--KhxAujs,https://www.youtube.com/watch?v=Zq--KhxAujs
1. díl (aktualiz.),https://www.matyskova-matematika.cz/matyskova-matematika-1-dil-strana-32/,"Matýskova matematika, 1. díl, strana 32, cvičení 1",MvM2NXP_62s,https://www.youtube.com/watch?v=MvM2NXP_62s
1. díl (aktualiz.),https://www.matyskova-matematika.cz/matyskova-matematika-1-dil-strana-32/,"Matýskova matematika, 1. díl, strana 32, cvičení 2",cvd2FLyIjkw,https://www.youtube.com/watch?v=cvd2FLyIjkw
1. díl (aktualiz.),https://www.matyskova-matematika.cz/matyskova-matematika-1-dil-strana-32/,"Matýskova matematika, 1. díl, strana 32, cvičení 3",rxakNDUL0v4,https://www.youtube.com/watch?v=rxakNDUL0v4
1. díl (aktualiz.),https://www.matyskova-matematika.cz/matyskova-matematika-1-dil-strana-32/,"Matýskova matematika, 1. díl, strana 32, cvičení 4 (+)",LHtUqxeodMg,https://www.youtube.com/watch?v=LHtUqxeodMg
1. díl (aktualiz.),https://www.matyskova-matematika.cz/matyskova-matematika-1-dil-strana-32/,"Matýskova matematika, 1. díl, strana 32, cvičení 4 (–)",bI4imqKLero,https://www.youtube.com/watch?v=bI4imqKLero
1. díl (aktualiz.),https://www.matyskova-matematika.cz/matyskova-matematika-1-dil-strana-33/,"Matýskova matematika, 1. díl, strana 33, cvičení 1",9x_BJWeTu2c,https://www.youtube.com/watch?v=9x_BJWeTu2c
1. díl (aktualiz.),https://www.matyskova-matematika.cz/matyskova-matematika-1-dil-strana-33/,"Matýskova matematika, 1. díl, strana 33, cvičení 2",wNLWCjN5B-0,https://www.youtube.com/watch?v=wNLWCjN5B-0
1. díl (aktualiz.),https://www.matyskova-matematika.cz/matyskova-matematika-1-dil-strana-34/,"Matýskova matematika, 1. díl, strana 34, cvičení 1",9723UZFFNqc,https://www.youtube.com/watch?v=9723UZFFNqc
1. díl (aktualiz.),https://www.matyskova-matematika.cz/matyskova-matematika-1-dil-strana-34/,"Matýskova matematika, 1. díl, strana 34, cvičení 2",o8SQcCDnLN4,https://www.youtube.com/watch?v=o8SQcCDnLN4
1. díl (aktualiz.),https://www.matyskova-matematika.cz/matyskova-matematika-1-dil-strana-34/,"Matýskova matematika, 1. díl, strana 34, cvičení 3",A5q1w48QNC0,https://www.youtube.com/watch?v=A5q1w48QNC0
1. díl (aktualiz.),https://www.matyskova-matematika.cz/matyskova-matematika-1-dil-strana-35/,"Matýskova matematika, 1. díl, strana 35, cvičení 1",8lCghMqG2Pw,https://www.youtube.com/watch?v=8lCghMqG2Pw
1. díl (aktualiz.),https://www.matyskova-matematika.cz/matyskova-matematika-1-dil-strana-35/,"Matýskova matematika, 1. díl, strana 35, cvičení 2",TPIO1aiJKsc,https://www.youtube.com/watch?v=TPIO1aiJKsc
1. díl (aktualiz.),https://www.matyskova-matematika.cz/matyskova-matematika-1-dil-strana-35/,"Matýskova matematika, 1. díl, strana 35, cvičení 3",vcXcxORwajw,https://www.youtube.com/watch?v=vcXcxORwajw
1. díl (aktualiz.),https://www.matyskova-matematika.cz/matyskova-matematika-1-dil-strana-35/,"Matýskova matematika, 1. díl, strana 35, cvičení 4",YG4ijlb5sb4,https://www.youtube.com/watch?v=YG4ijlb5sb4
1. díl (aktualiz.),https://www.matyskova-matematika.cz/matyskova-matematika-1-dil-strana-35/,"Matýskova matematika, 1. díl, strana 35, cvičení 5",QbiBFnp5J9Y,https://www.youtube.com/watch?v=QbiBFnp5J9Y
1. díl (aktualiz.),https://www.matyskova-matematika.cz/matyskova-matematika-1-dil-strana-36/,"Matýskova matematika, 1. díl, strana 36, cvičení 1",ciXznELiFi0,https://www.youtube.com/watch?v=ciXznELiFi0
1. díl (aktualiz.),https://www.matyskova-matematika.cz/matyskova-matematika-1-dil-strana-36/,"Matýskova matematika, 1. díl, strana 36, cvičení 2",YMg64VPswNA,https://www.youtube.com/watch?v=YMg64VPswNA
1. díl (aktualiz.),https://www.matyskova-matematika.cz/matyskova-matematika-1-dil-strana-36/,"Matýskova matematika, 1. díl, strana 36, cvičení 3",pVsnWws4Hk8,https://www.youtube.com/watch?v=pVsnWws4Hk8
1. díl (aktualiz.),https://www.matyskova-matematika.cz/matyskova-matematika-1-dil-strana-37/,"Matýskova matematika, 1. díl, strana 37, cvičení 1",44F7TPrcITo,https://www.youtube.com/watch?v=44F7TPrcITo
1. díl (aktualiz.),https://www.matyskova-matematika.cz/matyskova-matematika-1-dil-strana-37/,"Matýskova matematika, 1. díl, strana 37, cvičení 2",w10bS_0BrD4,https://www.youtube.com/watch?v=w10bS_0BrD4
1. díl (aktualiz.),https://www.matyskova-matematika.cz/matyskova-matematika-1-dil-strana-37/,"Matýskova matematika, 1. díl, strana 37, cvičení 3",mQkxJAfAsAs,https://www.youtube.com/watch?v=mQkxJAfAsAs
1. díl (aktualiz.),https://www.matyskova-matematika.cz/matyskova-matematika-1-dil-strana-37/,"Matýskova matematika, 1. díl, strana 37, cvičení 4",mNHpUhxxx5E,https://www.youtube.com/watch?v=mNHpUhxxx5E
1. díl (aktualiz.),https://www.matyskova-matematika.cz/matyskova-matematika-1-dil-strana-38/,"Matýskova matematika, 1. díl, strana 38, cvičení 1",HYyhNYum8FQ,https://www.youtube.com/watch?v=HYyhNYum8FQ
1. díl (aktualiz.),https://www.matyskova-matematika.cz/matyskova-matematika-1-dil-strana-38/,"Matýskova matematika, 1. díl, strana 38, cvičení 2",TCm3PVEFGyg,https://www.youtube.com/watch?v=TCm3PVEFGyg
1. díl (aktualiz.),https://www.matyskova-matematika.cz/matyskova-matematika-1-dil-strana-38/,"Matýskova matematika, 1. díl, strana 38, cvičení 3",AxFKwSpmPMA,https://www.youtube.com/watch?v=AxFKwSpmPMA
1. díl (aktualiz.),https://www.matyskova-matematika.cz/matyskova-matematika-1-dil-strana-38/,"Matýskova matematika, 1. díl, strana 38, cvičení 4",WmL01pmm3go,https://www.youtube.com/watch?v=WmL01pmm3go
1. díl (aktualiz.),https://www.matyskova-matematika.cz/matyskova-matematika-1-dil-strana-38/,"Matýskova matematika, 1. díl, strana 38, cvičení 5",XEnGofTs7ws,https://www.youtube.com/watch?v=XEnGofTs7ws
1. díl (aktualiz.),https://www.matyskova-matematika.cz/matyskova-matematika-1-dil-strana-39/,"Matýskova matematika, 1. díl, strana 39, cvičení 1",Dt1eWVD4-lI,https://www.youtube.com/watch?v=Dt1eWVD4-lI
1. díl (aktualiz.),https://www.matyskova-matematika.cz/matyskova-matematika-1-dil-strana-39/,"Matýskova matematika, 1. díl, strana 39, cvičení 2",RVdHfoDJcLE,https://www.youtube.com/watch?v=RVdHfoDJcLE
1. díl (aktualiz.),https://www.matyskova-matematika.cz/matyskova-matematika-1-dil-strana-39/,"Matýskova matematika, 1. díl, strana 39, cvičení 3",hpCR6E43LlA,https://www.youtube.com/watch?v=hpCR6E43LlA
1. díl (aktualiz.),https://www.matyskova-matematika.cz/matyskova-matematika-1-dil-strana-40/,"Matýskova matematika, 1. díl, strana 40, cvičení 1",6Vj2gLInSho,https://www.youtube.com/watch?v=6Vj2gLInSho
1. díl (aktualiz.),https://www.matyskova-matematika.cz/matyskova-matematika-1-dil-strana-40/,"Matýskova matematika, 1. díl, strana 40, cvičení 2",dSRhfuzRidg,https://www.youtube.com/watch?v=dSRhfuzRidg
1. díl (aktualiz.),https://www.matyskova-matematika.cz/matyskova-matematika-1-dil-strana-40/,"Matýskova matematika, 1. díl, strana 40, cvičení 3",j2-jeak_ftU,https://www.youtube.com/watch?v=j2-jeak_ftU
1. díl (aktualiz.),https://www.matyskova-matematika.cz/matyskova-matematika-1-dil-strana-40/,"Matýskova matematika, 1. díl, strana 40, cvičení 4",Ly-syTGWnx4,https://www.youtube.com/watch?v=Ly-syTGWnx4
1. díl (aktualiz.),https://www.matyskova-matematika.cz/matyskova-matematika-1-dil-strana-40/,"Matýskova matematika, 1. díl, strana 40, cvičení 5",A7IUifYEcBo,https://www.youtube.com/watch?v=A7IUifYEcBo
1. díl (aktualiz.),https://www.matyskova-matematika.cz/matyskova-matematika-1-dil-strana-41/,"Matýskova matematika, 1. díl, strana 41, cvičení 1, 2",xBPli3mfkQI,https://www.youtube.com/watch?v=xBPli3mfkQI
1. díl (aktualiz.),https://www.matyskova-matematika.cz/matyskova-matematika-1-dil-strana-41/,"Matýskova matematika, 1. díl, strana 41, cvičení 3",kssxBPOcVBc,https://www.youtube.com/watch?v=kssxBPOcVBc
1. díl (aktualiz.),https://www.matyskova-matematika.cz/matyskova-matematika-1-dil-strana-42/,"Matýskova matematika, 1. díl, strana 42, cvičení 1",H1A0xHEPv3w,https://www.youtube.com/watch?v=H1A0xHEPv3w
1. díl (aktualiz.),https://www.matyskova-matematika.cz/matyskova-matematika-1-dil-strana-42/,"Matýskova matematika, 1. díl, strana 42, cvičení 2",-bp3NkyCb3c,https://www.youtube.com/watch?v=-bp3NkyCb3c
1. díl (aktualiz.),https://www.matyskova-matematika.cz/matyskova-matematika-1-dil-strana-42/,"Matýskova matematika, 1. díl, strana 42, cvičení 3",udGLdrTauho,https://www.youtube.com/watch?v=udGLdrTauho
1. díl (aktualiz.),https://www.matyskova-matematika.cz/matyskova-matematika-1-dil-strana-43/,"Matýskova matematika, 1. díl, strana 43, cvičení 1",iqgFkILRxRg,https://www.youtube.com/watch?v=iqgFkILRxRg
1. díl (aktualiz.),https://www.matyskova-matematika.cz/matyskova-matematika-1-dil-strana-43/,"Matýskova matematika, 1. díl, strana 43, cvičení 2",1UV4f6e9iBU,https://www.youtube.com/watch?v=1UV4f6e9iBU
1. díl (aktualiz.),https://www.matyskova-matematika.cz/matyskova-matematika-1-dil-strana-44/,"Matýskova matematika, 1. díl, strana 44, cvičení 1",Ctea7uVoJok,https://www.youtube.com/watch?v=Ctea7uVoJok
1. díl (aktualiz.),https://www.matyskova-matematika.cz/matyskova-matematika-1-dil-strana-44/,"Matýskova matematika, 1. díl, strana 44, cvičení 2",_Qs6Ns5RJXo,https://www.youtube.com/watch?v=_Qs6Ns5RJXo
1. díl (aktualiz.),https://www.matyskova-matematika.cz/matyskova-matematika-1-dil-strana-44/,"Matýskova matematika, 1. díl, strana 44, cvičení 3",ex9WZJnHO8A,https://www.youtube.com/watch?v=ex9WZJnHO8A
1. díl (aktualiz.),https://www.matyskova-matematika.cz/matyskova-matematika-1-dil-strana-45/,"Matýskova matematika, 1. díl, strana 45, cvičení 1",w_GCIznPVvY,https://www.youtube.com/watch?v=w_GCIznPVvY
1. díl (aktualiz.),https://www.matyskova-matematika.cz/matyskova-matematika-1-dil-strana-45/,"Matýskova matematika, 1. díl, strana 45, cvičení 2",c3UNIw7Uv-I,https://www.youtube.com/watch?v=c3UNIw7Uv-I
1. díl (aktualiz.),https://www.matyskova-matematika.cz/matyskova-matematika-1-dil-strana-45/,"Matýskova matematika, 1. díl, strana 45, cvičení 3",XoVJvuiwYFg,https://www.youtube.com/watch?v=XoVJvuiwYFg
1. díl (aktualiz.),https://www.matyskova-matematika.cz/matyskova-matematika-1-dil-strana-45/,"Matýskova matematika, 1. díl, strana 45, cvičení 4",sErIa7kYdtc,https://www.youtube.com/watch?v=sErIa7kYdtc
1. díl (aktualiz.),https://www.matyskova-matematika.cz/matyskova-matematika-1-dil-strana-45/,"Matýskova matematika, 1. díl, strana 45, cvičení 5",Azm_crDMbOY,https://www.youtube.com/watch?v=Azm_crDMbOY
1. díl (aktualiz.),https://www.matyskova-matematika.cz/matyskova-matematika-1-dil-strana-45/,"Matýskova matematika, 1. díl, strana 45, cvičení 6",wvb4pmB2C88,https://www.youtube.com/watch?v=wvb4pmB2C88
1. díl (aktualiz.),https://www.matyskova-matematika.cz/matyskova-matematika-1-dil-strana-46/,"Matýskova matematika, 1. díl, strana 46, cvičení 1",pnA5VF2xbTI,https://www.youtube.com/watch?v=pnA5VF2xbTI
1. díl (aktualiz.),https://www.matyskova-matematika.cz/matyskova-matematika-1-dil-strana-46/,"Matýskova matematika, 1. díl, strana 46, cvičení 2",7X_-skaWRFw,https://www.youtube.com/watch?v=7X_-skaWRFw
1. díl (aktualiz.),https://www.matyskova-matematika.cz/matyskova-matematika-1-dil-strana-46/,"Matýskova matematika, 1. díl, strana 46, cvičení 3",ZuGFIg-iH0M,https://www.youtube.com/watch?v=ZuGFIg-iH0M
1. díl (aktualiz.),https://www.matyskova-matematika.cz/matyskova-matematika-1-dil-strana-47/,"Matýskova matematika, 1. díl, strana 47, cvičení 1",0wS0Q7AzI0M,https://www.youtube.com/watch?v=0wS0Q7AzI0M
1. díl (aktualiz.),https://www.matyskova-matematika.cz/matyskova-matematika-1-dil-strana-47/,"Matýskova matematika, 1. díl, strana 47, cvičení 2",lLIYjOIxgcI,https://www.youtube.com/watch?v=lLIYjOIxgcI
1. díl (aktualiz.),https://www.matyskova-matematika.cz/matyskova-matematika-1-dil-strana-47/,"Matýskova matematika, 1. díl, strana 47, cvičení 3",jnDYwHQWACU,https://www.youtube.com/watch?v=jnDYwHQWACU
1. díl (aktualiz.),https://www.matyskova-matematika.cz/matyskova-matematika-1-dil-strana-48/,"Matýskova matematika, 1. díl, strana 48, cvičení 1, 2",Fq4_RZTScc0,https://www.youtube.com/watch?v=Fq4_RZTScc0
1. díl (aktualiz.),https://www.matyskova-matematika.cz/matyskova-matematika-1-dil-strana-48/,"Matýskova matematika, 1. díl, strana 48, cvičení 3",M_kk_yJ5l5A,https://www.youtube.com/watch?v=M_kk_yJ5l5A
1. díl (aktualiz.),https://www.matyskova-matematika.cz/matyskova-matematika-1-dil-strana-48/,"Matýskova matematika, 1. díl, strana 48, cvičení 4",685BmpqOoy4,https://www.youtube.com/watch?v=685BmpqOoy4
1. díl (aktualiz.),https://www.matyskova-matematika.cz/matyskova-matematika-1-dil-strana-49/,"Matýskova matematika, 1. díl, strana 49, cvičení 1",pOTI4UperK0,https://www.youtube.com/watch?v=pOTI4UperK0
1. díl (aktualiz.),https://www.matyskova-matematika.cz/matyskova-matematika-1-dil-strana-49/,"Matýskova matematika, 1. díl, strana 49, cvičení 2",EnKfBB3jS3A,https://www.youtube.com/watch?v=EnKfBB3jS3A
1. díl (aktualiz.),https://www.matyskova-matematika.cz/matyskova-matematika-1-dil-strana-49/,"Matýskova matematika, 1. díl, strana 49, cvičení 3",k90aNSGLZGY,https://www.youtube.com/watch?v=k90aNSGLZGY
1. díl (aktualiz.),https://www.matyskova-matematika.cz/matyskova-matematika-1-dil-strana-50/,"Matýskova matematika, 1. díl, strana 50, cvičení 1",uSCmhcp56n0,https://www.youtube.com/watch?v=uSCmhcp56n0
1. díl (aktualiz.),https://www.matyskova-matematika.cz/matyskova-matematika-1-dil-strana-50/,"Matýskova matematika, 1. díl, strana 50, cvičení 2",oH6Ai57MXcE,https://www.youtube.com/watch?v=oH6Ai57MXcE
1. díl (aktualiz.),https://www.matyskova-matematika.cz/matyskova-matematika-1-dil-strana-50/,"Matýskova matematika, 1. díl, strana 50, cvičení 3",U-QB-go5juA,https://www.youtube.com/watch?v=U-QB-go5juA
1. díl (aktualiz.),https://www.matyskova-matematika.cz/matyskova-matematika-1-dil-strana-50/,"Matýskova matematika, 1. díl, strana 50, cvičení 4",t1fZPi_yLXY,https://www.youtube.com/watch?v=t1fZPi_yLXY
1. díl (aktualiz.),https://www.matyskova-matematika.cz/matyskova-matematika-1-dil-strana-51/,"Matýskova matematika, 1. díl, strana 51, cvičení 1",WWqpTS3diuk,https://www.youtube.com/watch?v=WWqpTS3diuk
1. díl (aktualiz.),https://www.matyskova-matematika.cz/matyskova-matematika-1-dil-strana-51/,"Matýskova matematika, 1. díl, strana 51, cvičení 2",HGBdKYR87yE,https://www.youtube.com/watch?v=HGBdKYR87yE
1. díl (aktualiz.),https://www.matyskova-matematika.cz/matyskova-matematika-1-dil-strana-52/,"Matýskova matematika, 1. díl, strana 52, cvičení 1",ZyBVc3vFcLs,https://www.youtube.com/watch?v=ZyBVc3vFcLs
1. díl (aktualiz.),https://www.matyskova-matematika.cz/matyskova-matematika-1-dil-strana-52/,"Matýskova matematika, 1. díl, strana 52, cvičení 2",Yb8xG-NKeOk,https://www.youtube.com/watch?v=Yb8xG-NKeOk
1. díl (aktualiz.),https://www.matyskova-matematika.cz/matyskova-matematika-1-dil-strana-52/,"Matýskova matematika, 1. díl, strana 52, cvičení 3",CV_pbzEw9m0,https://www.youtube.com/watch?v=CV_pbzEw9m0
1. díl (aktualiz.),https://www.matyskova-matematika.cz/matyskova-matematika-1-dil-strana-53/,"Matýskova matematika, 1. díl, strana 53, cvičení 1",-ydqTNvjiEo,https://www.youtube.com/watch?v=-ydqTNvjiEo
1. díl (aktualiz.),https://www.matyskova-matematika.cz/matyskova-matematika-1-dil-strana-53/,"Matýskova matematika, 1. díl, strana 53, cvičení 2",l0pMtC14dYs,https://www.youtube.com/watch?v=l0pMtC14dYs
1. díl (aktualiz.),https://www.matyskova-matematika.cz/matyskova-matematika-1-dil-strana-53/,"Matýskova matematika, 1. díl, strana 53, cvičení 3",mlz0YkJgfJY,https://www.youtube.com/watch?v=mlz0YkJgfJY
1. díl (aktualiz.),https://www.matyskova-matematika.cz/matyskova-matematika-1-dil-strana-54/,"Matýskova matematika, 1. díl, strana 54, cvičení 1",FkIzXKcn_IA,https://www.youtube.com/watch?v=FkIzXKcn_IA
1. díl (aktualiz.),https://www.matyskova-matematika.cz/matyskova-matematika-1-dil-strana-54/,"Matýskova matematika, 1. díl, strana 54, cvičení 2",gffLlZmu8xY,https://www.youtube.com/watch?v=gffLlZmu8xY
1. díl (aktualiz.),https://www.matyskova-matematika.cz/matyskova-matematika-1-dil-strana-54/,"Matýskova matematika, 1. díl, strana 54, cvičení 3",vogSgm9IBa8,https://www.youtube.com/watch?v=vogSgm9IBa8
1. díl (aktualiz.),https://www.matyskova-matematika.cz/matyskova-matematika-1-dil-strana-54/,"Matýskova matematika, 1. díl, strana 54, cvičení 4",yf-WrBj5yaE,https://www.youtube.com/watch?v=yf-WrBj5yaE
1. díl (aktualiz.),https://www.matyskova-matematika.cz/matyskova-matematika-1-dil-strana-55/,"Matýskova matematika, 1. díl, strana 55, cvičení 1",e7b6HDO32CE,https://www.youtube.com/watch?v=e7b6HDO32CE
1. díl (aktualiz.),https://www.matyskova-matematika.cz/matyskova-matematika-1-dil-strana-55/,"Matýskova matematika, 1. díl, strana 55, cvičení 2",shgZFM1b8Ss,https://www.youtube.com/watch?v=shgZFM1b8Ss
1. díl (aktualiz.),https://www.matyskova-matematika.cz/matyskova-matematika-1-dil-strana-55/,"Matýskova matematika, 1. díl, strana 55, cvičení 3",WngeLCV4gZo,https://www.youtube.com/watch?v=WngeLCV4gZo
1. díl (aktualiz.),https://www.matyskova-matematika.cz/matyskova-matematika-1-dil-strana-56/,"Matýskova matematika, 1. díl, strana 56, cvičení 1",Ju66KlYk3Ik,https://www.youtube.com/watch?v=Ju66KlYk3Ik
1. díl (aktualiz.),https://www.matyskova-matematika.cz/matyskova-matematika-1-dil-strana-56/,"Matýskova matematika, 1. díl, strana 56, cvičení 2",NR4UA5cGDn8,https://www.youtube.com/watch?v=NR4UA5cGDn8
1. díl (aktualiz.),https://www.matyskova-matematika.cz/matyskova-matematika-1-dil-strana-56/,"Matýskova matematika, 1. díl, strana 56, cvičení 3",NGAAI4SMOw0,https://www.youtube.com/watch?v=NGAAI4SMOw0
1. díl (aktualiz.),https://www.matyskova-matematika.cz/matyskova-matematika-1-dil-strana-56/,"Matýskova matematika, 1. díl, strana 56, cvičení 4",9-xPhbJzAgM,https://www.youtube.com/watch?v=9-xPhbJzAgM
1. díl (aktualiz.),https://www.matyskova-matematika.cz/matyskova-matematika-1-dil-strana-57/,"Matýskova matematika, 1. díl, strana 57, cvičení 1",auBcPv5pRpA,https://www.youtube.com/watch?v=auBcPv5pRpA
1. díl (aktualiz.),https://www.matyskova-matematika.cz/matyskova-matematika-1-dil-strana-57/,"Matýskova matematika, 1. díl, strana 57, cvičení 2",350UUk8dCwA,https://www.youtube.com/watch?v=350UUk8dCwA
1. díl (aktualiz.),https://www.matyskova-matematika.cz/matyskova-matematika-1-dil-strana-57/,"Matýskova matematika, 1. díl, strana 57, cvičení 3",tFXjYe9T6WA,https://www.youtube.com/watch?v=tFXjYe9T6WA
1. díl (aktualiz.),https://www.matyskova-matematika.cz/matyskova-matematika-1-dil-strana-58/,"Matýskova matematika, 1. díl, strana 58, cvičení 1",H7Vjhtqabmk,https://www.youtube.com/watch?v=H7Vjhtqabmk
1. díl (aktualiz.),https://www.matyskova-matematika.cz/matyskova-matematika-1-dil-strana-58/,"Matýskova matematika, 1. díl, strana 58, cvičení 2",Yq2cY7wQ35o,https://www.youtube.com/watch?v=Yq2cY7wQ35o
1. díl (aktualiz.),https://www.matyskova-matematika.cz/matyskova-matematika-1-dil-strana-58/,"Matýskova matematika, 1. díl, strana 58, cvičení 3",X0LHkE_qJBQ,https://www.youtube.com/watch?v=X0LHkE_qJBQ
1. díl (aktualiz.),https://www.matyskova-matematika.cz/matyskova-matematika-1-dil-strana-59/,"Matýskova matematika, 1. díl, strana 59, cvičení 1",9fRT66LjYFY,https://www.youtube.com/watch?v=9fRT66LjYFY
1. díl (aktualiz.),https://www.matyskova-matematika.cz/matyskova-matematika-1-dil-strana-60/,"Matýskova matematika, 1. díl, strana 60, cvičení 1",h29cUZnuZ0w,https://www.youtube.com/watch?v=h29cUZnuZ0w
2. díl (aktualiz.),https://www.matyskova-matematika.cz/matyskova-matematika-2-dil-strana-1/,"Matýskova matematika, 2. díl, strana 1, cvičení 1",wHMsj2mqyOI,https://www.youtube.com/watch?v=wHMsj2mqyOI
2. díl (aktualiz.),https://www.matyskova-matematika.cz/matyskova-matematika-2-dil-strana-1/,"Matýskova matematika, 2. díl, strana 1, cvičení 2",OfitlT3mBi0,https://www.youtube.com/watch?v=OfitlT3mBi0
2. díl (aktualiz.),https://www.matyskova-matematika.cz/matyskova-matematika-2-dil-strana-1/,"Matýskova matematika, 2. díl, strana 1, cvičení 3",_VWSL5vDVOc,https://www.youtube.com/watch?v=_VWSL5vDVOc
2. díl (aktualiz.),https://www.matyskova-matematika.cz/matyskova-matematika-2-dil-strana-1/,"Matýskova matematika, 2. díl, strana 1, cvičení 4",84QUlDf4zE0,https://www.youtube.com/watch?v=84QUlDf4zE0
2. díl (aktualiz.),https://www.matyskova-matematika.cz/matyskova-matematika-2-dil-strana-2/,"Matýskova matematika, 2. díl, strana 2, cvičení 1",EmlJBhCTtec,https://www.youtube.com/watch?v=EmlJBhCTtec
2. díl (aktualiz.),https://www.matyskova-matematika.cz/matyskova-matematika-2-dil-strana-2/,"Matýskova matematika, 2. díl, strana 2, cvičení 2",kpGI__u1Agg,https://www.youtube.com/watch?v=kpGI__u1Agg
2. díl (aktualiz.),https://www.matyskova-matematika.cz/matyskova-matematika-2-dil-strana-2/,"Matýskova matematika, 2. díl, strana 2, cvičení 3",a13hpNPVXyg,https://www.youtube.com/watch?v=a13hpNPVXyg
2. díl (aktualiz.),https://www.matyskova-matematika.cz/matyskova-matematika-2-dil-strana-2/,"Matýskova matematika, 2. díl, strana 2, cvičení 4",Vh_uLQN61JA,https://www.youtube.com/watch?v=Vh_uLQN61JA
2. díl (aktualiz.),https://www.matyskova-matematika.cz/matyskova-matematika-2-dil-strana-2/,"Matýskova matematika, 2. díl, strana 2, cvičení 5",JTZbmf1XpyY,https://www.youtube.com/watch?v=JTZbmf1XpyY
2. díl (aktualiz.),https://www.matyskova-matematika.cz/matyskova-matematika-2-dil-strana-3/,"Matýskova matematika, 2. díl, strana 3, cvičení 1",ULD7YXU5UFM,https://www.youtube.com/watch?v=ULD7YXU5UFM
2. díl (aktualiz.),https://www.matyskova-matematika.cz/matyskova-matematika-2-dil-strana-3/,"Matýskova matematika, 2. díl, strana 3, cvičení 2",-ryGN3C9DT8,https://www.youtube.com/watch?v=-ryGN3C9DT8
2. díl (aktualiz.),https://www.matyskova-matematika.cz/matyskova-matematika-2-dil-strana-3/,"Matýskova matematika, 2. díl, strana 3, cvičení 3",Yi2B5wll-Rw,https://www.youtube.com/watch?v=Yi2B5wll-Rw
2. díl (aktualiz.),https://www.matyskova-matematika.cz/matyskova-matematika-2-dil-strana-4/,"Matýskova matematika, 2. díl, strana 4, cvičení 1",fFcaRK9GVTs,https://www.youtube.com/watch?v=fFcaRK9GVTs
2. díl (aktualiz.),https://www.matyskova-matematika.cz/matyskova-matematika-2-dil-strana-4/,"Matýskova matematika, 2. díl, strana 4, cvičení 2",V0BbN7_MSck,https://www.youtube.com/watch?v=V0BbN7_MSck
2. díl (aktualiz.),https://www.matyskova-matematika.cz/matyskova-matematika-2-dil-strana-5/,"Matýskova matematika, 2. díl, strana 5, cvičení 1",YnIuGtNdfR8,https://www.youtube.com/watch?v=YnIuGtNdfR8
2. díl (aktualiz.),https://www.matyskova-matematika.cz/matyskova-matematika-2-dil-strana-5/,"Matýskova matematika, 2. díl, strana 5, cvičení 2",aXc7yl5rEBw,https://www.youtube.com/watch?v=aXc7yl5rEBw
2. díl (aktualiz.),https://www.matyskova-matematika.cz/matyskova-matematika-2-dil-strana-5/,"Matýskova matematika, 2. díl, strana 5, cvičení 3",LPDu_gM8GZU,https://www.youtube.com/watch?v=LPDu_gM8GZU
2. díl (aktualiz.),https://www.matyskova-matematika.cz/matyskova-matematika-2-dil-strana-5/,"Matýskova matematika, 2. díl, strana 5, cvičení 4",CSI_dTwqCys,https://www.youtube.com/watch?v=CSI_dTwqCys
2. díl (aktualiz.),https://www.matyskova-matematika.cz/matyskova-matematika-2-dil-strana-6/,"Matýskova matematika, 2. díl, strana 6, cvičení 1",ndvtHxP0VWs,https://www.youtube.com/watch?v=ndvtHxP0VWs
2. díl (aktualiz.),https://www.matyskova-matematika.cz/matyskova-matematika-2-dil-strana-6/,"Matýskova matematika, 2. díl, strana 6, cvičení 2",VO_Kb2hzJs8,https://www.youtube.com/watch?v=VO_Kb2hzJs8
2. díl (aktualiz.),https://www.matyskova-matematika.cz/matyskova-matematika-2-dil-strana-7/,"Matýskova matematika, 2. díl, strana 7, cvičení 1",gsMlFbEaWQ0,https://www.youtube.com/watch?v=gsMlFbEaWQ0
2. díl (aktualiz.),https://www.matyskova-matematika.cz/matyskova-matematika-2-dil-strana-7/,"Matýskova matematika, 2. díl, strana 7, cvičení 2",44Jdsg9CFOQ,https://www.youtube.com/watch?v=44Jdsg9CFOQ
2. díl (aktualiz.),https://www.matyskova-matematika.cz/matyskova-matematika-2-dil-strana-7/,"Matýskova matematika, 2. díl, strana 7, cvičení 3",9wQMK6_rLfs,https://www.youtube.com/watch?v=9wQMK6_rLfs
2. díl (aktualiz.),https://www.matyskova-matematika.cz/matyskova-matematika-2-dil-strana-7/,"Matýskova matematika, 2. díl, strana 7, cvičení 4",5f70hw1Wa-w,https://www.youtube.com/watch?v=5f70hw1Wa-w
2. díl (aktualiz.),https://www.matyskova-matematika.cz/matyskova-matematika-2-dil-strana-8/,"Matýskova matematika, 2. díl, strana 8, cvičení 1",n4Z4mWdlAAo,https://www.youtube.com/watch?v=n4Z4mWdlAAo
2. díl (aktualiz.),https://www.matyskova-matematika.cz/matyskova-matematika-2-dil-strana-8/,"Matýskova matematika, 2. díl, strana 8, cvičení 2",fjg2Q6Cw6nQ,https://www.youtube.com/watch?v=fjg2Q6Cw6nQ
2. díl (aktualiz.),https://www.matyskova-matematika.cz/matyskova-matematika-2-dil-strana-8/,"Matýskova matematika, 2. díl, strana 8, cvičení 3",rY4sEtaYNhs,https://www.youtube.com/watch?v=rY4sEtaYNhs
2. díl (aktualiz.),https://www.matyskova-matematika.cz/matyskova-matematika-2-dil-strana-8/,"Matýskova matematika, 2. díl, strana 8, cvičení 4",6smnc5SdG20,https://www.youtube.com/watch?v=6smnc5SdG20
2. díl (aktualiz.),https://www.matyskova-matematika.cz/matyskova-matematika-2-dil-strana-9/,"Matýskova matematika, 2. díl, strana 9, cvičení 1",FWAf9Dr2M8g,https://www.youtube.com/watch?v=FWAf9Dr2M8g
2. díl (aktualiz.),https://www.matyskova-matematika.cz/matyskova-matematika-2-dil-strana-9/,"Matýskova matematika, 2. díl, strana 9, cvičení 2",8cr7diIQUm0,https://www.youtube.com/watch?v=8cr7diIQUm0
2. díl (aktualiz.),https://www.matyskova-matematika.cz/matyskova-matematika-2-dil-strana-9/,"Matýskova matematika, 2. díl, strana 9, cvičení 3",_5QJfdpMXOw,https://www.youtube.com/watch?v=_5QJfdpMXOw
2. díl (aktualiz.),https://www.matyskova-matematika.cz/matyskova-matematika-2-dil-strana-9/,"Matýskova matematika, 2. díl, strana 9, cvičení 4",BfrXUwW6dBA,https://www.youtube.com/watch?v=BfrXUwW6dBA
2. díl (aktualiz.),https://www.matyskova-matematika.cz/matyskova-matematika-2-dil-strana-9/,"Matýskova matematika, 2. díl, strana 9, cvičení 5",A3UkZNd5g7c,https://www.youtube.com/watch?v=A3UkZNd5g7c
2. díl (aktualiz.),https://www.matyskova-matematika.cz/matyskova-matematika-2-dil-strana-10/,"Matýskova matematika, 2. díl, strana 10, cvičení 1",jfuuDT2NJWM,https://www.youtube.com/watch?v=jfuuDT2NJWM
2. díl (aktualiz.),https://www.matyskova-matematika.cz/matyskova-matematika-2-dil-strana-10/,"Matýskova matematika, 2. díl, strana 10, cvičení 2",UNPEM_GE8UU,https://www.youtube.com/watch?v=UNPEM_GE8UU
2. díl (aktualiz.),https://www.matyskova-matematika.cz/matyskova-matematika-2-dil-strana-11/,"Matýskova matematika, 2. díl, strana 11, cvičení 1",Ddl58GZqz2w,https://www.youtube.com/watch?v=Ddl58GZqz2w
2. díl (aktualiz.),https://www.matyskova-matematika.cz/matyskova-matematika-2-dil-strana-11/,"Matýskova matematika, 2. díl, strana 11, cvičení 2",HCQxDS394sE,https://www.youtube.com/watch?v=HCQxDS394sE
2. díl (aktualiz.),https://www.matyskova-matematika.cz/matyskova-matematika-2-dil-strana-11/,"Matýskova matematika, 2. díl, strana 11, cvičení 3",15I6wR-IoJ8,https://www.youtube.com/watch?v=15I6wR-IoJ8
2. díl (aktualiz.),https://www.matyskova-matematika.cz/matyskova-matematika-2-dil-strana-12/,"Matýskova matematika, 2. díl, strana 12, cvičení 1",OQay2KRX96o,https://www.youtube.com/watch?v=OQay2KRX96o
2. díl (aktualiz.),https://www.matyskova-matematika.cz/matyskova-matematika-2-dil-strana-12/,"Matýskova matematika, 2. díl, strana 12, cvičení 2",dmPdobPpZgw,https://www.youtube.com/watch?v=dmPdobPpZgw
2. díl (aktualiz.),https://www.matyskova-matematika.cz/matyskova-matematika-2-dil-strana-12/,"Matýskova matematika, 2. díl, strana 12, cvičení 3",ulbuGnfcbhs,https://www.youtube.com/watch?v=ulbuGnfcbhs
2. díl (aktualiz.),https://www.matyskova-matematika.cz/matyskova-matematika-2-dil-strana-12/,"Matýskova matematika, 2. díl, strana 12, cvičení 4",4kmmReOMK-Q,https://www.youtube.com/watch?v=4kmmReOMK-Q
2. díl (aktualiz.),https://www.matyskova-matematika.cz/matyskova-matematika-2-dil-strana-13/,"Matýskova matematika, 2. díl, strana 13, cvičení 1",UT0aC-9v52Y,https://www.youtube.com/watch?v=UT0aC-9v52Y
2. díl (aktualiz.),https://www.matyskova-matematika.cz/matyskova-matematika-2-dil-strana-13/,"Matýskova matematika, 2. díl, strana 13, cvičení 2",T3gS90BI75U,https://www.youtube.com/watch?v=T3gS90BI75U
2. díl (aktualiz.),https://www.matyskova-matematika.cz/matyskova-matematika-2-dil-strana-13/,"Matýskova matematika, 2. díl, strana 13, cvičení 3",F__yUP43R5Y,https://www.youtube.com/watch?v=F__yUP43R5Y
2. díl (aktualiz.),https://www.matyskova-matematika.cz/matyskova-matematika-2-dil-strana-13/,"Matýskova matematika, 2. díl, strana 13, cvičení 4",-fi5nRmti98,https://www.youtube.com/watch?v=-fi5nRmti98
2. díl (aktualiz.),https://www.matyskova-matematika.cz/matyskova-matematika-2-dil-strana-13/,"Matýskova matematika, 2. díl, strana 13, cvičení 5",33FZffVGNH8,https://www.youtube.com/watch?v=33FZffVGNH8
2. díl (aktualiz.),https://www.matyskova-matematika.cz/matyskova-matematika-2-dil-strana-14/,"Matýskova matematika, 2. díl, strana 14, cvičení 1",Gfb0sazCUvk,https://www.youtube.com/watch?v=Gfb0sazCUvk
2. díl (aktualiz.),https://www.matyskova-matematika.cz/matyskova-matematika-2-dil-strana-14/,"Matýskova matematika, 2. díl, strana 14, cvičení 2",S4ifsaBRHT4,https://www.youtube.com/watch?v=S4ifsaBRHT4
2. díl (aktualiz.),https://www.matyskova-matematika.cz/matyskova-matematika-2-dil-strana-14/,"Matýskova matematika, 2. díl, strana 14, cvičení 3",WHC5HjiNzVM,https://www.youtube.com/watch?v=WHC5HjiNzVM
2. díl (aktualiz.),https://www.matyskova-matematika.cz/matyskova-matematika-2-dil-strana-15/,"Matýskova matematika, 2. díl, strana 15, cvičení 1",9qjtWTzOmCs,https://www.youtube.com/watch?v=9qjtWTzOmCs
2. díl (aktualiz.),https://www.matyskova-matematika.cz/matyskova-matematika-2-dil-strana-15/,"Matýskova matematika, 2. díl, strana 15, cvičení 2",k4tpIxD4n10,https://www.youtube.com/watch?v=k4tpIxD4n10
2. díl (aktualiz.),https://www.matyskova-matematika.cz/matyskova-matematika-2-dil-strana-16/,"Matýskova matematika, 2. díl, strana 16, cvičení 1",flzTyjsD_xw,https://www.youtube.com/watch?v=flzTyjsD_xw
2. díl (aktualiz.),https://www.matyskova-matematika.cz/matyskova-matematika-2-dil-strana-16/,"Matýskova matematika, 2. díl, strana 16, cvičení 2",90OKQqUSuQg,https://www.youtube.com/watch?v=90OKQqUSuQg
2. díl (aktualiz.),https://www.matyskova-matematika.cz/matyskova-matematika-2-dil-strana-16/,"Matýskova matematika, 2. díl, strana 16, cvičení 3",SaLl0pbWz74,https://www.youtube.com/watch?v=SaLl0pbWz74
2. díl (aktualiz.),https://www.matyskova-matematika.cz/matyskova-matematika-2-dil-strana-16/,"Matýskova matematika, 2. díl, strana 16, cvičení 4",7v_IuwsvjoA,https://www.youtube.com/watch?v=7v_IuwsvjoA
2. díl (aktualiz.),https://www.matyskova-matematika.cz/matyskova-matematika-2-dil-strana-17/,"Matýskova matematika, 2. díl, strana 17, cvičení 1",oEMwuDg7gxs,https://www.youtube.com/watch?v=oEMwuDg7gxs
2. díl (aktualiz.),https://www.matyskova-matematika.cz/matyskova-matematika-2-dil-strana-17/,"Matýskova matematika, 2. díl, strana 17, cvičení 2",QfKXnjeea7I,https://www.youtube.com/watch?v=QfKXnjeea7I
2. díl (aktualiz.),https://www.matyskova-matematika.cz/matyskova-matematika-2-dil-strana-18/,"Matýskova matematika, 2. díl, strana 18, cvičení 1",YOUXYKHIUnc,https://www.youtube.com/watch?v=YOUXYKHIUnc
2. díl (aktualiz.),https://www.matyskova-matematika.cz/matyskova-matematika-2-dil-strana-18/,"Matýskova matematika, 2. díl, strana 18, cvičení 2",17KSy-RssQk,https://www.youtube.com/watch?v=17KSy-RssQk
2. díl (aktualiz.),https://www.matyskova-matematika.cz/matyskova-matematika-2-dil-strana-18/,"Matýskova matematika, 2. díl, strana 18, cvičení 3",2nKwEgZZhCM,https://www.youtube.com/watch?v=2nKwEgZZhCM
2. díl (aktualiz.),https://www.matyskova-matematika.cz/matyskova-matematika-2-dil-strana-18/,"Matýskova matematika, 2. díl, strana 18, cvičení 4",VYYyLGTBRBw,https://www.youtube.com/watch?v=VYYyLGTBRBw
2. díl (aktualiz.),https://www.matyskova-matematika.cz/matyskova-matematika-2-dil-strana-19/,"Matýskova matematika, 2. díl, strana 19, cvičení 1",i9yyhk2NE_g,https://www.youtube.com/watch?v=i9yyhk2NE_g
2. díl (aktualiz.),https://www.matyskova-matematika.cz/matyskova-matematika-2-dil-strana-19/,"Matýskova matematika, 2. díl, strana 19, cvičení 2",Sr3FpYxKb48,https://www.youtube.com/watch?v=Sr3FpYxKb48
2. díl (aktualiz.),https://www.matyskova-matematika.cz/matyskova-matematika-2-dil-strana-19/,"Matýskova matematika, 2. díl, strana 19, cvičení 3",vmHNwBz7Ppk,https://www.youtube.com/watch?v=vmHNwBz7Ppk
2. díl (aktualiz.),https://www.matyskova-matematika.cz/matyskova-matematika-2-dil-strana-19/,"Matýskova matematika, 2. díl, strana 19, cvičení 4",9FCo8OofP1U,https://www.youtube.com/watch?v=9FCo8OofP1U
2. díl (aktualiz.),https://www.matyskova-matematika.cz/matyskova-matematika-2-dil-strana-20/,"Matýskova matematika, 2. díl, strana 20, cvičení 1",BPvPvwwbaHc,https://www.youtube.com/watch?v=BPvPvwwbaHc
2. díl (aktualiz.),https://www.matyskova-matematika.cz/matyskova-matematika-2-dil-strana-20/,"Matýskova matematika, 2. díl, strana 20, cvičení 2",GFkN25I4I4I,https://www.youtube.com/watch?v=GFkN25I4I4I
2. díl (aktualiz.),https://www.matyskova-matematika.cz/matyskova-matematika-2-dil-strana-20/,"Matýskova matematika, 2. díl, strana 20, cvičení 3",3nLkq4_hThg,https://www.youtube.com/watch?v=3nLkq4_hThg
2. díl (aktualiz.),https://www.matyskova-matematika.cz/matyskova-matematika-2-dil-strana-20/,"Matýskova matematika, 2. díl, strana 20, cvičení 4",zykCC90kWK4,https://www.youtube.com/watch?v=zykCC90kWK4
2. díl (aktualiz.),https://www.matyskova-matematika.cz/matyskova-matematika-2-dil-strana-20/,"Matýskova matematika, 2. díl, strana 20, cvičení 5",I1AybC5XKmw,https://www.youtube.com/watch?v=I1AybC5XKmw
2. díl (aktualiz.),https://www.matyskova-matematika.cz/matyskova-matematika-2-dil-strana-21/,"Matýskova matematika, 2. díl, strana 21, cvičení 1",c7iihP5zKnQ,https://www.youtube.com/watch?v=c7iihP5zKnQ
2. díl (aktualiz.),https://www.matyskova-matematika.cz/matyskova-matematika-2-dil-strana-21/,"Matýskova matematika, 2. díl, strana 21, cvičení 2",HLKtu3XqmYg,https://www.youtube.com/watch?v=HLKtu3XqmYg
2. díl (aktualiz.),https://www.matyskova-matematika.cz/matyskova-matematika-2-dil-strana-22/,"Matýskova matematika, 2. díl, strana 22, cvičení 1",4PEopAPJnoo,https://www.youtube.com/watch?v=4PEopAPJnoo
2. díl (aktualiz.),https://www.matyskova-matematika.cz/matyskova-matematika-2-dil-strana-22/,"Matýskova matematika, 2. díl, strana 22, cvičení 2",7kldd5wc6FQ,https://www.youtube.com/watch?v=7kldd5wc6FQ
2. díl (aktualiz.),https://www.matyskova-matematika.cz/matyskova-matematika-2-dil-strana-22/,"Matýskova matematika, 2. díl, strana 22, cvičení 3",kIszPd9eTg8,https://www.youtube.com/watch?v=kIszPd9eTg8
2. díl (aktualiz.),https://www.matyskova-matematika.cz/matyskova-matematika-2-dil-strana-23/,"Matýskova matematika, 2. díl, strana 23, cvičení 1",lxaLZXh5Jq8,https://www.youtube.com/watch?v=lxaLZXh5Jq8
2. díl (aktualiz.),https://www.matyskova-matematika.cz/matyskova-matematika-2-dil-strana-23/,"Matýskova matematika, 2. díl, strana 23, cvičení 2",0n6MqH3h5PE,https://www.youtube.com/watch?v=0n6MqH3h5PE
2. díl (aktualiz.),https://www.matyskova-matematika.cz/matyskova-matematika-2-dil-strana-23/,"Matýskova matematika, 2. díl, strana 23, cvičení 3",S1qIj-q1Axc,https://www.youtube.com/watch?v=S1qIj-q1Axc
2. díl (aktualiz.),https://www.matyskova-matematika.cz/matyskova-matematika-2-dil-strana-23/,"Matýskova matematika, 2. díl, strana 23, cvičení 4",jhkE03GOkcs,https://www.youtube.com/watch?v=jhkE03GOkcs
2. díl (aktualiz.),https://www.matyskova-matematika.cz/matyskova-matematika-2-dil-strana-24/,"Matýskova matematika, 2. díl, strana 24, cvičení 1",9AlljZjjHr4,https://www.youtube.com/watch?v=9AlljZjjHr4
2. díl (aktualiz.),https://www.matyskova-matematika.cz/matyskova-matematika-2-dil-strana-24/,"Matýskova matematika, 2. díl, strana 24, cvičení 2",G6DTkMrd9L0,https://www.youtube.com/watch?v=G6DTkMrd9L0
2. díl (aktualiz.),https://www.matyskova-matematika.cz/matyskova-matematika-2-dil-strana-24/,"Matýskova matematika, 2. díl, strana 24, cvičení 3",PA3MqUoPg4Y,https://www.youtube.com/watch?v=PA3MqUoPg4Y
2. díl (aktualiz.),https://www.matyskova-matematika.cz/matyskova-matematika-2-dil-strana-24/,"Matýskova matematika, 2. díl, strana 24, cvičení 4",OLN38yZLOqo,https://www.youtube.com/watch?v=OLN38yZLOqo
2. díl (aktualiz.),https://www.matyskova-matematika.cz/matyskova-matematika-2-dil-strana-24/,"Matýskova matematika, 2. díl, strana 24, cvičení 5",kvs04tsM1a4,https://www.youtube.com/watch?v=kvs04tsM1a4
2. díl (aktualiz.),https://www.matyskova-matematika.cz/matyskova-matematika-2-dil-strana-25/,"Matýskova matematika, 2. díl, strana 25, cvičení 1",ccxhlTkLfoI,https://www.youtube.com/watch?v=ccxhlTkLfoI
2. díl (aktualiz.),https://www.matyskova-matematika.cz/matyskova-matematika-2-dil-strana-25/,"Matýskova matematika, 2. díl, strana 25, cvičení 2",VsfNRK2qxvQ,https://www.youtube.com/watch?v=VsfNRK2qxvQ
2. díl (aktualiz.),https://www.matyskova-matematika.cz/matyskova-matematika-2-dil-strana-25/,"Matýskova matematika, 2. díl, strana 25, cvičení 3",jSTpEgOPuus,https://www.youtube.com/watch?v=jSTpEgOPuus
2. díl (aktualiz.),https://www.matyskova-matematika.cz/matyskova-matematika-2-dil-strana-26/,"Matýskova matematika, 2. díl, strana 26, cvičení 1",5BD5co4kp-I,https://www.youtube.com/watch?v=5BD5co4kp-I
2. díl (aktualiz.),https://www.matyskova-matematika.cz/matyskova-matematika-2-dil-strana-26/,"Matýskova matematika, 2. díl, strana 26, cvičení 2",typiuOUurKE,https://www.youtube.com/watch?v=typiuOUurKE
2. díl (aktualiz.),https://www.matyskova-matematika.cz/matyskova-matematika-2-dil-strana-26/,"Matýskova matematika, 2. díl, strana 26, cvičení 3",UUnnuO3O81w,https://www.youtube.com/watch?v=UUnnuO3O81w
2. díl (aktualiz.),https://www.matyskova-matematika.cz/matyskova-matematika-2-dil-strana-27/,"Matýskova matematika, 2. díl, strana 27, cvičení 1",UUnfEXVqIcE,https://www.youtube.com/watch?v=UUnfEXVqIcE
2. díl (aktualiz.),https://www.matyskova-matematika.cz/matyskova-matematika-2-dil-strana-27/,"Matýskova matematika, 2. díl, strana 27, cvičení 2",OQb7cypZG2U,https://www.youtube.com/watch?v=OQb7cypZG2U
2. díl (aktualiz.),https://www.matyskova-matematika.cz/matyskova-matematika-2-dil-strana-27/,"Matýskova matematika, 2. díl, strana 27, cvičení 3",MHoL34Xjbuc,https://www.youtube.com/watch?v=MHoL34Xjbuc
2. díl (aktualiz.),https://www.matyskova-matematika.cz/matyskova-matematika-2-dil-strana-27/,"Matýskova matematika, 2. díl, strana 27, cvičení 4",UazQocroRuo,https://www.youtube.com/watch?v=UazQocroRuo
2. díl (aktualiz.),https://www.matyskova-matematika.cz/matyskova-matematika-2-dil-strana-28/,"Matýskova matematika, 2. díl, strana 28, cvičení 1",ejmIOx2a6Vw,https://www.youtube.com/watch?v=ejmIOx2a6Vw
2. díl (aktualiz.),https://www.matyskova-matematika.cz/matyskova-matematika-2-dil-strana-28/,"Matýskova matematika, 2. díl, strana 28, cvičení 2",mpthT1ic4tY,https://www.youtube.com/watch?v=mpthT1ic4tY
2. díl (aktualiz.),https://www.matyskova-matematika.cz/matyskova-matematika-2-dil-strana-28/,"Matýskova matematika, 2. díl, strana 28, cvičení 3",ZoK8v0Gn4pg,https://www.youtube.com/watch?v=ZoK8v0Gn4pg
2. díl (aktualiz.),https://www.matyskova-matematika.cz/matyskova-matematika-2-dil-strana-29/,"Matýskova matematika, 2. díl, strana 29, cvičení 1",IFfQahReNyM,https://www.youtube.com/watch?v=IFfQahReNyM
2. díl (aktualiz.),https://www.matyskova-matematika.cz/matyskova-matematika-2-dil-strana-29/,"Matýskova matematika, 2. díl, strana 29, cvičení 2",5QTNU-dBcwA,https://www.youtube.com/watch?v=5QTNU-dBcwA
2. díl (aktualiz.),https://www.matyskova-matematika.cz/matyskova-matematika-2-dil-strana-29/,"Matýskova matematika, 2. díl, strana 29, cvičení 3",qERgBOZ6L-w,https://www.youtube.com/watch?v=qERgBOZ6L-w
2. díl (aktualiz.),https://www.matyskova-matematika.cz/matyskova-matematika-2-dil-strana-29/,"Matýskova matematika, 2. díl, strana 29, cvičení 4",69k4b8d3vhY,https://www.youtube.com/watch?v=69k4b8d3vhY
2. díl (aktualiz.),https://www.matyskova-matematika.cz/matyskova-matematika-2-dil-strana-30/,"Matýskova matematika, 2. díl, strana 30, cvičení 1",qPHc5aGZzp4,https://www.youtube.com/watch?v=qPHc5aGZzp4
2. díl (aktualiz.),https://www.matyskova-matematika.cz/matyskova-matematika-2-dil-strana-30/,"Matýskova matematika, 2. díl, strana 30, cvičení 2",fEdatJR6Nig,https://www.youtube.com/watch?v=fEdatJR6Nig
2. díl (aktualiz.),https://www.matyskova-matematika.cz/matyskova-matematika-2-dil-strana-30/,"Matýskova matematika, 2. díl, strana 30, cvičení 3",G3pl5MAI5mo,https://www.youtube.com/watch?v=G3pl5MAI5mo
2. díl (aktualiz.),https://www.matyskova-matematika.cz/matyskova-matematika-2-dil-strana-30/,"Matýskova matematika, 2. díl, strana 30, cvičení 4",oGI8mpW57Hc,https://www.youtube.com/watch?v=oGI8mpW57Hc
2. díl (aktualiz.),https://www.matyskova-matematika.cz/matyskova-matematika-2-dil-strana-31/,"Matýskova matematika, 2. díl, strana 31, cvičení 1",NDUqwDXQSKE,https://www.youtube.com/watch?v=NDUqwDXQSKE
2. díl (aktualiz.),https://www.matyskova-matematika.cz/matyskova-matematika-2-dil-strana-31/,"Matýskova matematika, 2. díl, strana 31, cvičení 2",f8cgsg-v-iE,https://www.youtube.com/watch?v=f8cgsg-v-iE
2. díl (aktualiz.),https://www.matyskova-matematika.cz/matyskova-matematika-2-dil-strana-31/,"Matýskova matematika, 2. díl, strana 31, cvičení 3",1GoqbG1Ao2A,https://www.youtube.com/watch?v=1GoqbG1Ao2A
2. díl (aktualiz.),https://www.matyskova-matematika.cz/matyskova-matematika-2-dil-strana-31/,"Matýskova matematika, 2. díl, strana 31, cvičení 4",e-8UwNisfWI,https://www.youtube.com/watch?v=e-8UwNisfWI
2. díl (aktualiz.),https://www.matyskova-matematika.cz/matyskova-matematika-2-dil-strana-31/,"Matýskova matematika, 2. díl, strana 31, cvičení 5",t0hWu08FUE0,https://www.youtube.com/watch?v=t0hWu08FUE0
2. díl (aktualiz.),https://www.matyskova-matematika.cz/matyskova-matematika-2-dil-strana-32/,"Matýskova matematika, 2. díl, strana 32, cvičení 1",7yjbPE6SjMc,https://www.youtube.com/watch?v=7yjbPE6SjMc
2. díl (aktualiz.),https://www.matyskova-matematika.cz/matyskova-matematika-2-dil-strana-32/,"Matýskova matematika, 2. díl, strana 32, cvičení 2",yXymP4_SNbI,https://www.youtube.com/watch?v=yXymP4_SNbI
2. díl (aktualiz.),https://www.matyskova-matematika.cz/matyskova-matematika-2-dil-strana-33/,"Matýskova matematika, 2. díl, strana 33, cvičení 1",ExkqU4GMVJY,https://www.youtube.com/watch?v=ExkqU4GMVJY
2. díl (aktualiz.),https://www.matyskova-matematika.cz/matyskova-matematika-2-dil-strana-33/,"Matýskova matematika, 2. díl, strana 33, cvičení 2",5BLX5WdOJ-U,https://www.youtube.com/watch?v=5BLX5WdOJ-U
2. díl (aktualiz.),https://www.matyskova-matematika.cz/matyskova-matematika-2-dil-strana-33/,"Matýskova matematika, 2. díl, strana 33, cvičení 3",p1hEBRzTPSU,https://www.youtube.com/watch?v=p1hEBRzTPSU
2. díl (aktualiz.),https://www.matyskova-matematika.cz/matyskova-matematika-2-dil-strana-34/,"Matýskova matematika, 2. díl, strana 34, cvičení 1",hyr0I956Xh8,https://www.youtube.com/watch?v=hyr0I956Xh8
2. díl (aktualiz.),https://www.matyskova-matematika.cz/matyskova-matematika-2-dil-strana-34/,"Matýskova matematika, 2. díl, strana 34, cvičení 2",GEvnl6KKzPg,https://www.youtube.com/watch?v=GEvnl6KKzPg
2. díl (aktualiz.),https://www.matyskova-matematika.cz/matyskova-matematika-2-dil-strana-34/,"Matýskova matematika, 2. díl, strana 34, cvičení 3",XVVJT5eV_y4,https://www.youtube.com/watch?v=XVVJT5eV_y4
2. díl (aktualiz.),https://www.matyskova-matematika.cz/matyskova-matematika-2-dil-strana-34/,"Matýskova matematika, 2. díl, strana 34, cvičení 4",zPndabmO0cE,https://www.youtube.com/watch?v=zPndabmO0cE
2. díl (aktualiz.),https://www.matyskova-matematika.cz/matyskova-matematika-2-dil-strana-35/,"Matýskova matematika, 2. díl, strana 35, cvičení 1",i_CHmJy6Zaw,https://www.youtube.com/watch?v=i_CHmJy6Zaw
2. díl (aktualiz.),https://www.matyskova-matematika.cz/matyskova-matematika-2-dil-strana-35/,"Matýskova matematika, 2. díl, strana 35, cvičení 2",y0TvUXwl_Lw,https://www.youtube.com/watch?v=y0TvUXwl_Lw
2. díl (aktualiz.),https://www.matyskova-matematika.cz/matyskova-matematika-2-dil-strana-35/,"Matýskova matematika, 2. díl, strana 35, cvičení 3",FZ66GgXITxE,https://www.youtube.com/watch?v=FZ66GgXITxE
2. díl (aktualiz.),https://www.matyskova-matematika.cz/matyskova-matematika-2-dil-strana-35/,"Matýskova matematika, 2. díl, strana 35, cvičení 4",EHJHoHdhnxY,https://www.youtube.com/watch?v=EHJHoHdhnxY
2. díl (aktualiz.),https://www.matyskova-matematika.cz/matyskova-matematika-2-dil-strana-35/,"Matýskova matematika, 2. díl, strana 35, cvičení 5",3z7J-ROm6q0,https://www.youtube.com/watch?v=3z7J-ROm6q0
2. díl (aktualiz.),https://www.matyskova-matematika.cz/matyskova-matematika-2-dil-strana-36/,"Matýskova matematika, 2. díl, strana 36, cvičení 1",O4kGFiE_r94,https://www.youtube.com/watch?v=O4kGFiE_r94
2. díl (aktualiz.),https://www.matyskova-matematika.cz/matyskova-matematika-2-dil-strana-36/,"Matýskova matematika, 2. díl, strana 36, cvičení 2",3eU4DiiTQws,https://www.youtube.com/watch?v=3eU4DiiTQws
2. díl (aktualiz.),https://www.matyskova-matematika.cz/matyskova-matematika-2-dil-strana-36/,"Matýskova matematika, 2. díl, strana 36, cvičení 3",OaMGERuw0XY,https://www.youtube.com/watch?v=OaMGERuw0XY
2. díl (aktualiz.),https://www.matyskova-matematika.cz/matyskova-matematika-2-dil-strana-37/,"Matýskova matematika, 2. díl, strana 37, cvičení 1",jlJlUNRFnbw,https://www.youtube.com/watch?v=jlJlUNRFnbw
2. díl (aktualiz.),https://www.matyskova-matematika.cz/matyskova-matematika-2-dil-strana-37/,"Matýskova matematika, 2. díl, strana 37, cvičení 2",VKm8AkW19W8,https://www.youtube.com/watch?v=VKm8AkW19W8
2. díl (aktualiz.),https://www.matyskova-matematika.cz/matyskova-matematika-2-dil-strana-38/,"Matýskova matematika, 2. díl, strana 38, cvičení 1",crE8r3tzwNI,https://www.youtube.com/watch?v=crE8r3tzwNI
2. díl (aktualiz.),https://www.matyskova-matematika.cz/matyskova-matematika-2-dil-strana-38/,"Matýskova matematika, 2. díl, strana 38, cvičení 2",crYDEKLrAss,https://www.youtube.com/watch?v=crYDEKLrAss
2. díl (aktualiz.),https://www.matyskova-matematika.cz/matyskova-matematika-2-dil-strana-38/,"Matýskova matematika, 2. díl, strana 38, cvičení 3",-ZNgSI1CBDk,https://www.youtube.com/watch?v=-ZNgSI1CBDk
2. díl (aktualiz.),https://www.matyskova-matematika.cz/matyskova-matematika-2-dil-strana-38/,"Matýskova matematika, 2. díl, strana 38, cvičení 4",MPLhxgCDrrk,https://www.youtube.com/watch?v=MPLhxgCDrrk
2. díl (aktualiz.),https://www.matyskova-matematika.cz/matyskova-matematika-2-dil-strana-39/,"Matýskova matematika, 2. díl, strana 39, cvičení 1",5N2lhIpTVLo,https://www.youtube.com/watch?v=5N2lhIpTVLo
2. díl (aktualiz.),https://www.matyskova-matematika.cz/matyskova-matematika-2-dil-strana-39/,"Matýskova matematika, 2. díl, strana 39, cvičení 2",1P-2Qaztf7U,https://www.youtube.com/watch?v=1P-2Qaztf7U
2. díl (aktualiz.),https://www.matyskova-matematika.cz/matyskova-matematika-2-dil-strana-40/,"Matýskova matematika, 2. díl, strana 40, cvičení 1",IMTQhdbdeI4,https://www.youtube.com/watch?v=IMTQhdbdeI4
2. díl (aktualiz.),https://www.matyskova-matematika.cz/matyskova-matematika-2-dil-strana-40/,"Matýskova matematika, 2. díl, strana 40, cvičení 2",b9xvoK_vQ6g,https://www.youtube.com/watch?v=b9xvoK_vQ6g
2. díl (aktualiz.),https://www.matyskova-matematika.cz/matyskova-matematika-2-dil-strana-40/,"Matýskova matematika, 2. díl, strana 40, cvičení 3",OEeg-joiYUY,https://www.youtube.com/watch?v=OEeg-joiYUY
2. díl (aktualiz.),https://www.matyskova-matematika.cz/matyskova-matematika-2-dil-strana-40/,"Matýskova matematika, 2. díl, strana 40, cvičení 4",T6JF4vnr0Lc,https://www.youtube.com/watch?v=T6JF4vnr0Lc
2. díl (aktualiz.),https://www.matyskova-matematika.cz/matyskova-matematika-2-dil-strana-41/,"Matýskova matematika, 2. díl, strana 41, cvičení 1",wxg7i8NXbAQ,https://www.youtube.com/watch?v=wxg7i8NXbAQ
2. díl (aktualiz.),https://www.matyskova-matematika.cz/matyskova-matematika-2-dil-strana-41/,"Matýskova matematika, 2. díl, strana 41, cvičení 2",3t8-H0OyC34,https://www.youtube.com/watch?v=3t8-H0OyC34
2. díl (aktualiz.),https://www.matyskova-matematika.cz/matyskova-matematika-2-dil-strana-41/,"Matýskova matematika, 2. díl, strana 41, cvičení 3",RNJw24dt6B4,https://www.youtube.com/watch?v=RNJw24dt6B4
2. díl (aktualiz.),https://www.matyskova-matematika.cz/matyskova-matematika-2-dil-strana-41/,"Matýskova matematika, 2. díl, strana 41, cvičení 4",ey8cEccApMM,https://www.youtube.com/watch?v=ey8cEccApMM
2. díl (aktualiz.),https://www.matyskova-matematika.cz/matyskova-matematika-2-dil-strana-42/,"Matýskova matematika, 2. díl, strana 42, cvičení 1",K5zyiDAbwqo,https://www.youtube.com/watch?v=K5zyiDAbwqo
2. díl (aktualiz.),https://www.matyskova-matematika.cz/matyskova-matematika-2-dil-strana-42/,"Matýskova matematika, 2. díl, strana 42, cvičení 2",yIz6IMEptwg,https://www.youtube.com/watch?v=yIz6IMEptwg
2. díl (aktualiz.),https://www.matyskova-matematika.cz/matyskova-matematika-2-dil-strana-42/,"Matýskova matematika, 2. díl, strana 42, cvičení 3",YaiGkqRAogU,https://www.youtube.com/watch?v=YaiGkqRAogU
2. díl (aktualiz.),https://www.matyskova-matematika.cz/matyskova-matematika-2-dil-strana-42/,"Matýskova matematika, 2. díl, strana 42, cvičení 4",vdEawq1RIes,https://www.youtube.com/watch?v=vdEawq1RIes
2. díl (aktualiz.),https://www.matyskova-matematika.cz/matyskova-matematika-2-dil-strana-42/,"Matýskova matematika, 2. díl, strana 42, cvičení 5",329u0-3EVYE,https://www.youtube.com/watch?v=329u0-3EVYE
2. díl (aktualiz.),https://www.matyskova-matematika.cz/matyskova-matematika-2-dil-strana-43/,"Matýskova matematika, 2. díl, strana 43, cvičení 1",MzXQMgA8kAk,https://www.youtube.com/watch?v=MzXQMgA8kAk
2. díl (aktualiz.),https://www.matyskova-matematika.cz/matyskova-matematika-2-dil-strana-43/,"Matýskova matematika, 2. díl, strana 43, cvičení 2",4eSHW-jAlIU,https://www.youtube.com/watch?v=4eSHW-jAlIU
2. díl (aktualiz.),https://www.matyskova-matematika.cz/matyskova-matematika-2-dil-strana-44/,"Matýskova matematika, 2. díl, strana 44, cvičení 1",ZkWSApDZRrU,https://www.youtube.com/watch?v=ZkWSApDZRrU
2. díl (aktualiz.),https://www.matyskova-matematika.cz/matyskova-matematika-2-dil-strana-44/,"Matýskova matematika, 2. díl, strana 44, cvičení 2",Fc37Q2n7Dpc,https://www.youtube.com/watch?v=Fc37Q2n7Dpc
2. díl (aktualiz.),https://www.matyskova-matematika.cz/matyskova-matematika-2-dil-strana-44/,"Matýskova matematika, 2. díl, strana 45, cvičení 3",bQfRtKXGEdI,https://www.youtube.com/watch?v=bQfRtKXGEdI
2. díl (aktualiz.),https://www.matyskova-matematika.cz/matyskova-matematika-2-dil-strana-45/,"Matýskova matematika, 2. díl, strana 45, cvičení 1",AsFs-qmOhwc,https://www.youtube.com/watch?v=AsFs-qmOhwc
2. díl (aktualiz.),https://www.matyskova-matematika.cz/matyskova-matematika-2-dil-strana-45/,"Matýskova matematika, 2. díl, strana 45, cvičení 2",fRCgnozAPdY,https://www.youtube.com/watch?v=fRCgnozAPdY
2. díl (aktualiz.),https://www.matyskova-matematika.cz/matyskova-matematika-2-dil-strana-45/,"Matýskova matematika, 2. díl, strana 45, cvičení 3",RCzgik3qoRw,https://www.youtube.com/watch?v=RCzgik3qoRw
2. díl (aktualiz.),https://www.matyskova-matematika.cz/matyskova-matematika-2-dil-strana-45/,"Matýskova matematika, 2. díl, strana 45, cvičení 4",TZIua91QANo,https://www.youtube.com/watch?v=TZIua91QANo
2. díl (aktualiz.),https://www.matyskova-matematika.cz/matyskova-matematika-2-dil-strana-46/,"Matýskova matematika, 2. díl, strana 46, cvičení 1",BnyZU3pOoE8,https://www.youtube.com/watch?v=BnyZU3pOoE8
2. díl (aktualiz.),https://www.matyskova-matematika.cz/matyskova-matematika-2-dil-strana-46/,"Matýskova matematika, 2. díl, strana 46, cvičení 2",89pFXrx9gmY,https://www.youtube.com/watch?v=89pFXrx9gmY
2. díl (aktualiz.),https://www.matyskova-matematika.cz/matyskova-matematika-2-dil-strana-46/,"Matýskova matematika, 2. díl, strana 46, cvičení 3",AI3792ntCp8,https://www.youtube.com/watch?v=AI3792ntCp8
2. díl (aktualiz.),https://www.matyskova-matematika.cz/matyskova-matematika-2-dil-strana-46/,"Matýskova matematika, 2. díl, strana 46, cvičení 4",DN3R_XBcvh8,https://www.youtube.com/watch?v=DN3R_XBcvh8
2. díl (aktualiz.),https://www.matyskova-matematika.cz/matyskova-matematika-2-dil-strana-46/,"Matýskova matematika, 2. díl, strana 46, cvičení 5",Ma5vnVQJmyo,https://www.youtube.com/watch?v=Ma5vnVQJmyo
2. díl (aktualiz.),https://www.matyskova-matematika.cz/matyskova-matematika-2-dil-strana-47/,"Matýskova matematika, 2. díl, strana 47, cvičení 1",580EGl8NG5w,https://www.youtube.com/watch?v=580EGl8NG5w
2. díl (aktualiz.),https://www.matyskova-matematika.cz/matyskova-matematika-2-dil-strana-47/,"Matýskova matematika, 2. díl, strana 47, cvičení 2",PeCZzq6IdTM,https://www.youtube.com/watch?v=PeCZzq6IdTM
2. díl (aktualiz.),https://www.matyskova-matematika.cz/matyskova-matematika-2-dil-strana-47/,"Matýskova matematika, 2. díl, strana 47, cvičení 3",dxx6PKwSOZE,https://www.youtube.com/watch?v=dxx6PKwSOZE
2. díl (aktualiz.),https://www.matyskova-matematika.cz/matyskova-matematika-2-dil-strana-48/,"Matýskova matematika, 2. díl, strana 48, cvičení 1",H9t6prvwLqg,https://www.youtube.com/watch?v=H9t6prvwLqg
2. díl (aktualiz.),https://www.matyskova-matematika.cz/matyskova-matematika-2-dil-strana-48/,"Matýskova matematika, 2. díl, strana 48, cvičení 2",0RLmJ1s5dhw,https://www.youtube.com/watch?v=0RLmJ1s5dhw
2. díl (aktualiz.),https://www.matyskova-matematika.cz/matyskova-matematika-2-dil-strana-49/,"Matýskova matematika, 2. díl, strana 49, cvičení 1",Zha0U7_HgtA,https://www.youtube.com/watch?v=Zha0U7_HgtA
2. díl (aktualiz.),https://www.matyskova-matematika.cz/matyskova-matematika-2-dil-strana-49/,"Matýskova matematika, 2. díl, strana 49, cvičení 2",YctMzPU2KAg,https://www.youtube.com/watch?v=YctMzPU2KAg
2. díl (aktualiz.),https://www.matyskova-matematika.cz/matyskova-matematika-2-dil-strana-49/,"Matýskova matematika, 2. díl, strana 49, cvičení 3",x264zdOI3EY,https://www.youtube.com/watch?v=x264zdOI3EY
2. díl (aktualiz.),https://www.matyskova-matematika.cz/matyskova-matematika-2-dil-strana-49/,"Matýskova matematika, 2. díl, strana 49, cvičení 4",A2rpTO291u4,https://www.youtube.com/watch?v=A2rpTO291u4
2. díl (aktualiz.),https://www.matyskova-matematika.cz/matyskova-matematika-2-dil-strana-50/,"Matýskova matematika, 2. díl, strana 50, cvičení 1",jBVnQgvZuIU,https://www.youtube.com/watch?v=jBVnQgvZuIU
2. díl (aktualiz.),https://www.matyskova-matematika.cz/matyskova-matematika-2-dil-strana-50/,"Matýskova matematika, 2. díl, strana 50, cvičení 2",o93r285YEUc,https://www.youtube.com/watch?v=o93r285YEUc
2. díl (aktualiz.),https://www.matyskova-matematika.cz/matyskova-matematika-2-dil-strana-51/,"Matýskova matematika, 2. díl, strana 51, cvičení 1",5jMeOublguY,https://www.youtube.com/watch?v=5jMeOublguY
2. díl (aktualiz.),https://www.matyskova-matematika.cz/matyskova-matematika-2-dil-strana-51/,"Matýskova matematika, 2. díl, strana 51, cvičení 2",IVe3yiprzSs,https://www.youtube.com/watch?v=IVe3yiprzSs
2. díl (aktualiz.),https://www.matyskova-matematika.cz/matyskova-matematika-2-dil-strana-51/,"Matýskova matematika, 2. díl, strana 51, cvičení 3",eE62sn6SlNk,https://www.youtube.com/watch?v=eE62sn6SlNk
2. díl (aktualiz.),https://www.matyskova-matematika.cz/matyskova-matematika-2-dil-strana-51/,"Matýskova matematika, 2. díl, strana 51, cvičení 4",K4yhGPMHxUQ,https://www.youtube.com/watch?v=K4yhGPMHxUQ
2. díl (aktualiz.),https://www.matyskova-matematika.cz/matyskova-matematika-2-dil-strana-52/,"Matýskova matematika, 2. díl, strana 52, cvičení 1",8ZdgEZKnRXQ,https://www.youtube.com/watch?v=8ZdgEZKnRXQ
2. díl (aktualiz.),https://www.matyskova-matematika.cz/matyskova-matematika-2-dil-strana-52/,"Matýskova matematika, 2. díl, strana 52, cvičení 2",KAxTrDJierk,https://www.youtube.com/watch?v=KAxTrDJierk
2. díl (aktualiz.),https://www.matyskova-matematika.cz/matyskova-matematika-2-dil-strana-52/,"Matýskova matematika, 2. díl, strana 52, cvičení 3",hjK6vEHA5WM,https://www.youtube.com/watch?v=hjK6vEHA5WM
2. díl (aktualiz.),https://www.matyskova-matematika.cz/matyskova-matematika-2-dil-strana-52/,"Matýskova matematika, 2. díl, strana 52, cvičení 4",GFbgW4ipVyI,https://www.youtube.com/watch?v=GFbgW4ipVyI
2. díl (aktualiz.),https://www.matyskova-matematika.cz/matyskova-matematika-2-dil-strana-53/,"Matýskova matematika, 2. díl, strana 53, cvičení 1",qKrMC5Rut58,https://www.youtube.com/watch?v=qKrMC5Rut58
2. díl (aktualiz.),https://www.matyskova-matematika.cz/matyskova-matematika-2-dil-strana-53/,"Matýskova matematika, 2. díl, strana 53, cvičení 2",xu6frCxkO8Q,https://www.youtube.com/watch?v=xu6frCxkO8Q
2. díl (aktualiz.),https://www.matyskova-matematika.cz/matyskova-matematika-2-dil-strana-53/,"Matýskova matematika, 2. díl, strana 53, cvičení 3",_VpTBLGGP58,https://www.youtube.com/watch?v=_VpTBLGGP58
2. díl (aktualiz.),https://www.matyskova-matematika.cz/matyskova-matematika-2-dil-strana-53/,"Matýskova matematika, 2. díl, strana 53, cvičení 4",7jrhLXgzzIU,https://www.youtube.com/watch?v=7jrhLXgzzIU
2. díl (aktualiz.),https://www.matyskova-matematika.cz/matyskova-matematika-2-dil-strana-53/,"Matýskova matematika, 2. díl, strana 53, cvičení 5",JN6yST_KgW4,https://www.youtube.com/watch?v=JN6yST_KgW4
2. díl (aktualiz.),https://www.matyskova-matematika.cz/matyskova-matematika-2-dil-strana-54/,"Matýskova matematika, 2. díl, strana 54, cvičení 1",k3mUr-0d6bA,https://www.youtube.com/watch?v=k3mUr-0d6bA
2. díl (aktualiz.),https://www.matyskova-matematika.cz/matyskova-matematika-2-dil-strana-54/,"Matýskova matematika, 2. díl, strana 54, cvičení 2",2X6hjwrigy0,https://www.youtube.com/watch?v=2X6hjwrigy0
2. díl (aktualiz.),https://www.matyskova-matematika.cz/matyskova-matematika-2-dil-strana-55/,"Matýskova matematika, 2. díl, strana 55, cvičení 1",rgi6vHlUABc,https://www.youtube.com/watch?v=rgi6vHlUABc
2. díl (aktualiz.),https://www.matyskova-matematika.cz/matyskova-matematika-2-dil-strana-55/,"Matýskova matematika, 2. díl, strana 55, cvičení 2",CLAU6GcwcVs,https://www.youtube.com/watch?v=CLAU6GcwcVs
2. díl (aktualiz.),https://www.matyskova-matematika.cz/matyskova-matematika-2-dil-strana-55/,"Matýskova matematika, 2. díl, strana 55, cvičení 3",-hhrnS5R1wI,https://www.youtube.com/watch?v=-hhrnS5R1wI
2. díl (aktualiz.),https://www.matyskova-matematika.cz/matyskova-matematika-2-dil-strana-56/,"Matýskova matematika, 2. díl, strana 56, cvičení 1",gIHiyc_6IMc,https://www.youtube.com/watch?v=gIHiyc_6IMc
2. díl (aktualiz.),https://www.matyskova-matematika.cz/matyskova-matematika-2-dil-strana-56/,"Matýskova matematika, 2. díl, strana 56, cvičení 2",ioWNszpZG_8,https://www.youtube.com/watch?v=ioWNszpZG_8
2. díl (aktualiz.),https://www.matyskova-matematika.cz/matyskova-matematika-2-dil-strana-56/,"Matýskova matematika, 2. díl, strana 56, cvičení 3",wak0ONWszAc,https://www.youtube.com/watch?v=wak0ONWszAc
2. díl (aktualiz.),https://www.matyskova-matematika.cz/matyskova-matematika-2-dil-strana-56/,"Matýskova matematika, 2. díl, strana 56, cvičení 4",DhmxNkdDYOQ,https://www.youtube.com/watch?v=DhmxNkdDYOQ
2. díl (aktualiz.),https://www.matyskova-matematika.cz/matyskova-matematika-2-dil-strana-57/,"Matýskova matematika, 2. díl, strana 57, cvičení 1",3eWo1iHEMwc,https://www.youtube.com/watch?v=3eWo1iHEMwc
2. díl (aktualiz.),https://www.matyskova-matematika.cz/matyskova-matematika-2-dil-strana-57/,"Matýskova matematika, 2. díl, strana 57, cvičení 2",xUXZbhb8EqI,https://www.youtube.com/watch?v=xUXZbhb8EqI
2. díl (aktualiz.),https://www.matyskova-matematika.cz/matyskova-matematika-2-dil-strana-58/,"Matýskova matematika, 2. díl, strana 58, cvičení 1",xRmS1aV1dlw,https://www.youtube.com/watch?v=xRmS1aV1dlw
2. díl (aktualiz.),https://www.matyskova-matematika.cz/matyskova-matematika-2-dil-strana-58/,"Matýskova matematika, 2. díl, strana 58, cvičení 2",b6Ql5ENm9lc,https://www.youtube.com/watch?v=b6Ql5ENm9lc
2. díl (aktualiz.),https://www.matyskova-matematika.cz/matyskova-matematika-2-dil-strana-58/,"Matýskova matematika, 2. díl, strana 58, cvičení 3",4TxBO0E1bxk,https://www.youtube.com/watch?v=4TxBO0E1bxk
2. díl (aktualiz.),https://www.matyskova-matematika.cz/matyskova-matematika-2-dil-strana-58/,"Matýskova matematika, 2. díl, strana 58, cvičení 4",bpkDy4JeySk,https://www.youtube.com/watch?v=bpkDy4JeySk
2. díl (aktualiz.),https://www.matyskova-matematika.cz/matyskova-matematika-2-dil-strana-59/,"Matýskova matematika, 2. díl, strana 59, cvičení 1",HDGThUBTSsY,https://www.youtube.com/watch?v=HDGThUBTSsY
2. díl (aktualiz.),https://www.matyskova-matematika.cz/matyskova-matematika-2-dil-strana-59/,"Matýskova matematika, 2. díl, strana 59, cvičení 2",cTdRS1rzU9U,https://www.youtube.com/watch?v=cTdRS1rzU9U
2. díl (aktualiz.),https://www.matyskova-matematika.cz/matyskova-matematika-2-dil-strana-59/,"Matýskova matematika, 2. díl, strana 59, cvičení 3",mMW5nozY-0M,https://www.youtube.com/watch?v=mMW5nozY-0M
2. díl (aktualiz.),https://www.matyskova-matematika.cz/matyskova-matematika-2-dil-strana-60/,"Matýskova matematika, 2. díl, strana 60, cvičení 1",YY2N9WHptVg,https://www.youtube.com/watch?v=YY2N9WHptVg
4. díl (aktualiz.),https://www.matyskova-matematika.cz/matyskova-matematika-4-dil-strana-1/,"Matýskova matematika, 4. díl, strana 1, cvičení 1",9UclexhFV-w,https://www.youtube.com/watch?v=9UclexhFV-w
4. díl (aktualiz.),https://www.matyskova-matematika.cz/matyskova-matematika-4-dil-strana-1/,"Matýskova matematika, 4. díl, strana 1, cvičení 2",jqts24x9_S4,https://www.youtube.com/watch?v=jqts24x9_S4
4. díl (aktualiz.),https://www.matyskova-matematika.cz/matyskova-matematika-4-dil-strana-1/,"Matýskova matematika, 4. díl, strana 1, cvičení 3",yQqf-Otum1E,https://www.youtube.com/watch?v=yQqf-Otum1E
4. díl (aktualiz.),https://www.matyskova-matematika.cz/matyskova-matematika-4-dil-strana-1/,"Matýskova matematika, 4. díl, strana 1, cvičení 4",WfsDAr7OJ2s,https://www.youtube.com/watch?v=WfsDAr7OJ2s
4. díl (aktualiz.),https://www.matyskova-matematika.cz/matyskova-matematika-4-dil-strana-1/,"Matýskova matematika, 4. díl, strana 1, cvičení 5",RO09y60rISI,https://www.youtube.com/watch?v=RO09y60rISI
4. díl (aktualiz.),https://www.matyskova-matematika.cz/matyskova-matematika-4-dil-strana-2/,"Matýskova matematika, 4. díl, strana 2, cvičení 1",lgJFsJ1ep-Y,https://www.youtube.com/watch?v=lgJFsJ1ep-Y
4. díl (aktualiz.),https://www.matyskova-matematika.cz/matyskova-matematika-4-dil-strana-2/,"Matýskova matematika, 4. díl, strana 2, cvičení 2",o8AmOTiZ0AM,https://www.youtube.com/watch?v=o8AmOTiZ0AM
4. díl (aktualiz.),https://www.matyskova-matematika.cz/matyskova-matematika-4-dil-strana-2/,"Matýskova matematika, 4. díl, strana 2, cvičení 3",HI4evEd6QJg,https://www.youtube.com/watch?v=HI4evEd6QJg
4. díl (aktualiz.),https://www.matyskova-matematika.cz/matyskova-matematika-4-dil-strana-2/,"Matýskova matematika, 4. díl, strana 2, cvičení 4",CoRLz_SOtRo,https://www.youtube.com/watch?v=CoRLz_SOtRo
4. díl (aktualiz.),https://www.matyskova-matematika.cz/matyskova-matematika-4-dil-strana-2/,"Matýskova matematika, 4. díl, strana 2, cvičení 5",sI67UwHn868,https://www.youtube.com/watch?v=sI67UwHn868
4. díl (aktualiz.),https://www.matyskova-matematika.cz/matyskova-matematika-4-dil-strana-3/,"Matýskova matematika, 4. díl, strana 3, cvičení 1",hnhu0bFi3h0,https://www.youtube.com/watch?v=hnhu0bFi3h0
4. díl (aktualiz.),https://www.matyskova-matematika.cz/matyskova-matematika-4-dil-strana-3/,"Matýskova matematika, 4. díl, strana 3, cvičení 2",-gXAzT8fCFg,https://www.youtube.com/watch?v=-gXAzT8fCFg
4. díl (aktualiz.),https://www.matyskova-matematika.cz/matyskova-matematika-4-dil-strana-3/,"Matýskova matematika, 4. díl, strana 3, cvičení 3",M4zgQvx2CbE,https://www.youtube.com/watch?v=M4zgQvx2CbE
4. díl (aktualiz.),https://www.matyskova-matematika.cz/matyskova-matematika-4-dil-strana-3/,"Matýskova matematika, 4. díl, strana 3, cvičení 4",Op3WJg3fc60,https://www.youtube.com/watch?v=Op3WJg3fc60
4. díl (aktualiz.),https://www.matyskova-matematika.cz/matyskova-matematika-4-dil-strana-3/,"Matýskova matematika, 4. díl, strana 3, cvičení 5",aWA8_IGT5RU,https://www.youtube.com/watch?v=aWA8_IGT5RU
4. díl (aktualiz.),https://www.matyskova-matematika.cz/matyskova-matematika-4-dil-strana-4/,"Matýskova matematika, 4. díl, strana 4, cvičení 1",8z3jC5kroHY,https://www.youtube.com/watch?v=8z3jC5kroHY
4. díl (aktualiz.),https://www.matyskova-matematika.cz/matyskova-matematika-4-dil-strana-4/,"Matýskova matematika, 4. díl, strana 4, cvičení 2",IIOFpQBT9vQ,https://www.youtube.com/watch?v=IIOFpQBT9vQ
4. díl (aktualiz.),https://www.matyskova-matematika.cz/matyskova-matematika-4-dil-strana-4/,"Matýskova matematika, 4. díl, strana 4, cvičení 3",LJO5R4NT3J4,https://www.youtube.com/watch?v=LJO5R4NT3J4
4. díl (aktualiz.),https://www.matyskova-matematika.cz/matyskova-matematika-4-dil-strana-4/,"Matýskova matematika, 4. díl, strana 4, cvičení 4",tNoRi7rh_0I,https://www.youtube.com/watch?v=tNoRi7rh_0I
4. díl (aktualiz.),https://www.matyskova-matematika.cz/matyskova-matematika-4-dil-strana-4/,"Matýskova matematika, 4. díl, strana 4, cvičení 5",-x-uL6gxl2Y,https://www.youtube.com/watch?v=-x-uL6gxl2Y
4. díl (aktualiz.),https://www.matyskova-matematika.cz/matyskova-matematika-4-dil-strana-5/,"Matýskova matematika, 4. díl, strana 5, cvičení 1",E7nB1SYhIOg,https://www.youtube.com/watch?v=E7nB1SYhIOg
4. díl (aktualiz.),https://www.matyskova-matematika.cz/matyskova-matematika-4-dil-strana-5/,"Matýskova matematika, 4. díl, strana 5, cvičení 2",uqQH9rdFD_s,https://www.youtube.com/watch?v=uqQH9rdFD_s
4. díl (aktualiz.),https://www.matyskova-matematika.cz/matyskova-matematika-4-dil-strana-5/,"Matýskova matematika, 4. díl, strana 5, cvičení 3",YTxu2bL0ckw,https://www.youtube.com/watch?v=YTxu2bL0ckw
4. díl (aktualiz.),https://www.matyskova-matematika.cz/matyskova-matematika-4-dil-strana-5/,"Matýskova matematika, 4. díl, strana 5, cvičení 4",oCnLqxZLvtk,https://www.youtube.com/watch?v=oCnLqxZLvtk
4. díl (aktualiz.),https://www.matyskova-matematika.cz/matyskova-matematika-4-dil-strana-5/,"Matýskova matematika, 4. díl, strana 5, cvičení 5",YvSwN8trt0w,https://www.youtube.com/watch?v=YvSwN8trt0w
4. díl (aktualiz.),https://www.matyskova-matematika.cz/matyskova-matematika-4-dil-strana-6/,"Matýskova matematika, 4. díl, strana 6, cvičení 1",xbW2HjUgqSI,https://www.youtube.com/watch?v=xbW2HjUgqSI
4. díl (aktualiz.),https://www.matyskova-matematika.cz/matyskova-matematika-4-dil-strana-6/,"Matýskova matematika, 4. díl, strana 6, cvičení 2",WIDawm1YgLs,https://www.youtube.com/watch?v=WIDawm1YgLs
4. díl (aktualiz.),https://www.matyskova-matematika.cz/matyskova-matematika-4-dil-strana-6/,"Matýskova matematika, 4. díl, strana 6, cvičení 3",_VLJTtxF0C4,https://www.youtube.com/watch?v=_VLJTtxF0C4
4. díl (aktualiz.),https://www.matyskova-matematika.cz/matyskova-matematika-4-dil-strana-6/,"Matýskova matematika, 4. díl, strana 6, cvičení 4",Icgjeq8v5Bo,https://www.youtube.com/watch?v=Icgjeq8v5Bo
4. díl (aktualiz.),https://www.matyskova-matematika.cz/matyskova-matematika-4-dil-strana-6/,"Matýskova matematika, 4. díl, strana 6, cvičení 5",31_u74Y8XJg,https://www.youtube.com/watch?v=31_u74Y8XJg
4. díl (aktualiz.),https://www.matyskova-matematika.cz/matyskova-matematika-4-dil-strana-7/,"Matýskova matematika, 4. díl, strana 7, cvičení 1",EdH7kz5aB_4,https://www.youtube.com/watch?v=EdH7kz5aB_4
4. díl (aktualiz.),https://www.matyskova-matematika.cz/matyskova-matematika-4-dil-strana-7/,"Matýskova matematika, 4. díl, strana 7, cvičení 2",xaGzEis5e2U,https://www.youtube.com/watch?v=xaGzEis5e2U
4. díl (aktualiz.),https://www.matyskova-matematika.cz/matyskova-matematika-4-dil-strana-7/,"Matýskova matematika, 4. díl, strana 7, cvičení 3",ox_X2R48YuY,https://www.youtube.com/watch?v=ox_X2R48YuY
4. díl (aktualiz.),https://www.matyskova-matematika.cz/matyskova-matematika-4-dil-strana-7/,"Matýskova matematika, 4. díl, strana 7, cvičení 4",tD4S5LP3TtQ,https://www.youtube.com/watch?v=tD4S5LP3TtQ
4. díl (aktualiz.),https://www.matyskova-matematika.cz/matyskova-matematika-4-dil-strana-7/,"Matýskova matematika, 4. díl, strana 7, cvičení 5",VLZtlc9iB1M,https://www.youtube.com/watch?v=VLZtlc9iB1M
4. díl (aktualiz.),https://www.matyskova-matematika.cz/matyskova-matematika-4-dil-strana-7/,"Matýskova matematika, 4. díl, strana 7, cvičení 6",BlZIJNrHu48,https://www.youtube.com/watch?v=BlZIJNrHu48
4. díl (aktualiz.),https://www.matyskova-matematika.cz/matyskova-matematika-4-dil-strana-8/,"Matýskova matematika, 4. díl, strana 8, cvičení 1",ULPGYgk1LHk,https://www.youtube.com/watch?v=ULPGYgk1LHk
4. díl (aktualiz.),https://www.matyskova-matematika.cz/matyskova-matematika-4-dil-strana-8/,"Matýskova matematika, 4. díl, strana 8, cvičení 2",SLu28J_eqvw,https://www.youtube.com/watch?v=SLu28J_eqvw
4. díl (aktualiz.),https://www.matyskova-matematika.cz/matyskova-matematika-4-dil-strana-8/,"Matýskova matematika, 4. díl, strana 8, cvičení 3",5OyXVpftW8g,https://www.youtube.com/watch?v=5OyXVpftW8g
4. díl (aktualiz.),https://www.matyskova-matematika.cz/matyskova-matematika-4-dil-strana-9/,"Matýskova matematika, 4. díl, strana 9, cvičení 1",A3scf12gTdk,https://www.youtube.com/watch?v=A3scf12gTdk
4. díl (aktualiz.),https://www.matyskova-matematika.cz/matyskova-matematika-4-dil-strana-9/,"Matýskova matematika, 4. díl, strana 9, cvičení 2",B7E8Sn8p7g8,https://www.youtube.com/watch?v=B7E8Sn8p7g8
4. díl (aktualiz.),https://www.matyskova-matematika.cz/matyskova-matematika-4-dil-strana-9/,"Matýskova matematika, 4. díl, strana 9, cvičení 3",7oElpqppdg4,https://www.youtube.com/watch?v=7oElpqppdg4
4. díl (aktualiz.),https://www.matyskova-matematika.cz/matyskova-matematika-4-dil-strana-10/,"Matýskova matematika, 4. díl, strana 10, cvičení 1",b47qvQk5fio,https://www.youtube.com/watch?v=b47qvQk5fio
4. díl (aktualiz.),https://www.matyskova-matematika.cz/matyskova-matematika-4-dil-strana-10/,"Matýskova matematika, 4. díl, strana 10, cvičení 2",rxrRDncipL8,https://www.youtube.com/watch?v=rxrRDncipL8
4. díl (aktualiz.),https://www.matyskova-matematika.cz/matyskova-matematika-4-dil-strana-10/,"Matýskova matematika, 4. díl, strana 10, cvičení 3",Wr1HkqbGZWU,https://www.youtube.com/watch?v=Wr1HkqbGZWU
4. díl (aktualiz.),https://www.matyskova-matematika.cz/matyskova-matematika-4-dil-strana-11/,"Matýskova matematika, 4. díl, strana 11, cvičení 1",_t0JFnmrR_A,https://www.youtube.com/watch?v=_t0JFnmrR_A
4. díl (aktualiz.),https://www.matyskova-matematika.cz/matyskova-matematika-4-dil-strana-11/,"Matýskova matematika, 4. díl, strana 11, cvičení 2",05zq9KfP1r4,https://www.youtube.com/watch?v=05zq9KfP1r4
4. díl (aktualiz.),https://www.matyskova-matematika.cz/matyskova-matematika-4-dil-strana-11/,"Matýskova matematika, 4. díl, strana 11, cvičení 3",rN7_RVSewKw,https://www.youtube.com/watch?v=rN7_RVSewKw
4. díl (aktualiz.),https://www.matyskova-matematika.cz/matyskova-matematika-4-dil-strana-12/,"Matýskova matematika, 4. díl, strana 12, cvičení 1",q0Lrw_5HlFs,https://www.youtube.com/watch?v=q0Lrw_5HlFs
4. díl (aktualiz.),https://www.matyskova-matematika.cz/matyskova-matematika-4-dil-strana-12/,"Matýskova matematika, 4. díl, strana 12, cvičení 2",3Ed4OPmncGo,https://www.youtube.com/watch?v=3Ed4OPmncGo
4. díl (aktualiz.),https://www.matyskova-matematika.cz/matyskova-matematika-4-dil-strana-12/,"Matýskova matematika, 4. díl, strana 12, cvičení 3",T2IxvUiWGaM,https://www.youtube.com/watch?v=T2IxvUiWGaM
4. díl (aktualiz.),https://www.matyskova-matematika.cz/matyskova-matematika-4-dil-strana-13/,"Matýskova matematika, 4. díl, strana 13, cvičení 1",DzYnlf4Hiwk,https://www.youtube.com/watch?v=DzYnlf4Hiwk
4. díl (aktualiz.),https://www.matyskova-matematika.cz/matyskova-matematika-4-dil-strana-13/,"Matýskova matematika, 4. díl, strana 13, cvičení 2",9P9qinNy9bA,https://www.youtube.com/watch?v=9P9qinNy9bA
4. díl (aktualiz.),https://www.matyskova-matematika.cz/matyskova-matematika-4-dil-strana-13/,"Matýskova matematika, 4. díl, strana 13, cvičení 3",OmTJpAsd2aY,https://www.youtube.com/watch?v=OmTJpAsd2aY
4. díl (aktualiz.),https://www.matyskova-matematika.cz/matyskova-matematika-4-dil-strana-14/,"Matýskova matematika, 4. díl, strana 14, cvičení 1",t6uDkBPv2Iw,https://www.youtube.com/watch?v=t6uDkBPv2Iw
4. díl (aktualiz.),https://www.matyskova-matematika.cz/matyskova-matematika-4-dil-strana-14/,"Matýskova matematika, 4. díl, strana 14, cvičení 2",h0KEyncFIv4,https://www.youtube.com/watch?v=h0KEyncFIv4
4. díl (aktualiz.),https://www.matyskova-matematika.cz/matyskova-matematika-4-dil-strana-14/,"Matýskova matematika, 4. díl, strana 14, cvičení 3",bWqDooNHlzU,https://www.youtube.com/watch?v=bWqDooNHlzU
4. díl (aktualiz.),https://www.matyskova-matematika.cz/matyskova-matematika-4-dil-strana-15/,"Matýskova matematika, 4. díl, strana 15, cvičení 1",CbQb887y14s,https://www.youtube.com/watch?v=CbQb887y14s
4. díl (aktualiz.),https://www.matyskova-matematika.cz/matyskova-matematika-4-dil-strana-15/,"Matýskova matematika, 4. díl, strana 15, cvičení 2",v_NokmyxWaY,https://www.youtube.com/watch?v=v_NokmyxWaY
4. díl (aktualiz.),https://www.matyskova-matematika.cz/matyskova-matematika-4-dil-strana-15/,"Matýskova matematika, 4. díl, strana 15, cvičení 3",o12y-rhNKkg,https://www.youtube.com/watch?v=o12y-rhNKkg
4. díl (aktualiz.),https://www.matyskova-matematika.cz/matyskova-matematika-4-dil-strana-15/,"Matýskova matematika, 4. díl, strana 15, cvičení 4",aac42NVbuAY,https://www.youtube.com/watch?v=aac42NVbuAY
4. díl (aktualiz.),https://www.matyskova-matematika.cz/matyskova-matematika-4-dil-strana-16/,"Matýskova matematika, 4. díl, strana 16, cvičení 1",HwMNtH7jt_c,https://www.youtube.com/watch?v=HwMNtH7jt_c
4. díl (aktualiz.),https://www.matyskova-matematika.cz/matyskova-matematika-4-dil-strana-16/,"Matýskova matematika, 4. díl, strana 16, cvičení 2",qnA8-CmrWo0,https://www.youtube.com/watch?v=qnA8-CmrWo0
4. díl (aktualiz.),https://www.matyskova-matematika.cz/matyskova-matematika-4-dil-strana-16/,"Matýskova matematika, 4. díl, strana 16, cvičení 3",SctTmz6Kh98,https://www.youtube.com/watch?v=SctTmz6Kh98
4. díl (aktualiz.),https://www.matyskova-matematika.cz/matyskova-matematika-4-dil-strana-17/,"Matýskova matematika, 4. díl, strana 17, cvičení 1",-g2aiRHY0hE,https://www.youtube.com/watch?v=-g2aiRHY0hE
4. díl (aktualiz.),https://www.matyskova-matematika.cz/matyskova-matematika-4-dil-strana-17/,"Matýskova matematika, 4. díl, strana 17, cvičení 2",M-Qw2wxmh0g,https://www.youtube.com/watch?v=M-Qw2wxmh0g
4. díl (aktualiz.),https://www.matyskova-matematika.cz/matyskova-matematika-4-dil-strana-17/,"Matýskova matematika, 4. díl, strana 17, cvičení 3",VVtlRSDSRoc,https://www.youtube.com/watch?v=VVtlRSDSRoc
4. díl (aktualiz.),https://www.matyskova-matematika.cz/matyskova-matematika-4-dil-strana-18/,"Matýskova matematika, 4. díl, strana 18, cvičení 1",6WBK2YUk2Qs,https://www.youtube.com/watch?v=6WBK2YUk2Qs
4. díl (aktualiz.),https://www.matyskova-matematika.cz/matyskova-matematika-4-dil-strana-18/,"Matýskova matematika, 4. díl, strana 18, cvičení 2",E_0Wyu-4mjc,https://www.youtube.com/watch?v=E_0Wyu-4mjc
4. díl (aktualiz.),https://www.matyskova-matematika.cz/matyskova-matematika-4-dil-strana-18/,"Matýskova matematika, 4. díl, strana 18, cvičení 3",sDORwYEg4n8,https://www.youtube.com/watch?v=sDORwYEg4n8
4. díl (aktualiz.),https://www.matyskova-matematika.cz/matyskova-matematika-4-dil-strana-18/,"Matýskova matematika, 4. díl, strana 18, cvičení 4",XJMDjK9YZYU,https://www.youtube.com/watch?v=XJMDjK9YZYU
4. díl (aktualiz.),https://www.matyskova-matematika.cz/matyskova-matematika-4-dil-strana-19/,"Matýskova matematika, 4. díl, strana 19, cvičení 1",4YcUrbGt63s,https://www.youtube.com/watch?v=4YcUrbGt63s
4. díl (aktualiz.),https://www.matyskova-matematika.cz/matyskova-matematika-4-dil-strana-19/,"Matýskova matematika, 4. díl, strana 19, cvičení 2",tuxsO9cBo9U,https://www.youtube.com/watch?v=tuxsO9cBo9U
4. díl (aktualiz.),https://www.matyskova-matematika.cz/matyskova-matematika-4-dil-strana-19/,"Matýskova matematika, 4. díl, strana 19, cvičení 3",FPG1zzWlWV0,https://www.youtube.com/watch?v=FPG1zzWlWV0
4. díl (aktualiz.),https://www.matyskova-matematika.cz/matyskova-matematika-4-dil-strana-19/,"Matýskova matematika, 4. díl, strana 19, cvičení 4",WQfcM6fXRwM,https://www.youtube.com/watch?v=WQfcM6fXRwM
4. díl (aktualiz.),https://www.matyskova-matematika.cz/matyskova-matematika-4-dil-strana-20/,"Matýskova matematika, 4. díl, strana 20, cvičení 1",i7Q-dQr4Dic,https://www.youtube.com/watch?v=i7Q-dQr4Dic
4. díl (aktualiz.),https://www.matyskova-matematika.cz/matyskova-matematika-4-dil-strana-20/,"Matýskova matematika, 4. díl, strana 20, cvičení 2",LgLDmw_KVOQ,https://www.youtube.com/watch?v=LgLDmw_KVOQ
4. díl (aktualiz.),https://www.matyskova-matematika.cz/matyskova-matematika-4-dil-strana-21/,"Matýskova matematika, 4. díl, strana 21, cvičení 1",MTUufwLcNfc,https://www.youtube.com/watch?v=MTUufwLcNfc
4. díl (aktualiz.),https://www.matyskova-matematika.cz/matyskova-matematika-4-dil-strana-21/,"Matýskova matematika, 4. díl, strana 21, cvičení 2",NS9GCAPlD8c,https://www.youtube.com/watch?v=NS9GCAPlD8c
4. díl (aktualiz.),https://www.matyskova-matematika.cz/matyskova-matematika-4-dil-strana-21/,"Matýskova matematika, 4. díl, strana 21, cvičení 3",Vnj11K_KME0,https://www.youtube.com/watch?v=Vnj11K_KME0
4. díl (aktualiz.),https://www.matyskova-matematika.cz/matyskova-matematika-4-dil-strana-21/,"Matýskova matematika, 4. díl, strana 21, cvičení 4",4O3PBBuMfms,https://www.youtube.com/watch?v=4O3PBBuMfms
4. díl (aktualiz.),https://www.matyskova-matematika.cz/matyskova-matematika-4-dil-strana-21/,"Matýskova matematika, 4. díl, strana 21, cvičení 5",iMRoIk9GHcU,https://www.youtube.com/watch?v=iMRoIk9GHcU
4. díl (aktualiz.),https://www.matyskova-matematika.cz/matyskova-matematika-4-dil-strana-22/,"Matýskova matematika, 4. díl, strana 22, cvičení 1",xtNDc9aUeTc,https://www.youtube.com/watch?v=xtNDc9aUeTc
4. díl (aktualiz.),https://www.matyskova-matematika.cz/matyskova-matematika-4-dil-strana-22/,"Matýskova matematika, 4. díl, strana 22, cvičení 2",Sn6FIxt-hf8,https://www.youtube.com/watch?v=Sn6FIxt-hf8
4. díl (aktualiz.),https://www.matyskova-matematika.cz/matyskova-matematika-4-dil-strana-22/,"Matýskova matematika, 4. díl, strana 22, cvičení 3",R06cj72-7ng,https://www.youtube.com/watch?v=R06cj72-7ng
4. díl (aktualiz.),https://www.matyskova-matematika.cz/matyskova-matematika-4-dil-strana-22/,"Matýskova matematika, 4. díl, strana 22, cvičení 4",srzwSJ1d2Ws,https://www.youtube.com/watch?v=srzwSJ1d2Ws
4. díl (aktualiz.),https://www.matyskova-matematika.cz/matyskova-matematika-4-dil-strana-23/,"Matýskova matematika, 4. díl, strana 23, cvičení 1",Ke6t60pVopw,https://www.youtube.com/watch?v=Ke6t60pVopw
4. díl (aktualiz.),https://www.matyskova-matematika.cz/matyskova-matematika-4-dil-strana-23/,"Matýskova matematika, 4. díl, strana 23, cvičení 2",3bMs6DZD0kc,https://www.youtube.com/watch?v=3bMs6DZD0kc
4. díl (aktualiz.),https://www.matyskova-matematika.cz/matyskova-matematika-4-dil-strana-23/,"Matýskova matematika, 4. díl, strana 23, cvičení 3",C55L0kp7Y9A,https://www.youtube.com/watch?v=C55L0kp7Y9A
4. díl (aktualiz.),https://www.matyskova-matematika.cz/matyskova-matematika-4-dil-strana-23/,"Matýskova matematika, 4. díl, strana 23, cvičení 4",gHe3rdrLRuw,https://www.youtube.com/watch?v=gHe3rdrLRuw
4. díl (aktualiz.),https://www.matyskova-matematika.cz/matyskova-matematika-4-dil-strana-24/,"Matýskova matematika, 4. díl, strana 24, cvičení 1a",TKGmksgCbYM,https://www.youtube.com/watch?v=TKGmksgCbYM
4. díl (aktualiz.),https://www.matyskova-matematika.cz/matyskova-matematika-4-dil-strana-24/,"Matýskova matematika, 4. díl, strana 24, cvičení 1b",fV9BipbPZLQ,https://www.youtube.com/watch?v=fV9BipbPZLQ
4. díl (aktualiz.),https://www.matyskova-matematika.cz/matyskova-matematika-4-dil-strana-24/,"Matýskova matematika, 4. díl, strana 24, cvičení 2",apRJDdVsJ8w,https://www.youtube.com/watch?v=apRJDdVsJ8w
4. díl (aktualiz.),https://www.matyskova-matematika.cz/matyskova-matematika-4-dil-strana-25/,"Matýskova matematika, 4. díl, strana 25, cvičení 1",dg4-w87geUk,https://www.youtube.com/watch?v=dg4-w87geUk
4. díl (aktualiz.),https://www.matyskova-matematika.cz/matyskova-matematika-4-dil-strana-25/,"Matýskova matematika, 4. díl, strana 25, cvičení 2",yWsZH-gxO5g,https://www.youtube.com/watch?v=yWsZH-gxO5g
4. díl (aktualiz.),https://www.matyskova-matematika.cz/matyskova-matematika-4-dil-strana-25/,"Matýskova matematika, 4. díl, strana 25, cvičení 3",zkKhvSaUJGk,https://www.youtube.com/watch?v=zkKhvSaUJGk
4. díl (aktualiz.),https://www.matyskova-matematika.cz/matyskova-matematika-4-dil-strana-25/,"Matýskova matematika, 4. díl, strana 25, cvičení 4",EeePXmBmna0,https://www.youtube.com/watch?v=EeePXmBmna0
4. díl (aktualiz.),https://www.matyskova-matematika.cz/matyskova-matematika-4-dil-strana-25/,"Matýskova matematika, 4. díl, strana 25, cvičení 5",IFCXlg6MY1U,https://www.youtube.com/watch?v=IFCXlg6MY1U
4. díl (aktualiz.),https://www.matyskova-matematika.cz/matyskova-matematika-4-dil-strana-26/,"Matýskova matematika, 4. díl, strana 26, cvičení 1",-TLJ44mPmNE,https://www.youtube.com/watch?v=-TLJ44mPmNE
4. díl (aktualiz.),https://www.matyskova-matematika.cz/matyskova-matematika-4-dil-strana-26/,"Matýskova matematika, 4. díl, strana 26, cvičení 2",D2x0M6_J84k,https://www.youtube.com/watch?v=D2x0M6_J84k
4. díl (aktualiz.),https://www.matyskova-matematika.cz/matyskova-matematika-4-dil-strana-26/,"Matýskova matematika, 4. díl, strana 26, cvičení 3",yLRamowKRFo,https://www.youtube.com/watch?v=yLRamowKRFo
4. díl (aktualiz.),https://www.matyskova-matematika.cz/matyskova-matematika-4-dil-strana-27/,"Matýskova matematika, 4. díl, strana 27, cvičení 1",jzlhIDhARbQ,https://www.youtube.com/watch?v=jzlhIDhARbQ
4. díl (aktualiz.),https://www.matyskova-matematika.cz/matyskova-matematika-4-dil-strana-27/,"Matýskova matematika, 4. díl, strana 27, cvičení 2",zGprW1mW2hc,https://www.youtube.com/watch?v=zGprW1mW2hc
4. díl (aktualiz.),https://www.matyskova-matematika.cz/matyskova-matematika-4-dil-strana-27/,"Matýskova matematika, 4. díl, strana 27, cvičení 3",scTtAKFinTI,https://www.youtube.com/watch?v=scTtAKFinTI
4. díl (aktualiz.),https://www.matyskova-matematika.cz/matyskova-matematika-4-dil-strana-27/,"Matýskova matematika, 4. díl, strana 27, cvičení 4",X9tP9CXX39g,https://www.youtube.com/watch?v=X9tP9CXX39g
4. díl (aktualiz.),https://www.matyskova-matematika.cz/matyskova-matematika-4-dil-strana-28/,"Matýskova matematika, 4. díl, strana 28, cvičení 1",uW5FaC4KabA,https://www.youtube.com/watch?v=uW5FaC4KabA
4. díl (aktualiz.),https://www.matyskova-matematika.cz/matyskova-matematika-4-dil-strana-28/,"Matýskova matematika, 4. díl, strana 28, cvičení 2",7xQqXS3OHVI,https://www.youtube.com/watch?v=7xQqXS3OHVI
4. díl (aktualiz.),https://www.matyskova-matematika.cz/matyskova-matematika-4-dil-strana-28/,"Matýskova matematika, 4. díl, strana 28, cvičení 3",K1y_PmwUeTg,https://www.youtube.com/watch?v=K1y_PmwUeTg
4. díl (aktualiz.),https://www.matyskova-matematika.cz/matyskova-matematika-4-dil-strana-28/,"Matýskova matematika, 4. díl, strana 28, cvičení 4",WuKTZGltd-s,https://www.youtube.com/watch?v=WuKTZGltd-s
4. díl (aktualiz.),https://www.matyskova-matematika.cz/matyskova-matematika-4-dil-strana-29/,"Matýskova matematika, 4. díl, strana 29, cvičení 1",Doh5han4QzQ,https://www.youtube.com/watch?v=Doh5han4QzQ
4. díl (aktualiz.),https://www.matyskova-matematika.cz/matyskova-matematika-4-dil-strana-29/,"Matýskova matematika, 4. díl, strana 29, cvičení 2",0HkOmlMINNo,https://www.youtube.com/watch?v=0HkOmlMINNo
4. díl (aktualiz.),https://www.matyskova-matematika.cz/matyskova-matematika-4-dil-strana-29/,"Matýskova matematika, 4. díl, strana 29, cvičení 3",QNDZTq5dDNo,https://www.youtube.com/watch?v=QNDZTq5dDNo
4. díl (aktualiz.),https://www.matyskova-matematika.cz/matyskova-matematika-4-dil-strana-30/,"Matýskova matematika, 4. díl, strana 30, cvičení 1",NMiqlD5mREw,https://www.youtube.com/watch?v=NMiqlD5mREw
4. díl (aktualiz.),https://www.matyskova-matematika.cz/matyskova-matematika-4-dil-strana-30/,"Matýskova matematika, 4. díl, strana 30, cvičení 2",UdiC6KFAcEQ,https://www.youtube.com/watch?v=UdiC6KFAcEQ
4. díl (aktualiz.),https://www.matyskova-matematika.cz/matyskova-matematika-4-dil-strana-30/,"Matýskova matematika, 4. díl, strana 30, cvičení 3",2p5gjsKlzSs,https://www.youtube.com/watch?v=2p5gjsKlzSs
4. díl (aktualiz.),https://www.matyskova-matematika.cz/matyskova-matematika-4-dil-strana-30/,"Matýskova matematika, 4. díl, strana 30, cvičení 4",5tRaT4dtWL0,https://www.youtube.com/watch?v=5tRaT4dtWL0
4. díl (aktualiz.),https://www.matyskova-matematika.cz/matyskova-matematika-4-dil-strana-31/,"Matýskova matematika, 4. díl, strana 31, cvičení 1",tHoOiK7MmUE,https://www.youtube.com/watch?v=tHoOiK7MmUE
4. díl (aktualiz.),https://www.matyskova-matematika.cz/matyskova-matematika-4-dil-strana-31/,"Matýskova matematika, 4. díl, strana 31, cvičení 2",O2X9YRrnciI,https://www.youtube.com/watch?v=O2X9YRrnciI
4. díl (aktualiz.),https://www.matyskova-matematika.cz/matyskova-matematika-4-dil-strana-31/,"Matýskova matematika, 4. díl, strana 31, cvičení 3a",kmCO-rzgKus,https://www.youtube.com/watch?v=kmCO-rzgKus
4. díl (aktualiz.),https://www.matyskova-matematika.cz/matyskova-matematika-4-dil-strana-31/,"Matýskova matematika, 4. díl, strana 31, cvičení 3b",SF_NikDLfFk,https://www.youtube.com/watch?v=SF_NikDLfFk
4. díl (aktualiz.),https://www.matyskova-matematika.cz/matyskova-matematika-4-dil-strana-32/,"Matýskova matematika, 4. díl, strana 32, cvičení 1",S8Tohoi4ulY,https://www.youtube.com/watch?v=S8Tohoi4ulY
4. díl (aktualiz.),https://www.matyskova-matematika.cz/matyskova-matematika-4-dil-strana-32/,"Matýskova matematika, 4. díl, strana 32, cvičení 2",xvnS1eGfbgg,https://www.youtube.com/watch?v=xvnS1eGfbgg
4. díl (aktualiz.),https://www.matyskova-matematika.cz/matyskova-matematika-4-dil-strana-32/,"Matýskova matematika, 4. díl, strana 32, cvičení 3",H089f6xlDYo,https://www.youtube.com/watch?v=H089f6xlDYo
4. díl (aktualiz.),https://www.matyskova-matematika.cz/matyskova-matematika-4-dil-strana-32/,"Matýskova matematika, 4. díl, strana 32, cvičení 4",BjjsG2Gts-s,https://www.youtube.com/watch?v=BjjsG2Gts-s
4. díl (aktualiz.),https://www.matyskova-matematika.cz/matyskova-matematika-4-dil-strana-33/,"Matýskova matematika, 4. díl, strana 33, cvičení 1",43OSJKyJ8LU,https://www.youtube.com/watch?v=43OSJKyJ8LU
4. díl (aktualiz.),https://www.matyskova-matematika.cz/matyskova-matematika-4-dil-strana-33/,"Matýskova matematika, 4. díl, strana 33, cvičení 2",4MaEUGlyVto,https://www.youtube.com/watch?v=4MaEUGlyVto
4. díl (aktualiz.),https://www.matyskova-matematika.cz/matyskova-matematika-4-dil-strana-34/,"Matýskova matematika, 4. díl, strana 34, cvičení 1",fSv2FMZO2wE,https://www.youtube.com/watch?v=fSv2FMZO2wE
4. díl (aktualiz.),https://www.matyskova-matematika.cz/matyskova-matematika-4-dil-strana-34/,"Matýskova matematika, 4. díl, strana 34, cvičení 2",UzMSzXC3xbE,https://www.youtube.com/watch?v=UzMSzXC3xbE
4. díl (aktualiz.),https://www.matyskova-matematika.cz/matyskova-matematika-4-dil-strana-34/,"Matýskova matematika, 4. díl, strana 34, cvičení 3",T-g6Y-vq9g0,https://www.youtube.com/watch?v=T-g6Y-vq9g0
4. díl (aktualiz.),https://www.matyskova-matematika.cz/matyskova-matematika-4-dil-strana-34/,"Matýskova matematika, 4. díl, strana 34, cvičení 4",7whMPvkSg1E,https://www.youtube.com/watch?v=7whMPvkSg1E
4. díl (aktualiz.),https://www.matyskova-matematika.cz/matyskova-matematika-4-dil-strana-34/,"Matýskova matematika, 4. díl, strana 34, cvičení 5",KbSatJlHQY0,https://www.youtube.com/watch?v=KbSatJlHQY0
4. díl (aktualiz.),https://www.matyskova-matematika.cz/matyskova-matematika-4-dil-strana-35/,"Matýskova matematika, 4. díl, strana 35, cvičení 1",GNj0SwwkF1g,https://www.youtube.com/watch?v=GNj0SwwkF1g
4. díl (aktualiz.),https://www.matyskova-matematika.cz/matyskova-matematika-4-dil-strana-35/,"Matýskova matematika, 4. díl, strana 35, cvičení 2",woy_rHzMiik,https://www.youtube.com/watch?v=woy_rHzMiik
4. díl (aktualiz.),https://www.matyskova-matematika.cz/matyskova-matematika-4-dil-strana-35/,"Matýskova matematika, 4. díl, strana 35, cvičení 3",kIzUQJpUPtc,https://www.youtube.com/watch?v=kIzUQJpUPtc
4. díl (aktualiz.),https://www.matyskova-matematika.cz/matyskova-matematika-4-dil-strana-35/,"Matýskova matematika, 4. díl, strana 35, cvičení 4",mTJ2amOl9lU,https://www.youtube.com/watch?v=mTJ2amOl9lU
4. díl (aktualiz.),https://www.matyskova-matematika.cz/matyskova-matematika-4-dil-strana-36/,"Matýskova matematika, 4. díl, strana 36, cvičení 1a",52lo_SaKA24,https://www.youtube.com/watch?v=52lo_SaKA24
4. díl (aktualiz.),https://www.matyskova-matematika.cz/matyskova-matematika-4-dil-strana-36/,"Matýskova matematika, 4. díl, strana 36, cvičení 1b",sgmBOLT5K9E,https://www.youtube.com/watch?v=sgmBOLT5K9E
4. díl (aktualiz.),https://www.matyskova-matematika.cz/matyskova-matematika-4-dil-strana-36/,"Matýskova matematika, 4. díl, strana 36, cvičení 2",q0Zx7y5G8-c,https://www.youtube.com/watch?v=q0Zx7y5G8-c
4. díl (aktualiz.),https://www.matyskova-matematika.cz/matyskova-matematika-4-dil-strana-37/,"Matýskova matematika, 4. díl, strana 37, cvičení 1",zAPVBpSLKvE,https://www.youtube.com/watch?v=zAPVBpSLKvE
4. díl (aktualiz.),https://www.matyskova-matematika.cz/matyskova-matematika-4-dil-strana-37/,"Matýskova matematika, 4. díl, strana 37, cvičení 2",rI883gvf9r8,https://www.youtube.com/watch?v=rI883gvf9r8
4. díl (aktualiz.),https://www.matyskova-matematika.cz/matyskova-matematika-4-dil-strana-37/,"Matýskova matematika, 4. díl, strana 37, cvičení 3",J19Rgy3WVCI,https://www.youtube.com/watch?v=J19Rgy3WVCI
4. díl (aktualiz.),https://www.matyskova-matematika.cz/matyskova-matematika-4-dil-strana-38/,"Matýskova matematika, 4. díl, strana 38, cvičení 1",1CgW0L1wX7M,https://www.youtube.com/watch?v=1CgW0L1wX7M
4. díl (aktualiz.),https://www.matyskova-matematika.cz/matyskova-matematika-4-dil-strana-38/,"Matýskova matematika, 4. díl, strana 38, cvičení 2",KEKVm-bzrQQ,https://www.youtube.com/watch?v=KEKVm-bzrQQ
4. díl (aktualiz.),https://www.matyskova-matematika.cz/matyskova-matematika-4-dil-strana-38/,"Matýskova matematika, 4. díl, strana 38, cvičení 3",tWZY69US4rw,https://www.youtube.com/watch?v=tWZY69US4rw
4. díl (aktualiz.),https://www.matyskova-matematika.cz/matyskova-matematika-4-dil-strana-39/,"Matýskova matematika, 4. díl, strana 39, cvičení 1",jM-gNYn-V_k,https://www.youtube.com/watch?v=jM-gNYn-V_k
4. díl (aktualiz.),https://www.matyskova-matematika.cz/matyskova-matematika-4-dil-strana-39/,"Matýskova matematika, 4. díl, strana 39, cvičení 2",FE1epBzcF1s,https://www.youtube.com/watch?v=FE1epBzcF1s
4. díl (aktualiz.),https://www.matyskova-matematika.cz/matyskova-matematika-4-dil-strana-39/,"Matýskova matematika, 4. díl, strana 39, cvičení 3",SPdWvbf0qdc,https://www.youtube.com/watch?v=SPdWvbf0qdc
4. díl (aktualiz.),https://www.matyskova-matematika.cz/matyskova-matematika-4-dil-strana-39/,"Matýskova matematika, 4. díl, strana 39, cvičení 4",dQU6YXr1TgQ,https://www.youtube.com/watch?v=dQU6YXr1TgQ
4. díl (aktualiz.),https://www.matyskova-matematika.cz/matyskova-matematika-4-dil-strana-40/,"Matýskova matematika, 4. díl, strana 40, cvičení 1",dV8p2cEnDk0,https://www.youtube.com/watch?v=dV8p2cEnDk0
4. díl (aktualiz.),https://www.matyskova-matematika.cz/matyskova-matematika-4-dil-strana-40/,"Matýskova matematika, 4. díl, strana 40, cvičení 2",K1NblVj7UO0,https://www.youtube.com/watch?v=K1NblVj7UO0
4. díl (aktualiz.),https://www.matyskova-matematika.cz/matyskova-matematika-4-dil-strana-40/,"Matýskova matematika, 4. díl, strana 40, cvičení 3",6KcCuUteOTc,https://www.youtube.com/watch?v=6KcCuUteOTc
4. díl (aktualiz.),https://www.matyskova-matematika.cz/matyskova-matematika-4-dil-strana-41/,"Matýskova matematika, 4. díl, strana 41, cvičení 1",O5h9UPZJYRk,https://www.youtube.com/watch?v=O5h9UPZJYRk
4. díl (aktualiz.),https://www.matyskova-matematika.cz/matyskova-matematika-4-dil-strana-41/,"Matýskova matematika, 4. díl, strana 41, cvičení 2",w6AsHdiwifk,https://www.youtube.com/watch?v=w6AsHdiwifk
4. díl (aktualiz.),https://www.matyskova-matematika.cz/matyskova-matematika-4-dil-strana-41/,"Matýskova matematika, 4. díl, strana 41, cvičení 3",qc0oR0v9nwI,https://www.youtube.com/watch?v=qc0oR0v9nwI
4. díl (aktualiz.),https://www.matyskova-matematika.cz/matyskova-matematika-4-dil-strana-41/,"Matýskova matematika, 4. díl, strana 41, cvičení 4",JhuXgoEYvrE,https://www.youtube.com/watch?v=JhuXgoEYvrE
4. díl (aktualiz.),https://www.matyskova-matematika.cz/matyskova-matematika-4-dil-strana-42/,"Matýskova matematika, 4. díl, strana 42, cvičení 1",gTAM4R7KQ90,https://www.youtube.com/watch?v=gTAM4R7KQ90
4. díl (aktualiz.),https://www.matyskova-matematika.cz/matyskova-matematika-4-dil-strana-42/,"Matýskova matematika, 4. díl, strana 42, cvičení 2",flsJPHMceGU,https://www.youtube.com/watch?v=flsJPHMceGU
4. díl (aktualiz.),https://www.matyskova-matematika.cz/matyskova-matematika-4-dil-strana-42/,"Matýskova matematika, 4. díl, strana 42, cvičení 3",sjPmg5GSjwE,https://www.youtube.com/watch?v=sjPmg5GSjwE
4. díl (aktualiz.),https://www.matyskova-matematika.cz/matyskova-matematika-4-dil-strana-42/,"Matýskova matematika, 4. díl, strana 42, cvičení 4",4xicf4wyXrs,https://www.youtube.com/watch?v=4xicf4wyXrs
4. díl (aktualiz.),https://www.matyskova-matematika.cz/matyskova-matematika-4-dil-strana-43/,"Matýskova matematika, 4. díl, strana 43, cvičení 1",h1k7y6v566Q,https://www.youtube.com/watch?v=h1k7y6v566Q
4. díl (aktualiz.),https://www.matyskova-matematika.cz/matyskova-matematika-4-dil-strana-43/,"Matýskova matematika, 4. díl, strana 43, cvičení 2",cco37wDVJMI,https://www.youtube.com/watch?v=cco37wDVJMI
4. díl (aktualiz.),https://www.matyskova-matematika.cz/matyskova-matematika-4-dil-strana-43/,"Matýskova matematika, 4. díl, strana 43, cvičení 3",JMhBUaEV3Pk,https://www.youtube.com/watch?v=JMhBUaEV3Pk
4. díl (aktualiz.),https://www.matyskova-matematika.cz/matyskova-matematika-4-dil-strana-43/,"Matýskova matematika, 4. díl, strana 43, cvičení 4",vkuWrr7dJrU,https://www.youtube.com/watch?v=vkuWrr7dJrU
4. díl (aktualiz.),https://www.matyskova-matematika.cz/matyskova-matematika-4-dil-strana-43/,"Matýskova matematika, 4. díl, strana 43, cvičení 5",jFnVaVapKCU,https://www.youtube.com/watch?v=jFnVaVapKCU
4. díl (aktualiz.),https://www.matyskova-matematika.cz/matyskova-matematika-4-dil-strana-44/,"Matýskova matematika, 4. díl, strana 44, cvičení 1",pirV9jOvHo4,https://www.youtube.com/watch?v=pirV9jOvHo4
4. díl (aktualiz.),https://www.matyskova-matematika.cz/matyskova-matematika-4-dil-strana-44/,"Matýskova matematika, 4. díl, strana 44, cvičení 2",oTIzHUjlckI,https://www.youtube.com/watch?v=oTIzHUjlckI
4. díl (aktualiz.),https://www.matyskova-matematika.cz/matyskova-matematika-4-dil-strana-45/,"Matýskova matematika, 4. díl, strana 45, cvičení 1",jcL_3GWEcIQ,https://www.youtube.com/watch?v=jcL_3GWEcIQ
4. díl (aktualiz.),https://www.matyskova-matematika.cz/matyskova-matematika-4-dil-strana-45/,"Matýskova matematika, 4. díl, strana 45, cvičení 2",Ex4GiSDQbgM,https://www.youtube.com/watch?v=Ex4GiSDQbgM
4. díl (aktualiz.),https://www.matyskova-matematika.cz/matyskova-matematika-4-dil-strana-45/,"Matýskova matematika, 4. díl, strana 45, cvičení 3",qzr7CirPKEw,https://www.youtube.com/watch?v=qzr7CirPKEw
4. díl (aktualiz.),https://www.matyskova-matematika.cz/matyskova-matematika-4-dil-strana-45/,"Matýskova matematika, 4. díl, strana 45, cvičení 4",Jcv9I4-Bp0A,https://www.youtube.com/watch?v=Jcv9I4-Bp0A
4. díl (aktualiz.),https://www.matyskova-matematika.cz/matyskova-matematika-4-dil-strana-45/,"Matýskova matematika, 4. díl, strana 45, cvičení 5",sI0eF5LR6sI,https://www.youtube.com/watch?v=sI0eF5LR6sI
4. díl (aktualiz.),https://www.matyskova-matematika.cz/matyskova-matematika-4-dil-strana-46/,"Matýskova matematika, 4. díl, strana 46, cvičení 1a",7HN3vzR_OMQ,https://www.youtube.com/watch?v=7HN3vzR_OMQ
4. díl (aktualiz.),https://www.matyskova-matematika.cz/matyskova-matematika-4-dil-strana-46/,"Matýskova matematika, 4. díl, strana 46, cvičení 1b",aSSW8Jkv-7E,https://www.youtube.com/watch?v=aSSW8Jkv-7E
4. díl (aktualiz.),https://www.matyskova-matematika.cz/matyskova-matematika-4-dil-strana-46/,"Matýskova matematika, 4. díl, strana 46, cvičení 2",2dWdcjDnxlA,https://www.youtube.com/watch?v=2dWdcjDnxlA
4. díl (aktualiz.),https://www.matyskova-matematika.cz/matyskova-matematika-4-dil-strana-47/,"Matýskova matematika, 4. díl, strana 47, cvičení 1",3cASTu5btzk,https://www.youtube.com/watch?v=3cASTu5btzk
4. díl (aktualiz.),https://www.matyskova-matematika.cz/matyskova-matematika-4-dil-strana-47/,"Matýskova matematika, 4. díl, strana 47, cvičení 2",TihV3zz5gng,https://www.youtube.com/watch?v=TihV3zz5gng
4. díl (aktualiz.),https://www.matyskova-matematika.cz/matyskova-matematika-4-dil-strana-47/,"Matýskova matematika, 4. díl, strana 47, cvičení 3",kcbHCE2vxyA,https://www.youtube.com/watch?v=kcbHCE2vxyA
4. díl (aktualiz.),https://www.matyskova-matematika.cz/matyskova-matematika-4-dil-strana-48/,"Matýskova matematika, 4. díl, strana 48, cvičení 1",4QOl8Ihw5-s,https://www.youtube.com/watch?v=4QOl8Ihw5-s
4. díl (aktualiz.),https://www.matyskova-matematika.cz/matyskova-matematika-4-dil-strana-48/,"Matýskova matematika, 4. díl, strana 48, cvičení 2",tvKUDwrnBug,https://www.youtube.com/watch?v=tvKUDwrnBug
4. díl (aktualiz.),https://www.matyskova-matematika.cz/matyskova-matematika-4-dil-strana-48/,"Matýskova matematika, 4. díl, strana 48, cvičení 3",jQkE_JOj1UQ,https://www.youtube.com/watch?v=jQkE_JOj1UQ
4. díl (aktualiz.),https://www.matyskova-matematika.cz/matyskova-matematika-4-dil-strana-49/,"Matýskova matematika, 4. díl, strana 49, cvičení 1",WpND0J4EQ4U,https://www.youtube.com/watch?v=WpND0J4EQ4U
4. díl (aktualiz.),https://www.matyskova-matematika.cz/matyskova-matematika-4-dil-strana-49/,"Matýskova matematika, 4. díl, strana 49, cvičení 2",8-WmEKvPh1g,https://www.youtube.com/watch?v=8-WmEKvPh1g
4. díl (aktualiz.),https://www.matyskova-matematika.cz/matyskova-matematika-4-dil-strana-49/,"Matýskova matematika, 4. díl, strana 49, cvičení 3",KyEs4j4qmDE,https://www.youtube.com/watch?v=KyEs4j4qmDE
4. díl (aktualiz.),https://www.matyskova-matematika.cz/matyskova-matematika-4-dil-strana-50/,"Matýskova matematika, 4. díl, strana 50, cvičení 1",Cc9BBQRmHpc,https://www.youtube.com/watch?v=Cc9BBQRmHpc
4. díl (aktualiz.),https://www.matyskova-matematika.cz/matyskova-matematika-4-dil-strana-50/,"Matýskova matematika, 4. díl, strana 50, cvičení 2",PEN5H6s7EEQ,https://www.youtube.com/watch?v=PEN5H6s7EEQ
4. díl (aktualiz.),https://www.matyskova-matematika.cz/matyskova-matematika-4-dil-strana-50/,"Matýskova matematika, 4. díl, strana 50, cvičení 3",uK_pu7jbKPc,https://www.youtube.com/watch?v=uK_pu7jbKPc
4. díl (aktualiz.),https://www.matyskova-matematika.cz/matyskova-matematika-4-dil-strana-50/,"Matýskova matematika, 4. díl, strana 50, cvičení 4",8WxAL83DE0M,https://www.youtube.com/watch?v=8WxAL83DE0M
4. díl (aktualiz.),https://www.matyskova-matematika.cz/matyskova-matematika-4-dil-strana-51/,"Matýskova matematika, 4. díl, strana 51, cvičení 1",zf4jhk_KOfE,https://www.youtube.com/watch?v=zf4jhk_KOfE
4. díl (aktualiz.),https://www.matyskova-matematika.cz/matyskova-matematika-4-dil-strana-51/,"Matýskova matematika, 4. díl, strana 51, cvičení 2",iKvk1U5WGqQ,https://www.youtube.com/watch?v=iKvk1U5WGqQ
4. díl (aktualiz.),https://www.matyskova-matematika.cz/matyskova-matematika-4-dil-strana-52/,"Matýskova matematika, 4. díl, strana 52, cvičení 1",TliCEx9p7SM,https://www.youtube.com/watch?v=TliCEx9p7SM
4. díl (aktualiz.),https://www.matyskova-matematika.cz/matyskova-matematika-4-dil-strana-52/,"Matýskova matematika, 4. díl, strana 52, cvičení 2",AwPr0sumPXs,https://www.youtube.com/watch?v=AwPr0sumPXs
4. díl (aktualiz.),https://www.matyskova-matematika.cz/matyskova-matematika-4-dil-strana-52/,"Matýskova matematika, 4. díl, strana 52, cvičení 3",5NqlVXib_io,https://www.youtube.com/watch?v=5NqlVXib_io
4. díl (aktualiz.),https://www.matyskova-matematika.cz/matyskova-matematika-4-dil-strana-52/,"Matýskova matematika, 4. díl, strana 52, cvičení 4",0WuxXh9tuAM,https://www.youtube.com/watch?v=0WuxXh9tuAM
4. díl (aktualiz.),https://www.matyskova-matematika.cz/matyskova-matematika-4-dil-strana-52/,"Matýskova matematika, 4. díl, strana 52, cvičení 5",TCnYA65CxmM,https://www.youtube.com/watch?v=TCnYA65CxmM
4. díl (aktualiz.),https://www.matyskova-matematika.cz/matyskova-matematika-4-dil-strana-53/,"Matýskova matematika, 4. díl, strana 53, cvičení 1",O3IV5F6Iuck,https://www.youtube.com/watch?v=O3IV5F6Iuck
4. díl (aktualiz.),https://www.matyskova-matematika.cz/matyskova-matematika-4-dil-strana-53/,"Matýskova matematika, 4. díl, strana 53, cvičení 2",q9tJSMIHilo,https://www.youtube.com/watch?v=q9tJSMIHilo
4. díl (aktualiz.),https://www.matyskova-matematika.cz/matyskova-matematika-4-dil-strana-53/,"Matýskova matematika, 4. díl, strana 53, cvičení 3",dlEPjly49Vo,https://www.youtube.com/watch?v=dlEPjly49Vo
4. díl (aktualiz.),https://www.matyskova-matematika.cz/matyskova-matematika-4-dil-strana-53/,"Matýskova matematika, 4. díl, strana 53, cvičení 4",BA8MGPUXm6s,https://www.youtube.com/watch?v=BA8MGPUXm6s
4. díl (aktualiz.),https://www.matyskova-matematika.cz/matyskova-matematika-4-dil-strana-54/,"Matýskova matematika, 4. díl, strana 54, cvičení 1 A",w9ToYu2Rn58,https://www.youtube.com/watch?v=w9ToYu2Rn58
4. díl (aktualiz.),https://www.matyskova-matematika.cz/matyskova-matematika-4-dil-strana-54/,"Matýskova matematika, 4. díl, strana 54, cvičení 1 B",y_AcidovkJ4,https://www.youtube.com/watch?v=y_AcidovkJ4
4. díl (aktualiz.),https://www.matyskova-matematika.cz/matyskova-matematika-4-dil-strana-54/,"Matýskova matematika, 4. díl, strana 54, cvičení 2",T6-wvv-jl3Q,https://www.youtube.com/watch?v=T6-wvv-jl3Q
4. díl (aktualiz.),https://www.matyskova-matematika.cz/matyskova-matematika-4-dil-strana-55/,"Matýskova matematika, 4. díl, strana 55, cvičení 1",KW5XPOStNYM,https://www.youtube.com/watch?v=KW5XPOStNYM
4. díl (aktualiz.),https://www.matyskova-matematika.cz/matyskova-matematika-4-dil-strana-55/,"Matýskova matematika, 4. díl, strana 55, cvičení 2",HtFchkdRFIo,https://www.youtube.com/watch?v=HtFchkdRFIo
4. díl (aktualiz.),https://www.matyskova-matematika.cz/matyskova-matematika-4-dil-strana-55/,"Matýskova matematika, 4. díl, strana 55, cvičení 3",wqrjV0CJq_s,https://www.youtube.com/watch?v=wqrjV0CJq_s
4. díl (aktualiz.),https://www.matyskova-matematika.cz/matyskova-matematika-4-dil-strana-56/,"Matýskova matematika, 4. díl, strana 56, cvičení 1",lFrgB0ixXuM,https://www.youtube.com/watch?v=lFrgB0ixXuM
4. díl (aktualiz.),https://www.matyskova-matematika.cz/matyskova-matematika-4-dil-strana-56/,"Matýskova matematika, 4. díl, strana 56, cvičení 2",mrrLy4VIZZw,https://www.youtube.com/watch?v=mrrLy4VIZZw
4. díl (aktualiz.),https://www.matyskova-matematika.cz/matyskova-matematika-4-dil-strana-56/,"Matýskova matematika, 4. díl, strana 56, cvičení 3",WdRDWMGI0Dg,https://www.youtube.com/watch?v=WdRDWMGI0Dg
4. díl (aktualiz.),https://www.matyskova-matematika.cz/matyskova-matematika-4-dil-strana-56/,"Matýskova matematika, 4. díl, strana 56, cvičení 4",fs29PfLG_Ns,https://www.youtube.com/watch?v=fs29PfLG_Ns
4. díl (aktualiz.),https://www.matyskova-matematika.cz/matyskova-matematika-4-dil-strana-57/,"Matýskova matematika, 4. díl, strana 57, cvičení 1",YRYbsARjK2w,https://www.youtube.com/watch?v=YRYbsARjK2w
4. díl (aktualiz.),https://www.matyskova-matematika.cz/matyskova-matematika-4-dil-strana-57/,"Matýskova matematika, 4. díl, strana 57, cvičení 2",rDu_5K_Dw7k,https://www.youtube.com/watch?v=rDu_5K_Dw7k
4. díl (aktualiz.),https://www.matyskova-matematika.cz/matyskova-matematika-4-dil-strana-57/,"Matýskova matematika, 4. díl, strana 57, cvičení 3",yxpB6tXM9OQ,https://www.youtube.com/watch?v=yxpB6tXM9OQ
4. díl (aktualiz.),https://www.matyskova-matematika.cz/matyskova-matematika-4-dil-strana-57/,"Matýskova matematika, 4. díl, strana 57, cvičení 4",Ha6AYZeMKVY,https://www.youtube.com/watch?v=Ha6AYZeMKVY
4. díl (aktualiz.),https://www.matyskova-matematika.cz/matyskova-matematika-4-dil-strana-58/,"Matýskova matematika, 4. díl, strana 58, cvičení 1",otXsQ7tG-EM,https://www.youtube.com/watch?v=otXsQ7tG-EM
4. díl (aktualiz.),https://www.matyskova-matematika.cz/matyskova-matematika-4-dil-strana-58/,"Matýskova matematika, 4. díl, strana 58, cvičení 2",ITBeFxc_C5s,https://www.youtube.com/watch?v=ITBeFxc_C5s
4. díl (aktualiz.),https://www.matyskova-matematika.cz/matyskova-matematika-4-dil-strana-58/,"Matýskova matematika, 4. díl, strana 58, cvičení 3",h1_ykVNtV1M,https://www.youtube.com/watch?v=h1_ykVNtV1M
4. díl (aktualiz.),https://www.matyskova-matematika.cz/matyskova-matematika-4-dil-strana-59/,"Matýskova matematika, 4. díl, strana 59, cvičení 1",l6PM05o5Pjw,https://www.youtube.com/watch?v=l6PM05o5Pjw
4. díl (aktualiz.),https://www.matyskova-matematika.cz/matyskova-matematika-4-dil-strana-59/,"Matýskova matematika, 4. díl, strana 59, cvičení 2",TGpxR6EjF8c,https://www.youtube.com/watch?v=TGpxR6EjF8c
4. díl (aktualiz.),https://www.matyskova-matematika.cz/matyskova-matematika-4-dil-strana-60/,"Matýskova matematika, 4. díl, strana 60, cvičení 1",NM_QvfqQDf4,https://www.youtube.com/watch?v=NM_QvfqQDf4
4. díl (aktualiz.),https://www.matyskova-matematika.cz/matyskova-matematika-4-dil-strana-60/,"Matýskova matematika, 4. díl, strana 60, cvičení 2",WXZdTfN8ORI,https://www.youtube.com/watch?v=WXZdTfN8ORI
4. díl (aktualiz.),https://www.matyskova-matematika.cz/matyskova-matematika-4-dil-strana-60/,"Matýskova matematika, 4. díl, strana 60, cvičení 3",hAu2l4xzzE4,https://www.youtube.com/watch?v=hAu2l4xzzE4
4. díl (aktualiz.),https://www.matyskova-matematika.cz/matyskova-matematika-4-dil-strana-60/,"Matýskova matematika, 4. díl, strana 60, cvičení 4",7rtCYdnvCfY,https://www.youtube.com/watch?v=7rtCYdnvCfY
4. díl (aktualiz.),https://www.matyskova-matematika.cz/matyskova-matematika-4-dil-strana-60/,"Matýskova matematika, 4. díl, strana 60, cvičení 5",UXhVqDyLt9g,https://www.youtube.com/watch?v=UXhVqDyLt9g
4. díl (aktualiz.),https://www.matyskova-matematika.cz/matyskova-matematika-4-dil-strana-61/,"Matýskova matematika, 4. díl, strana 61, cvičení 1",ey29_iY_se8,https://www.youtube.com/watch?v=ey29_iY_se8
4. díl (aktualiz.),https://www.matyskova-matematika.cz/matyskova-matematika-4-dil-strana-61/,"Matýskova matematika, 4. díl, strana 61, cvičení 2",8K1cb_FIQaQ,https://www.youtube.com/watch?v=8K1cb_FIQaQ
4. díl (aktualiz.),https://www.matyskova-matematika.cz/matyskova-matematika-4-dil-strana-61/,"Matýskova matematika, 4. díl, strana 61, cvičení 3",FMQoF0ogwW0,https://www.youtube.com/watch?v=FMQoF0ogwW0
4. díl (aktualiz.),https://www.matyskova-matematika.cz/matyskova-matematika-4-dil-strana-61/,"Matýskova matematika, 4. díl, strana 61, cvičení 4",_qTbEsMpwMQ,https://www.youtube.com/watch?v=_qTbEsMpwMQ
4. díl (aktualiz.),https://www.matyskova-matematika.cz/matyskova-matematika-4-dil-strana-61/,"Matýskova matematika, 4. díl, strana 61, cvičení 5",AQzKqLnmAZ4,https://www.youtube.com/watch?v=AQzKqLnmAZ4
4. díl (aktualiz.),https://www.matyskova-matematika.cz/matyskova-matematika-4-dil-strana-62/,"Matýskova matematika, 4. díl, strana 62, cvičení 1 A",37z3YA-sKIM,https://www.youtube.com/watch?v=37z3YA-sKIM
4. díl (aktualiz.),https://www.matyskova-matematika.cz/matyskova-matematika-4-dil-strana-62/,"Matýskova matematika, 4. díl, strana 62, cvičení 1 B",n_7KzqKxqaA,https://www.youtube.com/watch?v=n_7KzqKxqaA
4. díl (aktualiz.),https://www.matyskova-matematika.cz/matyskova-matematika-4-dil-strana-62/,"Matýskova matematika, 4. díl, strana 62, cvičení 2",dxNfFteHwD4,https://www.youtube.com/watch?v=dxNfFteHwD4
4. díl (aktualiz.),https://www.matyskova-matematika.cz/matyskova-matematika-4-dil-strana-63/,"Matýskova matematika, 4. díl, strana 63, cvičení 1",YLQHjONXs24,https://www.youtube.com/watch?v=YLQHjONXs24
4. díl (aktualiz.),https://www.matyskova-matematika.cz/matyskova-matematika-4-dil-strana-63/,"Matýskova matematika, 4. díl, strana 63, cvičení 2",m5ibg1iuQ7c,https://www.youtube.com/watch?v=m5ibg1iuQ7c
4. díl (aktualiz.),https://www.matyskova-matematika.cz/matyskova-matematika-4-dil-strana-63/,"Matýskova matematika, 4. díl, strana 63, cvičení 3",MpsyPpD5G4w,https://www.youtube.com/watch?v=MpsyPpD5G4w
4. díl (aktualiz.),https://www.matyskova-matematika.cz/matyskova-matematika-4-dil-strana-63/,"Matýskova matematika, 4. díl, strana 63, cvičení 4",1BhqoZPLbZs,https://www.youtube.com/watch?v=1BhqoZPLbZs
4. díl (aktualiz.),https://www.matyskova-matematika.cz/matyskova-matematika-4-dil-strana-64/,"Matýskova matematika, 4. díl, strana 64, cvičení 1",qf8stVZ1veI,https://www.youtube.com/watch?v=qf8stVZ1veI
4. díl (aktualiz.),https://www.matyskova-matematika.cz/matyskova-matematika-4-dil-strana-64/,"Matýskova matematika, 4. díl, strana 64, cvičení 2",WSljyn78z9A,https://www.youtube.com/watch?v=WSljyn78z9A
4. díl (aktualiz.),https://www.matyskova-matematika.cz/matyskova-matematika-4-dil-strana-64/,"Matýskova matematika, 4. díl, strana 64, cvičení 3",GxY_n8pWtug,https://www.youtube.com/watch?v=GxY_n8pWtug
"4. ročník, 1. díl",https://www.matyskova-matematika.cz/4-rocnik-1-dil/video/str-2/,"4. ročník, 1. díl, strana 2, cvičení 1",sEzt3jclOwI,https://www.youtube.com/watch?v=sEzt3jclOwI
"4. ročník, 1. díl",https://www.matyskova-matematika.cz/4-rocnik-1-dil/video/str-2/,"4. ročník, 1. díl, strana 2, cvičení 2",1ZEVKejDvSY,https://www.youtube.com/watch?v=1ZEVKejDvSY
"4. ročník, 1. díl",https://www.matyskova-matematika.cz/4-rocnik-1-dil/video/str-2/,"4. ročník, 1. díl, strana 2, cvičení 3",PShsAUYAMnI,https://www.youtube.com/watch?v=PShsAUYAMnI
"4. ročník, 1. díl",https://www.matyskova-matematika.cz/4-rocnik-1-dil/video/str-2/,"4. ročník, 1. díl, strana 2, cvičení 4",TNvDQcezy8Q,https://www.youtube.com/watch?v=TNvDQcezy8Q
"4. ročník, 1. díl",https://www.matyskova-matematika.cz/4-rocnik-1-dil/video/str-2/,"4. ročník, 1. díl, strana 2, cvičení 5",gtkXP16T7Ss,https://www.youtube.com/watch?v=gtkXP16T7Ss
"4. ročník, 1. díl",https://www.matyskova-matematika.cz/4-rocnik-1-dil/video/str-3/,"4. ročník 1. díl, strana 3, cvičení 1",w_wZQS52_r4,https://www.youtube.com/watch?v=w_wZQS52_r4
"4. ročník, 1. díl",https://www.matyskova-matematika.cz/4-rocnik-1-dil/video/str-3/,"4. ročník 1. díl, strana 3, cvičení 2",CMMENlIAcX8,https://www.youtube.com/watch?v=CMMENlIAcX8
"4. ročník, 1. díl",https://www.matyskova-matematika.cz/4-rocnik-1-dil/video/str-3/,"4. ročník 1. díl, strana 3, cvičení 3",FUv0aYEFjDE,https://www.youtube.com/watch?v=FUv0aYEFjDE
"4. ročník, 1. díl",https://www.matyskova-matematika.cz/4-rocnik-1-dil/video/str-3/,"4. ročník 1. díl, strana 3, cvičení 4",SfRSVaENHaw,https://www.youtube.com/watch?v=SfRSVaENHaw
"4. ročník, 1. díl",https://www.matyskova-matematika.cz/4-rocnik-1-dil/video/str-3/,"4. ročník 1. díl, strana 3, cvičení 5",DzGDHmGz5QE,https://www.youtube.com/watch?v=DzGDHmGz5QE
"4. ročník, 1. díl",https://www.matyskova-matematika.cz/4-rocnik-1-dil/video/str-3/,"4. ročník 1. díl, strana 3, cvičení 6",XcUopIrGsLQ,https://www.youtube.com/watch?v=XcUopIrGsLQ
"4. ročník, 1. díl",https://www.matyskova-matematika.cz/4-rocnik-1-dil/video/str-4/,"4. ročník 1. díl, strana 4, cvičení 1",sm2uhr_MogE,https://www.youtube.com/watch?v=sm2uhr_MogE
"4. ročník, 1. díl",https://www.matyskova-matematika.cz/4-rocnik-1-dil/video/str-4/,"4. ročník 1. díl, strana 4, cvičení 2",5j96ufaXmj8,https://www.youtube.com/watch?v=5j96ufaXmj8
"4. ročník, 1. díl",https://www.matyskova-matematika.cz/4-rocnik-1-dil/video/str-4/,"4. ročník 1. díl, strana 4, cvičení 3",PwCykC75Pb0,https://www.youtube.com/watch?v=PwCykC75Pb0
"4. ročník, 1. díl",https://www.matyskova-matematika.cz/4-rocnik-1-dil/video/str-4/,"4. ročník 1. díl, strana 4, cvičení 4",CDaXuSxcDW4,https://www.youtube.com/watch?v=CDaXuSxcDW4
"4. ročník, 1. díl",https://www.matyskova-matematika.cz/4-rocnik-1-dil/video/str-4/,"4. ročník 1. díl, strana 4, cvičení 5",pYz-bFEWoU0,https://www.youtube.com/watch?v=pYz-bFEWoU0
"4. ročník, 1. díl",https://www.matyskova-matematika.cz/4-rocnik-1-dil/video/str-4/,"4. ročník 1. díl, strana 4, cvičení 6",vCiaBPc78cI,https://www.youtube.com/watch?v=vCiaBPc78cI
"4. ročník, 1. díl",https://www.matyskova-matematika.cz/4-rocnik-1-dil/video/str-5/,"4. ročník 1. díl, strana 5, cvičení 1",FoL9Go2CtKs,https://www.youtube.com/watch?v=FoL9Go2CtKs
"4. ročník, 1. díl",https://www.matyskova-matematika.cz/4-rocnik-1-dil/video/str-5/,"4. ročník 1. díl, strana 5, cvičení 2",VuHDg5bQlS8,https://www.youtube.com/watch?v=VuHDg5bQlS8
"4. ročník, 1. díl",https://www.matyskova-matematika.cz/4-rocnik-1-dil/video/str-5/,"4. ročník 1. díl, strana 5, cvičení 3",VYlyOgeKOHE,https://www.youtube.com/watch?v=VYlyOgeKOHE
"4. ročník, 1. díl",https://www.matyskova-matematika.cz/4-rocnik-1-dil/video/str-5/,"4. ročník 1. díl, strana 5, cvičení 4",eVA6vw3pYyQ,https://www.youtube.com/watch?v=eVA6vw3pYyQ
"4. ročník, 1. díl",https://www.matyskova-matematika.cz/4-rocnik-1-dil/video/str-6/,"4. ročník 1. díl, strana 6, cvičení 1",YZQ18I3fGn0,https://www.youtube.com/watch?v=YZQ18I3fGn0
"4. ročník, 1. díl",https://www.matyskova-matematika.cz/4-rocnik-1-dil/video/str-6/,"4. ročník 1. díl, strana 6, cvičení 2",QRBlu5x5v8g,https://www.youtube.com/watch?v=QRBlu5x5v8g
"4. ročník, 1. díl",https://www.matyskova-matematika.cz/4-rocnik-1-dil/video/str-6/,"4. ročník 1. díl, strana 6, cvičení 3",VaYpj45rNAQ,https://www.youtube.com/watch?v=VaYpj45rNAQ
"4. ročník, 1. díl",https://www.matyskova-matematika.cz/4-rocnik-1-dil/video/str-7/,"4. ročník 1. díl, strana 7, cvičení 1",P0TTyrCbU1s,https://www.youtube.com/watch?v=P0TTyrCbU1s
"4. ročník, 1. díl",https://www.matyskova-matematika.cz/4-rocnik-1-dil/video/str-7/,"4. ročník 1. díl, strana 7, cvičení 2",ETwc_VVjmb8,https://www.youtube.com/watch?v=ETwc_VVjmb8
"4. ročník, 1. díl",https://www.matyskova-matematika.cz/4-rocnik-1-dil/video/str-7/,"4. ročník 1. díl, strana 7, cvičení 3",SxqKzhoKl4I,https://www.youtube.com/watch?v=SxqKzhoKl4I
"4. ročník, 1. díl",https://www.matyskova-matematika.cz/4-rocnik-1-dil/video/str-7/,"4. ročník 1. díl, strana 7, cvičení 4",AMWCj-HSZWU,https://www.youtube.com/watch?v=AMWCj-HSZWU
"4. ročník, 1. díl",https://www.matyskova-matematika.cz/4-rocnik-1-dil/video/str-8/,"4. ročník 1. díl, strana 8, cvičení 1",C4ZTCULcSck,https://www.youtube.com/watch?v=C4ZTCULcSck
"4. ročník, 1. díl",https://www.matyskova-matematika.cz/4-rocnik-1-dil/video/str-8/,"4. ročník 1. díl, strana 8, cvičení 2",WIgrKt1aajs,https://www.youtube.com/watch?v=WIgrKt1aajs
"4. ročník, 1. díl",https://www.matyskova-matematika.cz/4-rocnik-1-dil/video/str-8/,"4. ročník 1. díl, strana 8, cvičení 3",WQFd2uDrDDg,https://www.youtube.com/watch?v=WQFd2uDrDDg
"4. ročník, 1. díl",https://www.matyskova-matematika.cz/4-rocnik-1-dil/video/str-9/,"4. ročník 1. díl, strana 9, cvičení 1",WPbBRhSvjOA,https://www.youtube.com/watch?v=WPbBRhSvjOA
"4. ročník, 1. díl",https://www.matyskova-matematika.cz/4-rocnik-1-dil/video/str-9/,"4. ročník 1. díl, strana 9, cvičení 2",6Gg0tu0-t1M,https://www.youtube.com/watch?v=6Gg0tu0-t1M
"4. ročník, 1. díl",https://www.matyskova-matematika.cz/4-rocnik-1-dil/video/str-9/,"4. ročník 1. díl, strana 9, cvičení 3",BDy8qYONvys,https://www.youtube.com/watch?v=BDy8qYONvys
"4. ročník, 1. díl",https://www.matyskova-matematika.cz/4-rocnik-1-dil/video/str-9/,"4. ročník 1. díl, strana 9, cvičení 4",_ffQksAfE80,https://www.youtube.com/watch?v=_ffQksAfE80
"4. ročník, 1. díl",https://www.matyskova-matematika.cz/4-rocnik-1-dil/video/str-10/,"4. ročník 1. díl, strana 10, cvičení 1",YKcn0Hcq3hY,https://www.youtube.com/watch?v=YKcn0Hcq3hY
"4. ročník, 1. díl",https://www.matyskova-matematika.cz/4-rocnik-1-dil/video/str-10/,"4. ročník 1. díl, strana 10, cvičení 2",8kc1HPQjU9A,https://www.youtube.com/watch?v=8kc1HPQjU9A
"4. ročník, 1. díl",https://www.matyskova-matematika.cz/4-rocnik-1-dil/video/str-10/,"4. ročník 1. díl, strana 10, cvičení 3",tjGr2Ji8Krg,https://www.youtube.com/watch?v=tjGr2Ji8Krg
"4. ročník, 1. díl",https://www.matyskova-matematika.cz/4-rocnik-1-dil/video/str-11/,"4. ročník 1. díl, strana 11, cvičení 1",z4C6hJEx4qI,https://www.youtube.com/watch?v=z4C6hJEx4qI
"4. ročník, 1. díl",https://www.matyskova-matematika.cz/4-rocnik-1-dil/video/str-11/,"4. ročník 1. díl, strana 11, cvičení 2",ife_nmpEDms,https://www.youtube.com/watch?v=ife_nmpEDms
"4. ročník, 1. díl",https://www.matyskova-matematika.cz/4-rocnik-1-dil/video/str-11/,"4. ročník 1. díl, strana 11, cvičení 3",l8VPx0w7K2g,https://www.youtube.com/watch?v=l8VPx0w7K2g
"4. ročník, 1. díl",https://www.matyskova-matematika.cz/4-rocnik-1-dil/video/str-11/,"4. ročník 1. díl, strana 11, cvičení 4",LaZaGKTFU7E,https://www.youtube.com/watch?v=LaZaGKTFU7E
"4. ročník, 1. díl",https://www.matyskova-matematika.cz/4-rocnik-1-dil/video/str-11/,"4. ročník 1. díl, strana 11, cvičení 5",qZ6vPmQ8nl4,https://www.youtube.com/watch?v=qZ6vPmQ8nl4
"4. ročník, 1. díl",https://www.matyskova-matematika.cz/4-rocnik-1-dil/video/str-12/,"4. ročník 1. díl, strana 12, cvičení 1",ewOGGOK3XkQ,https://www.youtube.com/watch?v=ewOGGOK3XkQ
"4. ročník, 1. díl",https://www.matyskova-matematika.cz/4-rocnik-1-dil/video/str-12/,"4. ročník 1. díl, strana 12, cvičení 2",FJgxebPIWaI,https://www.youtube.com/watch?v=FJgxebPIWaI
"4. ročník, 1. díl",https://www.matyskova-matematika.cz/4-rocnik-1-dil/video/str-12/,"4. ročník 1. díl, strana 12, cvičení 3",uLRaz81EM9M,https://www.youtube.com/watch?v=uLRaz81EM9M
"4. ročník, 1. díl",https://www.matyskova-matematika.cz/4-rocnik-1-dil/video/str-12/,"4. ročník 1. díl, strana 12, cvičení 4",hKv36Lp7gGQ,https://www.youtube.com/watch?v=hKv36Lp7gGQ
"4. ročník, 1. díl",https://www.matyskova-matematika.cz/4-rocnik-1-dil/video/str-13/,"4. ročník 1. díl, strana 13, cvičení 1",BvTMA2yyB9E,https://www.youtube.com/watch?v=BvTMA2yyB9E
"4. ročník, 1. díl",https://www.matyskova-matematika.cz/4-rocnik-1-dil/video/str-13/,"4. ročník 1. díl, strana 13, cvičení 2",3kjmSH-_Bvw,https://www.youtube.com/watch?v=3kjmSH-_Bvw
"4. ročník, 1. díl",https://www.matyskova-matematika.cz/4-rocnik-1-dil/video/str-13/,"4. ročník 1. díl, strana 13, cvičení 3",AMc2kglrUnc,https://www.youtube.com/watch?v=AMc2kglrUnc
"4. ročník, 1. díl",https://www.matyskova-matematika.cz/4-rocnik-1-dil/video/str-14/,"4. ročník 1. díl, strana 14, cvičení 1",SU2ApqdkfJY,https://www.youtube.com/watch?v=SU2ApqdkfJY
"4. ročník, 1. díl",https://www.matyskova-matematika.cz/4-rocnik-1-dil/video/str-14/,"4. ročník 1. díl, strana 14, cvičení 2",01DJSRyvC2s,https://www.youtube.com/watch?v=01DJSRyvC2s
"4. ročník, 1. díl",https://www.matyskova-matematika.cz/4-rocnik-1-dil/video/str-14/,"4. ročník 1. díl, strana 14, cvičení 3",FHZYIa8SbVY,https://www.youtube.com/watch?v=FHZYIa8SbVY
"4. ročník, 1. díl",https://www.matyskova-matematika.cz/4-rocnik-1-dil/video/str-14/,"4. ročník 1. díl, strana 14, cvičení 4",rwYowANnkJA,https://www.youtube.com/watch?v=rwYowANnkJA
"4. ročník, 1. díl",https://www.matyskova-matematika.cz/4-rocnik-1-dil/video/str-14/,"4. ročník 1. díl, strana 14, cvičení 5",p0Tpj36yL5o,https://www.youtube.com/watch?v=p0Tpj36yL5o
"4. ročník, 1. díl",https://www.matyskova-matematika.cz/4-rocnik-1-dil/video/str-15/,"4. ročník 1. díl, strana 15, cvičení 1",9YkbnGH1EnE,https://www.youtube.com/watch?v=9YkbnGH1EnE
"4. ročník, 1. díl",https://www.matyskova-matematika.cz/4-rocnik-1-dil/video/str-15/,"4. ročník 1. díl, strana 15, cvičení 2",T7i57l_xZTY,https://www.youtube.com/watch?v=T7i57l_xZTY
"4. ročník, 1. díl",https://www.matyskova-matematika.cz/4-rocnik-1-dil/video/str-15/,"4. ročník 1. díl, strana 15, cvičení 3",MxeHvuV-Xg4,https://www.youtube.com/watch?v=MxeHvuV-Xg4
"4. ročník, 1. díl",https://www.matyskova-matematika.cz/4-rocnik-1-dil/video/str-15/,"4. ročník 1. díl, strana 15, cvičení 4",x8S-FVhUmQ8,https://www.youtube.com/watch?v=x8S-FVhUmQ8
"4. ročník, 1. díl",https://www.matyskova-matematika.cz/4-rocnik-1-dil/video/str-16/,"4. ročník 1. díl, strana 16, cvičení 1",poRfIJwimEE,https://www.youtube.com/watch?v=poRfIJwimEE
"4. ročník, 1. díl",https://www.matyskova-matematika.cz/4-rocnik-1-dil/video/str-16/,"4. ročník 1. díl, strana 16, cvičení 2",IzafTLFybcc,https://www.youtube.com/watch?v=IzafTLFybcc
"4. ročník, 1. díl",https://www.matyskova-matematika.cz/4-rocnik-1-dil/video/str-16/,"4. ročník 1. díl, strana 16, cvičení 3",KxXoSGyVmm4,https://www.youtube.com/watch?v=KxXoSGyVmm4
"4. ročník, 1. díl",https://www.matyskova-matematika.cz/4-rocnik-1-dil/video/str-16/,"4. ročník 1. díl, strana 16, cvičení 4",eAX5IITHsWM,https://www.youtube.com/watch?v=eAX5IITHsWM
"4. ročník, 1. díl",https://www.matyskova-matematika.cz/4-rocnik-1-dil/video/str-17/,"4. ročník 1. díl, strana 17, cvičení 1",RLZwFjRyDmQ,https://www.youtube.com/watch?v=RLZwFjRyDmQ
"4. ročník, 1. díl",https://www.matyskova-matematika.cz/4-rocnik-1-dil/video/str-17/,"4. ročník 1. díl, strana 17, cvičení 2",C8x0qftSVjQ,https://www.youtube.com/watch?v=C8x0qftSVjQ
"4. ročník, 1. díl",https://www.matyskova-matematika.cz/4-rocnik-1-dil/video/str-17/,"4. ročník 1. díl, strana 17, cvičení 3",D1wu-7H1Pfw,https://www.youtube.com/watch?v=D1wu-7H1Pfw
"4. ročník, 1. díl",https://www.matyskova-matematika.cz/4-rocnik-1-dil/video/str-17/,"4. ročník 1. díl, strana 17, cvičení 4",g-_az_NEyW4,https://www.youtube.com/watch?v=g-_az_NEyW4
"4. ročník, 1. díl",https://www.matyskova-matematika.cz/4-rocnik-1-dil/video/str-17/,"4. ročník 1. díl, strana 17, cvičení 5",qyEyJ7xZ4sg,https://www.youtube.com/watch?v=qyEyJ7xZ4sg
"4. ročník, 1. díl",https://www.matyskova-matematika.cz/4-rocnik-1-dil/video/str-17/,"4. ročník 1. díl, strana 17, cvičení 6",AhmDIi2sZTs,https://www.youtube.com/watch?v=AhmDIi2sZTs
"4. ročník, 1. díl",https://www.matyskova-matematika.cz/4-rocnik-1-dil/video/str-18/,"4. ročník 1. díl, strana 18, úvod",XE9E4ReifS0,https://www.youtube.com/watch?v=XE9E4ReifS0
"4. ročník, 1. díl",https://www.matyskova-matematika.cz/4-rocnik-1-dil/video/str-18/,"4. ročník 1. díl, strana 18, cvičení 1",duRDrs7JBeo,https://www.youtube.com/watch?v=duRDrs7JBeo
"4. ročník, 1. díl",https://www.matyskova-matematika.cz/4-rocnik-1-dil/video/str-18/,"4. ročník 1. díl, strana 18, cvičení 2",s9BoUMRZ-c4,https://www.youtube.com/watch?v=s9BoUMRZ-c4
"4. ročník, 1. díl",https://www.matyskova-matematika.cz/4-rocnik-1-dil/video/str-18/,"4. ročník 1. díl, strana 18, cvičení 3",FGI-urt5KQw,https://www.youtube.com/watch?v=FGI-urt5KQw
"4. ročník, 1. díl",https://www.matyskova-matematika.cz/4-rocnik-1-dil/video/str-19/,"4. ročník 1. díl, strana 19, cvičení 1",MA10YGpf7sM,https://www.youtube.com/watch?v=MA10YGpf7sM
"4. ročník, 1. díl",https://www.matyskova-matematika.cz/4-rocnik-1-dil/video/str-19/,"4. ročník 1. díl, strana 19, cvičení 2",N6K6A_YBJ5o,https://www.youtube.com/watch?v=N6K6A_YBJ5o
"4. ročník, 1. díl",https://www.matyskova-matematika.cz/4-rocnik-1-dil/video/str-19/,"4. ročník 1. díl, strana 19, cvičení 3",PFWGdrUjw1Q,https://www.youtube.com/watch?v=PFWGdrUjw1Q
"4. ročník, 1. díl",https://www.matyskova-matematika.cz/4-rocnik-1-dil/video/str-20/,"4. ročník 1. ročník, strana 20, cvičení 1",dRkLqjIm8lM,https://www.youtube.com/watch?v=dRkLqjIm8lM
"4. ročník, 1. díl",https://www.matyskova-matematika.cz/4-rocnik-1-dil/video/str-20/,"4. ročník 1. ročník, strana 20, cvičení 2",9dmm8mfPaJY,https://www.youtube.com/watch?v=9dmm8mfPaJY
"4. ročník, 1. díl",https://www.matyskova-matematika.cz/4-rocnik-1-dil/video/str-20/,"4. ročník 1. ročník, strana 20, cvičení 3",Y0PdaZAGf9A,https://www.youtube.com/watch?v=Y0PdaZAGf9A
"4. ročník, 1. díl",https://www.matyskova-matematika.cz/4-rocnik-1-dil/video/str-21/,"4. ročník 1. díl, strana 21, cvičení 1",ZcWLQ3qVE5s,https://www.youtube.com/watch?v=ZcWLQ3qVE5s
"4. ročník, 1. díl",https://www.matyskova-matematika.cz/4-rocnik-1-dil/video/str-21/,"4. ročník 1. díl, strana 21, cvičení 2",enNl7OF0L_A,https://www.youtube.com/watch?v=enNl7OF0L_A
"4. ročník, 1. díl",https://www.matyskova-matematika.cz/4-rocnik-1-dil/video/str-21/,"4. ročník 1. díl, strana 21, cvičení 3",OaIgUpAHEhE,https://www.youtube.com/watch?v=OaIgUpAHEhE
"4. ročník, 1. díl",https://www.matyskova-matematika.cz/4-rocnik-1-dil/video/str-22/,"4. ročník 1. díl, strana 22, cvičení 1",ifEQ-4uooKw,https://www.youtube.com/watch?v=ifEQ-4uooKw
"4. ročník, 1. díl",https://www.matyskova-matematika.cz/4-rocnik-1-dil/video/str-22/,"4. ročník 1. díl, strana 22, cvičení 2",8DVDus8GbBM,https://www.youtube.com/watch?v=8DVDus8GbBM
"4. ročník, 1. díl",https://www.matyskova-matematika.cz/4-rocnik-1-dil/video/str-22/,"4. ročník 1. díl, strana 22, cvičení 3",pZfFYcpQ0xM,https://www.youtube.com/watch?v=pZfFYcpQ0xM
"4. ročník, 1. díl",https://www.matyskova-matematika.cz/4-rocnik-1-dil/video/str-22/,"4. ročník 1. díl, strana 22, cvičení 4",XQ8IU2bsGUk,https://www.youtube.com/watch?v=XQ8IU2bsGUk
"4. ročník, 1. díl",https://www.matyskova-matematika.cz/4-rocnik-1-dil/video/str-23/,"4. ročník 1. díl, strana 23, cvičení 1 a 2",De1FgIanQkg,https://www.youtube.com/watch?v=De1FgIanQkg
"4. ročník, 1. díl",https://www.matyskova-matematika.cz/4-rocnik-1-dil/video/str-23/,"4. ročník 1. díl, strana 23, cvičení 3 a 4",4EMKm8dBO40,https://www.youtube.com/watch?v=4EMKm8dBO40
"4. ročník, 1. díl",https://www.matyskova-matematika.cz/4-rocnik-1-dil/video/str-24/,"4. ročník 1. díl, strana 24, cvičení 1",krV9cDsq7iw,https://www.youtube.com/watch?v=krV9cDsq7iw
"4. ročník, 1. díl",https://www.matyskova-matematika.cz/4-rocnik-1-dil/video/str-24/,"4. ročník 1. díl, strana 24, cvičení 2",hfbz1JlsQHE,https://www.youtube.com/watch?v=hfbz1JlsQHE
"4. ročník, 1. díl",https://www.matyskova-matematika.cz/4-rocnik-1-dil/video/str-24/,"4. ročník 1. díl, strana 24, cvičení 3",uuOpWZ1h5NA,https://www.youtube.com/watch?v=uuOpWZ1h5NA
"4. ročník, 1. díl",https://www.matyskova-matematika.cz/4-rocnik-1-dil/video/str-24/,"4. ročník 1. díl, strana 24, cvičení 4",FZHxjc9Tpi8,https://www.youtube.com/watch?v=FZHxjc9Tpi8
"4. ročník, 1. díl",https://www.matyskova-matematika.cz/4-rocnik-1-dil/video/str-24/,"4. ročník 1. díl, strana 24, cvičení 5",3eE3p5OtTx4,https://www.youtube.com/watch?v=3eE3p5OtTx4
"4. ročník, 1. díl",https://www.matyskova-matematika.cz/4-rocnik-1-dil/video/str-24/,"4. ročník 1. díl, strana 24, cvičení 6",AhnSmyRpgOQ,https://www.youtube.com/watch?v=AhnSmyRpgOQ
"4. ročník, 1. díl",https://www.matyskova-matematika.cz/4-rocnik-1-dil/video/str-25/,"4. ročník 1. díl, strana 25, cvičení 1",Jtkyh_Y1jRI,https://www.youtube.com/watch?v=Jtkyh_Y1jRI
"4. ročník, 1. díl",https://www.matyskova-matematika.cz/4-rocnik-1-dil/video/str-25/,"4. ročník 1. díl, strana 25, cvičení 2",3un_3sLQATE,https://www.youtube.com/watch?v=3un_3sLQATE
"4. ročník, 1. díl",https://www.matyskova-matematika.cz/4-rocnik-1-dil/video/str-25/,"4. ročník 1. díl, strana 25, cvičení 3",XgJmwyT3ZQc,https://www.youtube.com/watch?v=XgJmwyT3ZQc
"4. ročník, 1. díl",https://www.matyskova-matematika.cz/4-rocnik-1-dil/video/str-26/,"4. ročník 1. díl, strana 26, cvičení 1",vUbjhuvGEfY,https://www.youtube.com/watch?v=vUbjhuvGEfY
"4. ročník, 1. díl",https://www.matyskova-matematika.cz/4-rocnik-1-dil/video/str-26/,"4. ročník 1. díl, strana 26, cvičení 2",e1BJbl0nExY,https://www.youtube.com/watch?v=e1BJbl0nExY
"4. ročník, 1. díl",https://www.matyskova-matematika.cz/4-rocnik-1-dil/video/str-26/,"4. ročník 1. díl, strana 26, cvičení 3",RsRhDjvrwZA,https://www.youtube.com/watch?v=RsRhDjvrwZA
"4. ročník, 1. díl",https://www.matyskova-matematika.cz/4-rocnik-1-dil/video/str-27/,"4. ročník 1. díl, strana 27, cvičení 1",24_YKQVT22w,https://www.youtube.com/watch?v=24_YKQVT22w
"4. ročník, 1. díl",https://www.matyskova-matematika.cz/4-rocnik-1-dil/video/str-27/,"4. ročník 1. díl, strana 27, cvičení 2",D2VKyUo1BEE,https://www.youtube.com/watch?v=D2VKyUo1BEE
"4. ročník, 1. díl",https://www.matyskova-matematika.cz/4-rocnik-1-dil/video/str-27/,"4. ročník 1. díl, strana 27, cvičení 3",5pHwfCWMFZs,https://www.youtube.com/watch?v=5pHwfCWMFZs
"4. ročník, 1. díl",https://www.matyskova-matematika.cz/4-rocnik-1-dil/video/str-28/,"4. ročník 1. díl, strana 28, cvičení 1",CT2KzFRi0Vc,https://www.youtube.com/watch?v=CT2KzFRi0Vc
"4. ročník, 1. díl",https://www.matyskova-matematika.cz/4-rocnik-1-dil/video/str-28/,"4. ročník 1. díl, strana 28, cvičení 2",VfzlFo7VE9c,https://www.youtube.com/watch?v=VfzlFo7VE9c
"4. ročník, 1. díl",https://www.matyskova-matematika.cz/4-rocnik-1-dil/video/str-28/,"4. ročník 1. díl, strana 28, cvičení 3",z-LGE_nzX0o,https://www.youtube.com/watch?v=z-LGE_nzX0o
"4. ročník, 1. díl",https://www.matyskova-matematika.cz/4-rocnik-1-dil/video/str-29/,"4. ročník 1. díl, strana 29, cvičení 1",LYtsYHNULyc,https://www.youtube.com/watch?v=LYtsYHNULyc
"4. ročník, 1. díl",https://www.matyskova-matematika.cz/4-rocnik-1-dil/video/str-29/,"4. ročník 1. díl, strana 29, cvičení 2",iP6_kl34P_Y,https://www.youtube.com/watch?v=iP6_kl34P_Y
"4. ročník, 1. díl",https://www.matyskova-matematika.cz/4-rocnik-1-dil/video/str-29/,"4. ročník 1. díl, strana 29, cvičení 3",J8xZs9LYyH0,https://www.youtube.com/watch?v=J8xZs9LYyH0
"4. ročník, 1. díl",https://www.matyskova-matematika.cz/4-rocnik-1-dil/video/str-30/,"4. ročník 1. díl, strana 30, cvičení 1",qmWhZUkoI0c,https://www.youtube.com/watch?v=qmWhZUkoI0c
"4. ročník, 1. díl",https://www.matyskova-matematika.cz/4-rocnik-1-dil/video/str-30/,"4. ročník 1. díl, strana 30, cvičení 2",bfRxUe3WaGw,https://www.youtube.com/watch?v=bfRxUe3WaGw
"4. ročník, 1. díl",https://www.matyskova-matematika.cz/4-rocnik-1-dil/video/str-30/,"4. ročník 1. díl, strana 30, cvičení 3",8hp4OXkAFrA,https://www.youtube.com/watch?v=8hp4OXkAFrA
"4. ročník, 1. díl",https://www.matyskova-matematika.cz/4-rocnik-1-dil/video/str-31/,"4. ročník 1. díl, strana 31, cvičení 1",qQ3lqyLPi8k,https://www.youtube.com/watch?v=qQ3lqyLPi8k
"4. ročník, 1. díl",https://www.matyskova-matematika.cz/4-rocnik-1-dil/video/str-31/,"4. ročník 1. díl, strana 31, cvičení 2",A5-4mTI5h4s,https://www.youtube.com/watch?v=A5-4mTI5h4s
"4. ročník, 1. díl",https://www.matyskova-matematika.cz/4-rocnik-1-dil/video/str-31/,"4. ročník 1. díl, strana 31, cvičení 3",B5X8fLsvIJk,https://www.youtube.com/watch?v=B5X8fLsvIJk
"4. ročník, 1. díl",https://www.matyskova-matematika.cz/4-rocnik-1-dil/video/str-32/,"4. ročník 1. díl, strana 32, cvičení 1",CH0ovXYjIl8,https://www.youtube.com/watch?v=CH0ovXYjIl8
"4. ročník, 1. díl",https://www.matyskova-matematika.cz/4-rocnik-1-dil/video/str-32/,"4. ročník 1. díl, strana 32, cvičení 2",8azZt9YpRTc,https://www.youtube.com/watch?v=8azZt9YpRTc
"4. ročník, 1. díl",https://www.matyskova-matematika.cz/4-rocnik-1-dil/video/str-32/,"4. ročník 1. díl, strana 32, cvičení 3",cgTQkNPf4SA,https://www.youtube.com/watch?v=cgTQkNPf4SA
"4. ročník, 1. díl",https://www.matyskova-matematika.cz/4-rocnik-1-dil/video/str-33/,"4. ročník 1. díl, strana 33, cvičení 1",558wydnw5WY,https://www.youtube.com/watch?v=558wydnw5WY
"4. ročník, 1. díl",https://www.matyskova-matematika.cz/4-rocnik-1-dil/video/str-33/,"4. ročník 1. díl, strana 33, cvičení 2",VNFHq2XOZ-M,https://www.youtube.com/watch?v=VNFHq2XOZ-M
"4. ročník, 1. díl",https://www.matyskova-matematika.cz/4-rocnik-1-dil/video/str-33/,"4. ročník 1. díl, strana 33, cvičení 3",ghLYqqSOfTk,https://www.youtube.com/watch?v=ghLYqqSOfTk
"4. ročník, 1. díl",https://www.matyskova-matematika.cz/4-rocnik-1-dil/video/str-34/,"4. ročník 1. díl, strana 34, cvičení 1",DzP_HcUeDho,https://www.youtube.com/watch?v=DzP_HcUeDho
"4. ročník, 1. díl",https://www.matyskova-matematika.cz/4-rocnik-1-dil/video/str-34/,"4. ročník 1. díl, strana 34, cvičení 2",-J51knzsXMY,https://www.youtube.com/watch?v=-J51knzsXMY
"4. ročník, 1. díl",https://www.matyskova-matematika.cz/4-rocnik-1-dil/video/str-34/,"4. ročník 1. díl, strana 34, cvičení 3",VsCKG4mQbv8,https://www.youtube.com/watch?v=VsCKG4mQbv8
"4. ročník, 1. díl",https://www.matyskova-matematika.cz/4-rocnik-1-dil/video/str-34/,"4. ročník 1. díl, strana 34, cvičení 4",YQWwP8QlrHQ,https://www.youtube.com/watch?v=YQWwP8QlrHQ
"4. ročník, 1. díl",https://www.matyskova-matematika.cz/4-rocnik-1-dil/video/str-35/,"4. ročník 1. díl, strana 35, cvičení 1",DSJA27Kyp8g,https://www.youtube.com/watch?v=DSJA27Kyp8g
"4. ročník, 1. díl",https://www.matyskova-matematika.cz/4-rocnik-1-dil/video/str-35/,"4. ročník 1. díl, strana 35, cvičení 2",KUCZaSUwEeQ,https://www.youtube.com/watch?v=KUCZaSUwEeQ
"4. ročník, 1. díl",https://www.matyskova-matematika.cz/4-rocnik-1-dil/video/str-35/,"4. ročník 1. díl, strana 35, cvičení 3",SBsDjuTcx2c,https://www.youtube.com/watch?v=SBsDjuTcx2c
"4. ročník, 1. díl",https://www.matyskova-matematika.cz/4-rocnik-1-dil/video/str-35/,"4. ročník 1. díl, strana 35, cvičení 4",Su980Q4SoB0,https://www.youtube.com/watch?v=Su980Q4SoB0
"4. ročník, 1. díl",https://www.matyskova-matematika.cz/4-rocnik-1-dil/video/str-35/,"4. ročník 1. díl, strana 35, cvičení 5",S6a8jMmLY_o,https://www.youtube.com/watch?v=S6a8jMmLY_o
"4. ročník, 1. díl",https://www.matyskova-matematika.cz/4-rocnik-1-dil/video/str-36/,"4. ročník 1. díl, strana 36, cvičení 1",2u9h67FEiEw,https://www.youtube.com/watch?v=2u9h67FEiEw
"4. ročník, 1. díl",https://www.matyskova-matematika.cz/4-rocnik-1-dil/video/str-36/,"4. ročník 1. díl, strana 36, cvičení 2",w7hxR7Kf4o4,https://www.youtube.com/watch?v=w7hxR7Kf4o4
"4. ročník, 1. díl",https://www.matyskova-matematika.cz/4-rocnik-1-dil/video/str-36/,"4. ročník 1. díl, strana 36, cvičení 3",tZehkNc34Ro,https://www.youtube.com/watch?v=tZehkNc34Ro
"4. ročník, 1. díl",https://www.matyskova-matematika.cz/4-rocnik-1-dil/video/str-36/,"4. ročník 1. díl, strana 36, cvičení 4",Tf5XEqs_Ik8,https://www.youtube.com/watch?v=Tf5XEqs_Ik8
"4. ročník, 1. díl",https://www.matyskova-matematika.cz/4-rocnik-1-dil/video/str-37/,"4. ročník 1. díl, strana 37, cvičení 1",ROk3OJ2smW8,https://www.youtube.com/watch?v=ROk3OJ2smW8
"4. ročník, 1. díl",https://www.matyskova-matematika.cz/4-rocnik-1-dil/video/str-37/,"4. ročník 1. díl, strana 37, cvičení 2",uLUNrvbAGEg,https://www.youtube.com/watch?v=uLUNrvbAGEg
"4. ročník, 1. díl",https://www.matyskova-matematika.cz/4-rocnik-1-dil/video/str-37/,"4. ročník 1. díl, strana 37, cvičení 3",J9GPOsltnWo,https://www.youtube.com/watch?v=J9GPOsltnWo
"4. ročník, 1. díl",https://www.matyskova-matematika.cz/4-rocnik-1-dil/video/str-37/,"4. ročník 1. díl, strana 37, cvičení 4",Y2Amq-wB0gw,https://www.youtube.com/watch?v=Y2Amq-wB0gw
"4. ročník, 1. díl",https://www.matyskova-matematika.cz/4-rocnik-1-dil/video/str-37/,"4. ročník 1. díl, strana 37, cvičení 5",A0GWyR4fOwM,https://www.youtube.com/watch?v=A0GWyR4fOwM
"4. ročník, 1. díl",https://www.matyskova-matematika.cz/4-rocnik-1-dil/video/str-38/,"4. ročník 1. díl, strana 38, cvičení 1",476Lod0O_VA,https://www.youtube.com/watch?v=476Lod0O_VA
"4. ročník, 1. díl",https://www.matyskova-matematika.cz/4-rocnik-1-dil/video/str-38/,"4. ročník 1. díl, strana 38, úvod",yzNEt1-St5w,https://www.youtube.com/watch?v=yzNEt1-St5w
"4. ročník, 1. díl",https://www.matyskova-matematika.cz/4-rocnik-1-dil/video/str-39/,"4. ročník 1. díl, strana 39, cvičení 1",-tN_ApuBYBU,https://www.youtube.com/watch?v=-tN_ApuBYBU
"4. ročník, 1. díl",https://www.matyskova-matematika.cz/4-rocnik-1-dil/video/str-39/,"4. ročník 1. díl, strana 39, cvičení 2",MMU7-Tk6e50,https://www.youtube.com/watch?v=MMU7-Tk6e50
"4. ročník, 1. díl",https://www.matyskova-matematika.cz/4-rocnik-1-dil/video/str-39/,"4. ročník 1. díl, strana 39, cvičení 3",1KhMuQ_lFs8,https://www.youtube.com/watch?v=1KhMuQ_lFs8
"4. ročník, 1. díl",https://www.matyskova-matematika.cz/4-rocnik-1-dil/video/str-39/,"4. ročník 1. díl, strana 39, cvičení 4",u1DeGfxRpqo,https://www.youtube.com/watch?v=u1DeGfxRpqo
"4. ročník, 1. díl",https://www.matyskova-matematika.cz/4-rocnik-1-dil/video/str-39/,"4. ročník 1. díl, strana 39, cvičení 5",BqJ6OpepmJE,https://www.youtube.com/watch?v=BqJ6OpepmJE
"4. ročník, 1. díl",https://www.matyskova-matematika.cz/4-rocnik-1-dil/video/str-40/,"4. ročník 1. díl, strana 40, úvod",5Wu9p9iiVHA,https://www.youtube.com/watch?v=5Wu9p9iiVHA
"4. ročník, 1. díl",https://www.matyskova-matematika.cz/4-rocnik-1-dil/video/str-40/,"4. ročník 1. díl, strana 40, cvičení 1",pBv98j97bHg,https://www.youtube.com/watch?v=pBv98j97bHg
"4. ročník, 1. díl",https://www.matyskova-matematika.cz/4-rocnik-1-dil/video/str-40/,"4. ročník 1. díl, strana 40, cvičení 2",NpOe2MH1_9M,https://www.youtube.com/watch?v=NpOe2MH1_9M
"4. ročník, 1. díl",https://www.matyskova-matematika.cz/4-rocnik-1-dil/video/str-41/,"4. ročník 1. díl, strana 41, cvičení 1",wlC8lzrv3oU,https://www.youtube.com/watch?v=wlC8lzrv3oU
"4. ročník, 1. díl",https://www.matyskova-matematika.cz/4-rocnik-1-dil/video/str-41/,"4. ročník 1. díl, strana 41, cvičení 2",p2nfz3z35u8,https://www.youtube.com/watch?v=p2nfz3z35u8
"4. ročník, 1. díl",https://www.matyskova-matematika.cz/4-rocnik-1-dil/video/str-41/,"4. ročník 1. díl, strana 41, cvičení 3",C9UPYXyZDfY,https://www.youtube.com/watch?v=C9UPYXyZDfY
"4. ročník, 1. díl",https://www.matyskova-matematika.cz/4-rocnik-1-dil/video/str-41/,"4. ročník 1. díl, strana 41, cvičení 4",6XqWd8TPfU4,https://www.youtube.com/watch?v=6XqWd8TPfU4
"4. ročník, 1. díl",https://www.matyskova-matematika.cz/4-rocnik-1-dil/video/str-42/,"4. ročník 1. díl, strana 42, úvod",Plu-DO_T-oc,https://www.youtube.com/watch?v=Plu-DO_T-oc
"4. ročník, 1. díl",https://www.matyskova-matematika.cz/4-rocnik-1-dil/video/str-42/,"4. ročník 1. díl, strana 42, cvičení 1",3BAPh7qo0ew,https://www.youtube.com/watch?v=3BAPh7qo0ew
"4. ročník, 1. díl",https://www.matyskova-matematika.cz/4-rocnik-1-dil/video/str-42/,"4. ročník 1. díl, strana 42, cvičení 2",RoE6tk91Vtc,https://www.youtube.com/watch?v=RoE6tk91Vtc
"4. ročník, 1. díl",https://www.matyskova-matematika.cz/4-rocnik-1-dil/video/str-42/,"4. ročník 1. díl, strana 42, cvičení 3",gyuB8iHCeOk,https://www.youtube.com/watch?v=gyuB8iHCeOk
"4. ročník, 1. díl",https://www.matyskova-matematika.cz/4-rocnik-1-dil/video/str-43/,"4. ročník 1. díl, strana 43, cvičení 1",j1c15H4wFCs,https://www.youtube.com/watch?v=j1c15H4wFCs
"4. ročník, 1. díl",https://www.matyskova-matematika.cz/4-rocnik-1-dil/video/str-43/,"4. ročník 1. díl, strana 43, cvičení 2",loBBKqY3QAI,https://www.youtube.com/watch?v=loBBKqY3QAI
"4. ročník, 1. díl",https://www.matyskova-matematika.cz/4-rocnik-1-dil/video/str-43/,"4. ročník 1. díl, strana 43, cvičení 3",Oe7c4Ouqc4c,https://www.youtube.com/watch?v=Oe7c4Ouqc4c
"4. ročník, 1. díl",https://www.matyskova-matematika.cz/4-rocnik-1-dil/video/str-44/,"4. ročník 1. díl, strana 44, cvičení 1",GXNrokepgIw,https://www.youtube.com/watch?v=GXNrokepgIw
"4. ročník, 1. díl",https://www.matyskova-matematika.cz/4-rocnik-1-dil/video/str-44/,"4. ročník 1. díl, strana 44, cvičení 2",MnDs_X3pydA,https://www.youtube.com/watch?v=MnDs_X3pydA
"4. ročník, 1. díl",https://www.matyskova-matematika.cz/4-rocnik-1-dil/video/str-44/,"4. ročník 1. díl, strana 44, cvičení 3",XroMuEVD6LA,https://www.youtube.com/watch?v=XroMuEVD6LA
"4. ročník, 1. díl",https://www.matyskova-matematika.cz/4-rocnik-1-dil/video/str-44/,"4. ročník 1. díl, strana 44, cvičení 4",Z56KdTMIE6I,https://www.youtube.com/watch?v=Z56KdTMIE6I
"4. ročník, 1. díl",https://www.matyskova-matematika.cz/4-rocnik-1-dil/video/str-44/,"4. ročník 1. díl, strana 44, cvičení 5",ziA7xp8BR08,https://www.youtube.com/watch?v=ziA7xp8BR08
"4. ročník, 1. díl",https://www.matyskova-matematika.cz/4-rocnik-1-dil/video/str-45/,"4. ročník 1. díl, strana 45, cvičení 1",hnWaY1G8Tm0,https://www.youtube.com/watch?v=hnWaY1G8Tm0
"4. ročník, 1. díl",https://www.matyskova-matematika.cz/4-rocnik-1-dil/video/str-45/,"4. ročník 1. díl, strana 45, cvičení 2",gJzqUTB1nM4,https://www.youtube.com/watch?v=gJzqUTB1nM4
"4. ročník, 1. díl",https://www.matyskova-matematika.cz/4-rocnik-1-dil/video/str-45/,"4. ročník 1. díl, strana 45, cvičení 3",kbqmypaoKyc,https://www.youtube.com/watch?v=kbqmypaoKyc
"4. ročník, 1. díl",https://www.matyskova-matematika.cz/4-rocnik-1-dil/video/str-45/,"4. ročník 1. díl, strana 45, cvičení 4",MOWVyX2wiL8,https://www.youtube.com/watch?v=MOWVyX2wiL8
"4. ročník, 1. díl",https://www.matyskova-matematika.cz/4-rocnik-1-dil/video/str-45/,"4. ročník 1. díl, strana 45, cvičení 5",Ne-Nlv0TnPU,https://www.youtube.com/watch?v=Ne-Nlv0TnPU
"4. ročník, 1. díl",https://www.matyskova-matematika.cz/4-rocnik-1-dil/video/str-46/,"4. ročník 1. díl, strana 46, cvičení 1",dTkgbuGzDZs,https://www.youtube.com/watch?v=dTkgbuGzDZs
"4. ročník, 1. díl",https://www.matyskova-matematika.cz/4-rocnik-1-dil/video/str-46/,"4. ročník 1. díl, strana 46, cvičení 2",3P-ZPT9q6hM,https://www.youtube.com/watch?v=3P-ZPT9q6hM
"4. ročník, 1. díl",https://www.matyskova-matematika.cz/4-rocnik-1-dil/video/str-46/,"4. ročník 1. díl, strana 46, cvičení 3",YlqiSwV3_DA,https://www.youtube.com/watch?v=YlqiSwV3_DA
"4. ročník, 1. díl",https://www.matyskova-matematika.cz/4-rocnik-1-dil/video/str-46/,"4. ročník 1. díl, strana 46, cvičení 4",SYpbcAy0Ng4,https://www.youtube.com/watch?v=SYpbcAy0Ng4
"4. ročník, 1. díl",https://www.matyskova-matematika.cz/4-rocnik-1-dil/video/str-46/,"4. ročník 1. díl, strana 46, cvičení 5",zNiz7i_KeZU,https://www.youtube.com/watch?v=zNiz7i_KeZU
"4. ročník, 1. díl",https://www.matyskova-matematika.cz/4-rocnik-1-dil/video/str-47/,"4. ročník, strana 47, cvičení 1",J32rSACrnK8,https://www.youtube.com/watch?v=J32rSACrnK8
"4. ročník, 1. díl",https://www.matyskova-matematika.cz/4-rocnik-1-dil/video/str-47/,"4. ročník, strana 47, cvičení 2",UB8u3fO6fZE,https://www.youtube.com/watch?v=UB8u3fO6fZE
"4. ročník, 1. díl",https://www.matyskova-matematika.cz/4-rocnik-1-dil/video/str-47/,"4. ročník, strana 47, cvičení 3",T2X-z47TMiU,https://www.youtube.com/watch?v=T2X-z47TMiU
"4. ročník, 1. díl",https://www.matyskova-matematika.cz/4-rocnik-1-dil/video/str-47/,"4. ročník, strana 47, cvičení 4",BM1zGq6bAh8,https://www.youtube.com/watch?v=BM1zGq6bAh8
"4. ročník, 1. díl",https://www.matyskova-matematika.cz/4-rocnik-1-dil/video/str-47/,"4. ročník, strana 47, cvičení 5",ADlsRKCYsBY,https://www.youtube.com/watch?v=ADlsRKCYsBY
"4. ročník, 1. díl",https://www.matyskova-matematika.cz/4-rocnik-1-dil/video/str-48/,"4. ročník 1. ročník, strana 48, cvičení 1",a7Ql43WVBnU,https://www.youtube.com/watch?v=a7Ql43WVBnU
"4. ročník, 1. díl",https://www.matyskova-matematika.cz/4-rocnik-1-dil/video/str-48/,"4. ročník 1. ročník, strana 48, cvičení 2",vFb4E57RiNU,https://www.youtube.com/watch?v=vFb4E57RiNU
"4. ročník, 1. díl",https://www.matyskova-matematika.cz/4-rocnik-1-dil/video/str-48/,"4. ročník 1. ročník, strana 48, cvičení 3",XT5w5O7HEz8,https://www.youtube.com/watch?v=XT5w5O7HEz8
"4. ročník, 1. díl",https://www.matyskova-matematika.cz/4-rocnik-1-dil/video/str-48/,"4. ročník 1. ročník, strana 48, cvičení 4",laTHYhk-jWQ,https://www.youtube.com/watch?v=laTHYhk-jWQ
"4. ročník, 1. díl",https://www.matyskova-matematika.cz/4-rocnik-1-dil/video/str-48/,"4. ročník 1. ročník, strana 48, cvičení 5",b6QVS9qtt1k,https://www.youtube.com/watch?v=b6QVS9qtt1k
"4. ročník, 1. díl",https://www.matyskova-matematika.cz/4-rocnik-1-dil/video/str-49/,"4. ročník 1. díl, strana 49, cvičení 1",_ARk8g9g-G0,https://www.youtube.com/watch?v=_ARk8g9g-G0
"4. ročník, 1. díl",https://www.matyskova-matematika.cz/4-rocnik-1-dil/video/str-49/,"4. ročník 1. díl, strana 49, cvičení 2",WTn0DUieFMc,https://www.youtube.com/watch?v=WTn0DUieFMc
"4. ročník, 1. díl",https://www.matyskova-matematika.cz/4-rocnik-1-dil/video/str-49/,"4. ročník 1. díl, strana 49, cvičení 3",9QXrHpUN77I,https://www.youtube.com/watch?v=9QXrHpUN77I
"4. ročník, 1. díl",https://www.matyskova-matematika.cz/4-rocnik-1-dil/video/str-49/,"4. ročník 1. díl, strana 49, cvičení 4",wp0hCYePPlI,https://www.youtube.com/watch?v=wp0hCYePPlI
"4. ročník, 1. díl",https://www.matyskova-matematika.cz/4-rocnik-1-dil/video/str-50/,"4. ročník 1. díl, strana 50, cvičení 1",j1bMIsfvSqE,https://www.youtube.com/watch?v=j1bMIsfvSqE
"4. ročník, 1. díl",https://www.matyskova-matematika.cz/4-rocnik-1-dil/video/str-50/,"4. ročník 1. díl, strana 50, cvičení 2",lNdLU0GjPmU,https://www.youtube.com/watch?v=lNdLU0GjPmU
"4. ročník, 1. díl",https://www.matyskova-matematika.cz/4-rocnik-1-dil/video/str-50/,"4. ročník 1. díl, strana 50, cvičení 3",5wbeHiZixbg,https://www.youtube.com/watch?v=5wbeHiZixbg
"4. ročník, 1. díl",https://www.matyskova-matematika.cz/4-rocnik-1-dil/video/str-50/,"4. ročník 1. díl, strana 50, cvičení 4",IdmA_luk_-w,https://www.youtube.com/watch?v=IdmA_luk_-w
"4. ročník, 1. díl",https://www.matyskova-matematika.cz/4-rocnik-1-dil/video/str-50/,"4. ročník 1. díl, strana 50, cvičení 5",yBJidPrzkiw,https://www.youtube.com/watch?v=yBJidPrzkiw
"4. ročník, 1. díl",https://www.matyskova-matematika.cz/4-rocnik-1-dil/video/str-50/,"4. ročník 1. díl, strana 50, cvičení 6",xr5W-3ZjRLU,https://www.youtube.com/watch?v=xr5W-3ZjRLU
"4. ročník, 1. díl",https://www.matyskova-matematika.cz/4-rocnik-1-dil/video/str-51/,"4. ročník 1. díl, strana 51, cvičení 1",QTk6cWovM_I,https://www.youtube.com/watch?v=QTk6cWovM_I
"4. ročník, 1. díl",https://www.matyskova-matematika.cz/4-rocnik-1-dil/video/str-51/,"4. ročník 2. díl, strana 51, cvičení 2",gjVQmrs-HKg,https://www.youtube.com/watch?v=gjVQmrs-HKg
"4. ročník, 1. díl",https://www.matyskova-matematika.cz/4-rocnik-1-dil/video/str-51/,"4. ročník 1. díl, strana 51, cvičení 3",WI0Mx-ZJmmU,https://www.youtube.com/watch?v=WI0Mx-ZJmmU
"4. ročník, 1. díl",https://www.matyskova-matematika.cz/4-rocnik-1-dil/video/str-52/,"4. ročník 1. díl, strana 52, cvičení 1",-ioFSGF8nOQ,https://www.youtube.com/watch?v=-ioFSGF8nOQ
"4. ročník, 1. díl",https://www.matyskova-matematika.cz/4-rocnik-1-dil/video/str-52/,"4. ročník 1. díl, strana 52, cvičení 2",hw7sZsoNhIk,https://www.youtube.com/watch?v=hw7sZsoNhIk
"4. ročník, 1. díl",https://www.matyskova-matematika.cz/4-rocnik-1-dil/video/str-52/,"4. ročník 1. díl, strana 52, cvičení 3",8Lc1nGowpMg,https://www.youtube.com/watch?v=8Lc1nGowpMg
"4. ročník, 1. díl",https://www.matyskova-matematika.cz/4-rocnik-1-dil/video/str-52/,"4. ročník 1. díl, strana 52, cvičení 4",zQRTCqvF-Bk,https://www.youtube.com/watch?v=zQRTCqvF-Bk
"4. ročník, 1. díl",https://www.matyskova-matematika.cz/4-rocnik-1-dil/video/str-53/,"4. ročník 1. díl, strana 53, cvičení 1",Hlx6bcZfOUc,https://www.youtube.com/watch?v=Hlx6bcZfOUc
"4. ročník, 1. díl",https://www.matyskova-matematika.cz/4-rocnik-1-dil/video/str-53/,"4. ročník 1. díl, strana 53, cvičení 2",qK8yWWjozzo,https://www.youtube.com/watch?v=qK8yWWjozzo
"4. ročník, 1. díl",https://www.matyskova-matematika.cz/4-rocnik-1-dil/video/str-53/,"4. ročník 1. díl, strana 53, cvičení 3",wJonFqA567Q,https://www.youtube.com/watch?v=wJonFqA567Q
"4. ročník, 1. díl",https://www.matyskova-matematika.cz/4-rocnik-1-dil/video/str-53/,"4. ročník 1. díl, strana 53, cvičení 4",RlKDgnRNn6s,https://www.youtube.com/watch?v=RlKDgnRNn6s
"4. ročník, 1. díl",https://www.matyskova-matematika.cz/4-rocnik-1-dil/video/str-54/,"4. ročník 1. díl, strana 54, cvičení 1 a 2",k45zIW2sZjM,https://www.youtube.com/watch?v=k45zIW2sZjM
"4. ročník, 1. díl",https://www.matyskova-matematika.cz/4-rocnik-1-dil/video/str-55/,"4. ročník 1. díl, strana 55, cvičení 1A",CSAmIDzgmBY,https://www.youtube.com/watch?v=CSAmIDzgmBY
"4. ročník, 1. díl",https://www.matyskova-matematika.cz/4-rocnik-1-dil/video/str-55/,"4. ročník 1. díl, strana 55, cvičení 1B",vUmyQLmG_Cc,https://www.youtube.com/watch?v=vUmyQLmG_Cc
"4. ročník, 1. díl",https://www.matyskova-matematika.cz/4-rocnik-1-dil/video/str-55/,"4. ročník 1. díl, strana 55, cvičení 2",LQT9ciKQkr8,https://www.youtube.com/watch?v=LQT9ciKQkr8
"4. ročník, 1. díl",https://www.matyskova-matematika.cz/4-rocnik-1-dil/video/str-55/,"4. ročník 1. díl, strana 55, cvičení 3",AjRyZxtL1RU,https://www.youtube.com/watch?v=AjRyZxtL1RU
"4. ročník, 1. díl",https://www.matyskova-matematika.cz/4-rocnik-1-dil/video/str-55/,"4. ročník 1. díl, strana 55, cvičení 4",DLxZyHviSHk,https://www.youtube.com/watch?v=DLxZyHviSHk
"4. ročník, 1. díl",https://www.matyskova-matematika.cz/4-rocnik-1-dil/video/str-55/,"4. ročník 1. díl, strana 55, cvičení 5",VJ0rpWvMoSk,https://www.youtube.com/watch?v=VJ0rpWvMoSk
"4. ročník, 1. díl",https://www.matyskova-matematika.cz/4-rocnik-1-dil/video/str-56/,"4. ročník 1. díl, strana 56, cvičení 1",IhPynFHe23I,https://www.youtube.com/watch?v=IhPynFHe23I
"4. ročník, 1. díl",https://www.matyskova-matematika.cz/4-rocnik-1-dil/video/str-56/,"4. ročník 1. díl, strana 56, cvičení 2",Q0bLx3YGMRo,https://www.youtube.com/watch?v=Q0bLx3YGMRo
"4. ročník, 1. díl",https://www.matyskova-matematika.cz/4-rocnik-1-dil/video/str-56/,"4. ročník 1. díl, strana 56, cvičení 3",V7eUoc7I9E4,https://www.youtube.com/watch?v=V7eUoc7I9E4
"4. ročník, 1. díl",https://www.matyskova-matematika.cz/4-rocnik-1-dil/video/str-56/,"4. ročník 1. díl, strana 56, cvičení 4",kgIBq2mzEzU,https://www.youtube.com/watch?v=kgIBq2mzEzU
"4. ročník, 1. díl",https://www.matyskova-matematika.cz/4-rocnik-1-dil/video/str-56/,"4. ročník 1. díl, strana 56, cvičení 5",N6WydvSs-D0,https://www.youtube.com/watch?v=N6WydvSs-D0
"4. ročník, 1. díl",https://www.matyskova-matematika.cz/4-rocnik-1-dil/video/str-56/,"4. ročník 1. díl, strana 56, cvičení 6",gjUH2LZfPT0,https://www.youtube.com/watch?v=gjUH2LZfPT0
"4. ročník, 1. díl",https://www.matyskova-matematika.cz/4-rocnik-1-dil/video/str-57/,"4. ročník 1. díl, strana 57, cvičení 1",-ekhvfhsdns,https://www.youtube.com/watch?v=-ekhvfhsdns
"4. ročník, 1. díl",https://www.matyskova-matematika.cz/4-rocnik-1-dil/video/str-57/,"4. ročník 1. díl, strana 57, cvičení 2",p0iRQG7EXM0,https://www.youtube.com/watch?v=p0iRQG7EXM0
"4. ročník, 1. díl",https://www.matyskova-matematika.cz/4-rocnik-1-dil/video/str-57/,"4. ročník 1. díl, strana 57, cvičení 3",eTleQpmywUA,https://www.youtube.com/watch?v=eTleQpmywUA
"4. ročník, 1. díl",https://www.matyskova-matematika.cz/4-rocnik-1-dil/video/str-57/,"4. ročník 1. díl, strana 57, cvičení 4",dtAshDKpHfE,https://www.youtube.com/watch?v=dtAshDKpHfE
"4. ročník, 1. díl",https://www.matyskova-matematika.cz/4-rocnik-1-dil/video/str-58/,"4. ročník 1. díl, strana 58, cvičení 1",ghMwgrJX3Zs,https://www.youtube.com/watch?v=ghMwgrJX3Zs
"4. ročník, 1. díl",https://www.matyskova-matematika.cz/4-rocnik-1-dil/video/str-58/,"4. ročník 1. díl, strana 58, cvičení 2",l-w3_JlsugM,https://www.youtube.com/watch?v=l-w3_JlsugM
"4. ročník, 1. díl",https://www.matyskova-matematika.cz/4-rocnik-1-dil/video/str-58/,"4. ročník 1. díl, strana 58, cvičení 3",9AFYFyXidqg,https://www.youtube.com/watch?v=9AFYFyXidqg
"4. ročník, 1. díl",https://www.matyskova-matematika.cz/4-rocnik-1-dil/video/str-58/,"4. ročník 1. díl, strana 58, cvičení 4",r_gYvld2gLQ,https://www.youtube.com/watch?v=r_gYvld2gLQ
"4. ročník, 1. díl",https://www.matyskova-matematika.cz/4-rocnik-1-dil/video/str-58/,"4. ročník 1. díl, strana 58, cvičení 5",AYZ6DIwWXwk,https://www.youtube.com/watch?v=AYZ6DIwWXwk
"4. ročník, 1. díl",https://www.matyskova-matematika.cz/4-rocnik-1-dil/video/str-59/,"4. ročník 1. díl, strana 59, cvičení 1",6KeLYFpOsP0,https://www.youtube.com/watch?v=6KeLYFpOsP0
"4. ročník, 1. díl",https://www.matyskova-matematika.cz/4-rocnik-1-dil/video/str-59/,"4. ročník 1. díl, strana 59, cvičení 2",MCEi1lIGIO8,https://www.youtube.com/watch?v=MCEi1lIGIO8
"4. ročník, 1. díl",https://www.matyskova-matematika.cz/4-rocnik-1-dil/video/str-59/,"4. ročník 1. díl, strana 59, cvičení 3, 4",3wMntu67P5o,https://www.youtube.com/watch?v=3wMntu67P5o
"4. ročník, 1. díl",https://www.matyskova-matematika.cz/4-rocnik-1-dil/video/str-59/,"4. ročník 1. díl, strana 59, cvičení 5",5lU6UB97cPw,https://www.youtube.com/watch?v=5lU6UB97cPw
"4. ročník, 1. díl",https://www.matyskova-matematika.cz/4-rocnik-1-dil/video/str-60/,"4. ročník 1. díl, strana 60, cvičení 1",h6S-BAVX4DY,https://www.youtube.com/watch?v=h6S-BAVX4DY
"4. ročník, 1. díl",https://www.matyskova-matematika.cz/4-rocnik-1-dil/video/str-60/,"4. ročník 1. díl, strana 60, cvičení 2",-c2VoYC1U3w,https://www.youtube.com/watch?v=-c2VoYC1U3w
"4. ročník, 1. díl",https://www.matyskova-matematika.cz/4-rocnik-1-dil/video/str-60/,"4. ročník 1. díl, strana 60, cvičení 3",TaHCgOnDEBE,https://www.youtube.com/watch?v=TaHCgOnDEBE
"4. ročník, 1. díl",https://www.matyskova-matematika.cz/4-rocnik-1-dil/video/str-60/,"4. ročník 1. díl, strana 60, cvičení 4",PxJUEy8E7Go,https://www.youtube.com/watch?v=PxJUEy8E7Go
"4. ročník, 1. díl",https://www.matyskova-matematika.cz/4-rocnik-1-dil/video/str-60/,"4. ročník 1. díl, strana 60, cvičení 5",v23_mItci08,https://www.youtube.com/watch?v=v23_mItci08
"4. ročník, 1. díl",https://www.matyskova-matematika.cz/4-rocnik-1-dil/video/str-61/,"4. ročník 1. díl, strana 61, cvičení 1",hjF7U-5l87U,https://www.youtube.com/watch?v=hjF7U-5l87U
"4. ročník, 1. díl",https://www.matyskova-matematika.cz/4-rocnik-1-dil/video/str-61/,"4. ročník 1. díl, strana 61, cvičení 2",FpTRpSNlAAg,https://www.youtube.com/watch?v=FpTRpSNlAAg
"4. ročník, 1. díl",https://www.matyskova-matematika.cz/4-rocnik-1-dil/video/str-61/,"4. ročník 1. díl, strana 61, cvičení 3",-4v3mIOx3MA,https://www.youtube.com/watch?v=-4v3mIOx3MA
"4. ročník, 1. díl",https://www.matyskova-matematika.cz/4-rocnik-1-dil/video/str-61/,"4. ročník 1. díl, strana 61, cvičení 4",TwF1sKHZDKc,https://www.youtube.com/watch?v=TwF1sKHZDKc
"4. ročník, 1. díl",https://www.matyskova-matematika.cz/4-rocnik-1-dil/video/str-61/,"4. ročník 1. díl, strana 61, cvičení 5",RqNelyB73AA,https://www.youtube.com/watch?v=RqNelyB73AA
"4. ročník, 1. díl",https://www.matyskova-matematika.cz/4-rocnik-1-dil/video/str-62/,"4. ročník, strana 62, cvičení 1",0ZyKmocfDPU,https://www.youtube.com/watch?v=0ZyKmocfDPU
"4. ročník, 1. díl",https://www.matyskova-matematika.cz/4-rocnik-1-dil/video/str-62/,"4. ročník, strana 62, cvičení 2",Dx2smF53my8,https://www.youtube.com/watch?v=Dx2smF53my8
"4. ročník, 1. díl",https://www.matyskova-matematika.cz/4-rocnik-1-dil/video/str-62/,"4. ročník, strana 62, cvičení 3",IohXGZsut7g,https://www.youtube.com/watch?v=IohXGZsut7g
"4. ročník, 1. díl",https://www.matyskova-matematika.cz/4-rocnik-1-dil/video/str-63/,"4. ročník 1. díl, strana 63, cvičení 1",P-Hk_gNwioM,https://www.youtube.com/watch?v=P-Hk_gNwioM
"4. ročník, 1. díl",https://www.matyskova-matematika.cz/4-rocnik-1-dil/video/str-63/,"4. ročník 1. díl, strana 63, cvičení 2",-MNQF-80PdU,https://www.youtube.com/watch?v=-MNQF-80PdU
"4. ročník, 1. díl",https://www.matyskova-matematika.cz/4-rocnik-1-dil/video/str-63/,"4. ročník 1. díl, strana 63, cvičení 3",eX1VM09HhaA,https://www.youtube.com/watch?v=eX1VM09HhaA
"4. ročník, 1. díl",https://www.matyskova-matematika.cz/4-rocnik-1-dil/video/str-64/,"4. ročník 1. díl, strana 64, cvičení 1",U3T2mXFQq6w,https://www.youtube.com/watch?v=U3T2mXFQq6w
"4. ročník, 1. díl",https://www.matyskova-matematika.cz/4-rocnik-1-dil/video/str-64/,"4. ročník 1. díl, strana 64, cvičení 2",Y0T3KIbdvEg,https://www.youtube.com/watch?v=Y0T3KIbdvEg
"4. ročník, 1. díl",https://www.matyskova-matematika.cz/4-rocnik-1-dil/video/str-64/,"4. ročník 1. díl, strana 64, cvičení 3",5rOQwwU0ljc,https://www.youtube.com/watch?v=5rOQwwU0ljc
"4. ročník, 1. díl",https://www.matyskova-matematika.cz/4-rocnik-1-dil/video/str-64/,"4. ročník 1. díl, strana 64, cvičení 4",TPjOWx-1FOU,https://www.youtube.com/watch?v=TPjOWx-1FOU
"4. ročník, 2. díl",https://www.matyskova-matematika.cz/4-rocnik-2-dil/video/str-2/,"4. ročník 2. díl, strana 2, cvičení 1",rUAKl2KtQjw,https://www.youtube.com/watch?v=rUAKl2KtQjw
"4. ročník, 2. díl",https://www.matyskova-matematika.cz/4-rocnik-2-dil/video/str-2/,"4. ročník 2. díl, strana 2, cvičení 2",xKkwSl6xbJk,https://www.youtube.com/watch?v=xKkwSl6xbJk
"4. ročník, 2. díl",https://www.matyskova-matematika.cz/4-rocnik-2-dil/video/str-2/,"4. ročník 2. díl, strana 2, cvičení 3",dkeV3xjSzAI,https://www.youtube.com/watch?v=dkeV3xjSzAI
"4. ročník, 2. díl",https://www.matyskova-matematika.cz/4-rocnik-2-dil/video/str-2/,"4. ročník 2. díl, strana 2, cvičení 4",MfjVJKHED6Q,https://www.youtube.com/watch?v=MfjVJKHED6Q
"4. ročník, 2. díl",https://www.matyskova-matematika.cz/4-rocnik-2-dil/video/str-3/,"4. ročník 2. díl, strana 3, cvičení 1",SlgfAlHD3Y4,https://www.youtube.com/watch?v=SlgfAlHD3Y4
"4. ročník, 2. díl",https://www.matyskova-matematika.cz/4-rocnik-2-dil/video/str-3/,"4. ročník 2. díl, strana 3, cvičení 2",SI182pI2Rtc,https://www.youtube.com/watch?v=SI182pI2Rtc
"4. ročník, 2. díl",https://www.matyskova-matematika.cz/4-rocnik-2-dil/video/str-3/,"4. ročník 2. díl, strana 3, cvičení 3",ZXLYuDMO-Hs,https://www.youtube.com/watch?v=ZXLYuDMO-Hs
"4. ročník, 2. díl",https://www.matyskova-matematika.cz/4-rocnik-2-dil/video/str-3/,"4. ročník 2. díl, strana 3, cvičení 4",c2-eOHqVt8I,https://www.youtube.com/watch?v=c2-eOHqVt8I
"4. ročník, 2. díl",https://www.matyskova-matematika.cz/4-rocnik-2-dil/video/str-4/,"4. ročník 2. díl, strana 4, cvičení 1",R8jHl3Tt-EU,https://www.youtube.com/watch?v=R8jHl3Tt-EU
"4. ročník, 2. díl",https://www.matyskova-matematika.cz/4-rocnik-2-dil/video/str-4/,"4. ročník 2. díl, strana 4, cvičení 2",rN22Oq86wDM,https://www.youtube.com/watch?v=rN22Oq86wDM
"4. ročník, 2. díl",https://www.matyskova-matematika.cz/4-rocnik-2-dil/video/str-4/,"4. ročník 2. díl, strana 4, cvičení 3",cDJZKV8HjuQ,https://www.youtube.com/watch?v=cDJZKV8HjuQ
"4. ročník, 2. díl",https://www.matyskova-matematika.cz/4-rocnik-2-dil/video/str-4/,"4. ročník 2. díl, strana 4, cvičení 4",gNSRoH_zvS4,https://www.youtube.com/watch?v=gNSRoH_zvS4
"4. ročník, 2. díl",https://www.matyskova-matematika.cz/4-rocnik-2-dil/video/str-5/,"4. ročník 2. díl, strana 5, cvičení 1",4mbn_AxMzQs,https://www.youtube.com/watch?v=4mbn_AxMzQs
"4. ročník, 2. díl",https://www.matyskova-matematika.cz/4-rocnik-2-dil/video/str-5/,"4. ročník 2. díl, strana 5, cvičení 2",fo-P-6G1orM,https://www.youtube.com/watch?v=fo-P-6G1orM
"4. ročník, 2. díl",https://www.matyskova-matematika.cz/4-rocnik-2-dil/video/str-5/,"4. ročník 2. díl, strana 5, cvičení 3",YXKAqZ55Y-w,https://www.youtube.com/watch?v=YXKAqZ55Y-w
"4. ročník, 2. díl",https://www.matyskova-matematika.cz/4-rocnik-2-dil/video/str-5/,"4. ročník 2. díl, strana 5, cvičení 4",IWagjiQdVjY,https://www.youtube.com/watch?v=IWagjiQdVjY
"4. ročník, 2. díl",https://www.matyskova-matematika.cz/4-rocnik-2-dil/video/str-6/,"4. ročník 2. díl, strana 6, cvičení 1",v7HPWju4D9w,https://www.youtube.com/watch?v=v7HPWju4D9w
"4. ročník, 2. díl",https://www.matyskova-matematika.cz/4-rocnik-2-dil/video/str-6/,"4. ročník 2. díl, strana 6, cvičení 2",aQps-WUteu0,https://www.youtube.com/watch?v=aQps-WUteu0
"4. ročník, 2. díl",https://www.matyskova-matematika.cz/4-rocnik-2-dil/video/str-6/,"4. ročník 2. díl, strana 6, cvičení 3",UiluapQdxhA,https://www.youtube.com/watch?v=UiluapQdxhA
"4. ročník, 2. díl",https://www.matyskova-matematika.cz/4-rocnik-2-dil/video/str-7/,"4. ročník 2. díl, strana 7, cvičení 1",oTFj-MYvttQ,https://www.youtube.com/watch?v=oTFj-MYvttQ
"4. ročník, 2. díl",https://www.matyskova-matematika.cz/4-rocnik-2-dil/video/str-7/,"4. ročník 2. díl, strana 7, cvičení 2",-IdV3AXd1v8,https://www.youtube.com/watch?v=-IdV3AXd1v8
"4. ročník, 2. díl",https://www.matyskova-matematika.cz/4-rocnik-2-dil/video/str-7/,"4. ročník 2. díl, strana 7, cvičení 3",FxQLsXZIRN4,https://www.youtube.com/watch?v=FxQLsXZIRN4
"4. ročník, 2. díl",https://www.matyskova-matematika.cz/4-rocnik-2-dil/video/str-7/,"4. ročník 2. díl, strana 7, cvičení 4",bn8sLBxSBFc,https://www.youtube.com/watch?v=bn8sLBxSBFc
"4. ročník, 2. díl",https://www.matyskova-matematika.cz/4-rocnik-2-dil/video/str-7/,"4. ročník 2. díl, strana 7, cvičení 5",6DycjBGSmXE,https://www.youtube.com/watch?v=6DycjBGSmXE
"4. ročník, 2. díl",https://www.matyskova-matematika.cz/4-rocnik-2-dil/video/str-8/,"4. ročník 2. díl, strana 8, cvičení 1",2JJglpdNN24,https://www.youtube.com/watch?v=2JJglpdNN24
"4. ročník, 2. díl",https://www.matyskova-matematika.cz/4-rocnik-2-dil/video/str-8/,"4. ročník 2. díl, strana 8, cvičení 2",NMnQ_YdZuqU,https://www.youtube.com/watch?v=NMnQ_YdZuqU
"4. ročník, 2. díl",https://www.matyskova-matematika.cz/4-rocnik-2-dil/video/str-8/,"4. ročník 2. díl, strana 8, cvičení 3",nuPO2W-FycM,https://www.youtube.com/watch?v=nuPO2W-FycM
"4. ročník, 2. díl",https://www.matyskova-matematika.cz/4-rocnik-2-dil/video/str-9/,"4. ročník 2. díl, strana 9, cvičení 1",KduJlzar-GY,https://www.youtube.com/watch?v=KduJlzar-GY
"4. ročník, 2. díl",https://www.matyskova-matematika.cz/4-rocnik-2-dil/video/str-9/,"4. ročník 2. díl, strana 9, cvičení 2",2bWasVgkNxU,https://www.youtube.com/watch?v=2bWasVgkNxU
"4. ročník, 2. díl",https://www.matyskova-matematika.cz/4-rocnik-2-dil/video/str-9/,"4. ročník 2. díl, strana 9, cvičení 3",4H982063mhc,https://www.youtube.com/watch?v=4H982063mhc
"4. ročník, 2. díl",https://www.matyskova-matematika.cz/4-rocnik-2-dil/video/str-9/,"4. ročník 2. díl, strana 9, cvičení 4",4dV8lM4OIuc,https://www.youtube.com/watch?v=4dV8lM4OIuc
"4. ročník, 2. díl",https://www.matyskova-matematika.cz/4-rocnik-2-dil/video/str-10/,"4. ročník 2. díl, strana 10, cvičení 1",VI_HVKIOFxk,https://www.youtube.com/watch?v=VI_HVKIOFxk
"4. ročník, 2. díl",https://www.matyskova-matematika.cz/4-rocnik-2-dil/video/str-10/,"4. ročník 2. díl, strana 10, cvičení 2",U6EIOWDh4lA,https://www.youtube.com/watch?v=U6EIOWDh4lA
"4. ročník, 2. díl",https://www.matyskova-matematika.cz/4-rocnik-2-dil/video/str-11/,"4. ročník 2. díl, strana 11, cvičení 1",oX8s1DM_1Mo,https://www.youtube.com/watch?v=oX8s1DM_1Mo
"4. ročník, 2. díl",https://www.matyskova-matematika.cz/4-rocnik-2-dil/video/str-11/,"4. ročník 2. díl, strana 11, cvičení 2",OnKby0PZmhQ,https://www.youtube.com/watch?v=OnKby0PZmhQ
"4. ročník, 2. díl",https://www.matyskova-matematika.cz/4-rocnik-2-dil/video/str-11/,"4. ročník 2. díl, strana 11, cvičení 3",XixjKZ4gB9M,https://www.youtube.com/watch?v=XixjKZ4gB9M
"4. ročník, 2. díl",https://www.matyskova-matematika.cz/4-rocnik-2-dil/video/str-11/,"4. ročník 2. díl, strana 11, cvičení 4",Qt2rTNsRHZ4,https://www.youtube.com/watch?v=Qt2rTNsRHZ4
"4. ročník, 2. díl",https://www.matyskova-matematika.cz/4-rocnik-2-dil/video/str-12/,"4. ročník 2. díl, strana 12, cvičení 1",wvWKhHXHJh0,https://www.youtube.com/watch?v=wvWKhHXHJh0
"4. ročník, 2. díl",https://www.matyskova-matematika.cz/4-rocnik-2-dil/video/str-12/,"4. ročník 2. díl, strana 12, cvičení 2",Lz7l2lYaKh8,https://www.youtube.com/watch?v=Lz7l2lYaKh8
"4. ročník, 2. díl",https://www.matyskova-matematika.cz/4-rocnik-2-dil/video/str-12/,"4. ročník 2. díl, strana 12, cvičení 3",yiWtvl6E4bk,https://www.youtube.com/watch?v=yiWtvl6E4bk
"4. ročník, 2. díl",https://www.matyskova-matematika.cz/4-rocnik-2-dil/video/str-13/,"4. ročník 2. díl, strana 13, cvičení 1",UfsNDLzXCpY,https://www.youtube.com/watch?v=UfsNDLzXCpY
"4. ročník, 2. díl",https://www.matyskova-matematika.cz/4-rocnik-2-dil/video/str-13/,"4. ročník 2. díl, strana 13, cvičení 2",v2jqSfnwX-I,https://www.youtube.com/watch?v=v2jqSfnwX-I
"4. ročník, 2. díl",https://www.matyskova-matematika.cz/4-rocnik-2-dil/video/str-13/,"4. ročník 2. díl, strana 13, cvičení 3",O16uSGUkjhA,https://www.youtube.com/watch?v=O16uSGUkjhA
"4. ročník, 2. díl",https://www.matyskova-matematika.cz/4-rocnik-2-dil/video/str-13/,"4. ročník 2. díl, strana 13, cvičení 4",9bYG5zjAbjA,https://www.youtube.com/watch?v=9bYG5zjAbjA
"4. ročník, 2. díl",https://www.matyskova-matematika.cz/4-rocnik-2-dil/video/str-14/,"4. ročník 2. díl, strana 14, cvičení 1",JMiDlxXbQaI,https://www.youtube.com/watch?v=JMiDlxXbQaI
"4. ročník, 2. díl",https://www.matyskova-matematika.cz/4-rocnik-2-dil/video/str-14/,"4. ročník 2. díl, strana 14, cvičení 2",55nnsPXHyXk,https://www.youtube.com/watch?v=55nnsPXHyXk
"4. ročník, 2. díl",https://www.matyskova-matematika.cz/4-rocnik-2-dil/video/str-14/,"4. ročník 2. díl, strana 14, cvičení 3",B6jEjVITJO4,https://www.youtube.com/watch?v=B6jEjVITJO4
"4. ročník, 2. díl",https://www.matyskova-matematika.cz/4-rocnik-2-dil/video/str-14/,"4. ročník 2. díl, strana 14, cvičení 4",ChYrhWbXeNw,https://www.youtube.com/watch?v=ChYrhWbXeNw
"4. ročník, 2. díl",https://www.matyskova-matematika.cz/4-rocnik-2-dil/video/str-15/,"4. ročník 2. díl, strana 15, cvičení 1",Yac9SSH5mTs,https://www.youtube.com/watch?v=Yac9SSH5mTs
"4. ročník, 2. díl",https://www.matyskova-matematika.cz/4-rocnik-2-dil/video/str-15/,"4. ročník 2. díl, strana 15, cvičení 2",z8VVeulwitI,https://www.youtube.com/watch?v=z8VVeulwitI
"4. ročník, 2. díl",https://www.matyskova-matematika.cz/4-rocnik-2-dil/video/str-15/,"4. ročník 2. díl, strana 15, cvičení 3",pv2wjZlFD8E,https://www.youtube.com/watch?v=pv2wjZlFD8E
"4. ročník, 2. díl",https://www.matyskova-matematika.cz/4-rocnik-2-dil/video/str-15/,"4. ročník 2. díl, strana 15, cvičení 4",jS5cPmjV3N4,https://www.youtube.com/watch?v=jS5cPmjV3N4
"4. ročník, 2. díl",https://www.matyskova-matematika.cz/4-rocnik-2-dil/video/str-16/,"4. ročník 2. díl, strana 16, cvičení 1",TLZLVmDlDxI,https://www.youtube.com/watch?v=TLZLVmDlDxI
"4. ročník, 2. díl",https://www.matyskova-matematika.cz/4-rocnik-2-dil/video/str-16/,"4. ročník 2. díl, strana 16, cvičení 2",lOFjQAkguH0,https://www.youtube.com/watch?v=lOFjQAkguH0
"4. ročník, 2. díl",https://www.matyskova-matematika.cz/4-rocnik-2-dil/video/str-16/,"4. ročník 2. díl, strana 16, cvičení 3",LeEgz4MtIZ4,https://www.youtube.com/watch?v=LeEgz4MtIZ4
"4. ročník, 2. díl",https://www.matyskova-matematika.cz/4-rocnik-2-dil/video/str-16/,"4. ročník 2. díl, strana 16, cvičení 4",eaEcFlRCvro,https://www.youtube.com/watch?v=eaEcFlRCvro
"4. ročník, 2. díl",https://www.matyskova-matematika.cz/4-rocnik-2-dil/video/str-17/,"4. ročník 2. díl, strana 17, cvičení 1",F-O2iuCnHms,https://www.youtube.com/watch?v=F-O2iuCnHms
"4. ročník, 2. díl",https://www.matyskova-matematika.cz/4-rocnik-2-dil/video/str-17/,"4. ročník 2. díl, strana 17, cvičení 2",ui2MDoY5wm0,https://www.youtube.com/watch?v=ui2MDoY5wm0
"4. ročník, 2. díl",https://www.matyskova-matematika.cz/4-rocnik-2-dil/video/str-17/,"4. ročník 2. díl, strana 17, cvičení 3",nBb4S1Tiam0,https://www.youtube.com/watch?v=nBb4S1Tiam0
"4. ročník, 2. díl",https://www.matyskova-matematika.cz/4-rocnik-2-dil/video/str-17/,"4. ročník 2. díl, strana 17, cvičení 4",3aMr6XE-VqU,https://www.youtube.com/watch?v=3aMr6XE-VqU
"4. ročník, 2. díl",https://www.matyskova-matematika.cz/4-rocnik-2-dil/video/str-18/,"4. ročník 2. díl, strana 18, cvičení 1",tBeTfXUUnwk,https://www.youtube.com/watch?v=tBeTfXUUnwk
"4. ročník, 2. díl",https://www.matyskova-matematika.cz/4-rocnik-2-dil/video/str-18/,"4. ročník 2. díl, strana 18, cvičení 2",X0UkOfJu7C4,https://www.youtube.com/watch?v=X0UkOfJu7C4
"4. ročník, 2. díl",https://www.matyskova-matematika.cz/4-rocnik-2-dil/video/str-18/,"4. ročník 2. díl, strana 18, cvičení 3",5fV6pKThqXE,https://www.youtube.com/watch?v=5fV6pKThqXE
"4. ročník, 2. díl",https://www.matyskova-matematika.cz/4-rocnik-2-dil/video/str-19/,"4. ročník 2. díl, strana 19, cvičení 1",TDH6hCI6V88,https://www.youtube.com/watch?v=TDH6hCI6V88
"4. ročník, 2. díl",https://www.matyskova-matematika.cz/4-rocnik-2-dil/video/str-19/,"4. ročník 2. díl, strana 19, cvičení 2",p_I5s42PW8U,https://www.youtube.com/watch?v=p_I5s42PW8U
"4. ročník, 2. díl",https://www.matyskova-matematika.cz/4-rocnik-2-dil/video/str-19/,"4. ročník 2. díl, strana 19, cvičení 3",vylQdcsELTA,https://www.youtube.com/watch?v=vylQdcsELTA
"4. ročník, 2. díl",https://www.matyskova-matematika.cz/4-rocnik-2-dil/video/str-19/,"4. ročník 2. díl, strana 19, cvičení 4",Qf5zQNg7kTw,https://www.youtube.com/watch?v=Qf5zQNg7kTw
"4. ročník, 2. díl",https://www.matyskova-matematika.cz/4-rocnik-2-dil/video/str-20/,"4. ročník 2. ročník, strana 20, cvičení 1",yUVsh-gJr9A,https://www.youtube.com/watch?v=yUVsh-gJr9A
"4. ročník, 2. díl",https://www.matyskova-matematika.cz/4-rocnik-2-dil/video/str-20/,"4. ročník 2. ročník, strana 20, cvičení 2",8g3cV2fOWyw,https://www.youtube.com/watch?v=8g3cV2fOWyw
"4. ročník, 2. díl",https://www.matyskova-matematika.cz/4-rocnik-2-dil/video/str-20/,"4. ročník 2. ročník, strana 20, cvičení 3",sAI8mOqcOuQ,https://www.youtube.com/watch?v=sAI8mOqcOuQ
"4. ročník, 2. díl",https://www.matyskova-matematika.cz/4-rocnik-2-dil/video/str-20/,"4. ročník 2. ročník, strana 20, cvičení 4",mjyMC5hS-l0,https://www.youtube.com/watch?v=mjyMC5hS-l0
"4. ročník, 2. díl",https://www.matyskova-matematika.cz/4-rocnik-2-dil/video/str-21/,"4. ročník 2. díl, strana 21, cvičení 1",UYoX31MXZzs,https://www.youtube.com/watch?v=UYoX31MXZzs
"4. ročník, 2. díl",https://www.matyskova-matematika.cz/4-rocnik-2-dil/video/str-21/,"4. ročník 2. díl, strana 21, cvičení 2",IWpqUfRq9gA,https://www.youtube.com/watch?v=IWpqUfRq9gA
"4. ročník, 2. díl",https://www.matyskova-matematika.cz/4-rocnik-2-dil/video/str-21/,"4. ročník 2. díl, strana 21, cvičení 3",chApd7JYNRY,https://www.youtube.com/watch?v=chApd7JYNRY
"4. ročník, 2. díl",https://www.matyskova-matematika.cz/4-rocnik-2-dil/video/str-22/,"4. ročník 2. díl, strana 22, cvičení 1",tMrYLJfLD5s,https://www.youtube.com/watch?v=tMrYLJfLD5s
"4. ročník, 2. díl",https://www.matyskova-matematika.cz/4-rocnik-2-dil/video/str-22/,"4. ročník 2. díl, strana 22, cvičení 2",jf8UMsNdrSI,https://www.youtube.com/watch?v=jf8UMsNdrSI
"4. ročník, 2. díl",https://www.matyskova-matematika.cz/4-rocnik-2-dil/video/str-22/,"4. ročník 2. díl, strana 22, cvičení 3",F1bcKaFzD0M,https://www.youtube.com/watch?v=F1bcKaFzD0M
"4. ročník, 2. díl",https://www.matyskova-matematika.cz/4-rocnik-2-dil/video/str-22/,"4. ročník 2. díl, strana 22, cvičení 4",syt2aSrmKko,https://www.youtube.com/watch?v=syt2aSrmKko
"4. ročník, 2. díl",https://www.matyskova-matematika.cz/4-rocnik-2-dil/video/str-23/,"4. ročník 2. díl, strana 23, cvičení 1",ATprwTMbjQk,https://www.youtube.com/watch?v=ATprwTMbjQk
"4. ročník, 2. díl",https://www.matyskova-matematika.cz/4-rocnik-2-dil/video/str-23/,"4. ročník 2. díl, strana 23, cvičení 2",ktQ3VWan-uo,https://www.youtube.com/watch?v=ktQ3VWan-uo
"4. ročník, 2. díl",https://www.matyskova-matematika.cz/4-rocnik-2-dil/video/str-23/,"4. ročník 2. díl, strana 23, cvičení 3",8-knQJm8lK0,https://www.youtube.com/watch?v=8-knQJm8lK0
"4. ročník, 2. díl",https://www.matyskova-matematika.cz/4-rocnik-2-dil/video/str-23/,"4. ročník 2. díl, strana 23, cvičení 4",eXESxGk8_UQ,https://www.youtube.com/watch?v=eXESxGk8_UQ
"4. ročník, 2. díl",https://www.matyskova-matematika.cz/4-rocnik-2-dil/video/str-23/,"4. ročník 2. díl, strana 23, cvičení 5",SBCKuoEQLu4,https://www.youtube.com/watch?v=SBCKuoEQLu4
"4. ročník, 2. díl",https://www.matyskova-matematika.cz/4-rocnik-2-dil/video/str-24/,"4. ročník 2. díl, strana 24, cvičení 1",zwbE7kwoa5Q,https://www.youtube.com/watch?v=zwbE7kwoa5Q
"4. ročník, 2. díl",https://www.matyskova-matematika.cz/4-rocnik-2-dil/video/str-24/,"4. ročník 2. díl, strana 24, cvičení 2",C4FxkvvSg8c,https://www.youtube.com/watch?v=C4FxkvvSg8c
"4. ročník, 2. díl",https://www.matyskova-matematika.cz/4-rocnik-2-dil/video/str-24/,"4. ročník 2. díl, strana 24, cvičení 3",iyNOsJoK3P4,https://www.youtube.com/watch?v=iyNOsJoK3P4
"4. ročník, 2. díl",https://www.matyskova-matematika.cz/4-rocnik-2-dil/video/str-25/,"4. ročník 2. díl, strana 25, cvičení 1",eB1tvNkfNAs,https://www.youtube.com/watch?v=eB1tvNkfNAs
"4. ročník, 2. díl",https://www.matyskova-matematika.cz/4-rocnik-2-dil/video/str-25/,"4. ročník 2. díl, strana 25, cvičení 2",6YBBbcJ3rtg,https://www.youtube.com/watch?v=6YBBbcJ3rtg
"4. ročník, 2. díl",https://www.matyskova-matematika.cz/4-rocnik-2-dil/video/str-25/,"4. ročník 2. díl, strana 25, cvičení 3",cusSa7d3Nu8,https://www.youtube.com/watch?v=cusSa7d3Nu8
"4. ročník, 2. díl",https://www.matyskova-matematika.cz/4-rocnik-2-dil/video/str-25/,"4. ročník 2. díl, strana 25, cvičení 4",Lk5Gkv1R85c,https://www.youtube.com/watch?v=Lk5Gkv1R85c
"4. ročník, 2. díl",https://www.matyskova-matematika.cz/4-rocnik-2-dil/video/str-25/,"4. ročník 2. díl, strana 25, cvičení 5",JjAnt5pP3VE,https://www.youtube.com/watch?v=JjAnt5pP3VE
"4. ročník, 2. díl",https://www.matyskova-matematika.cz/4-rocnik-2-dil/video/str-26/,"4. ročník 2. díl, strana 26, cvičení 1",RnJUBz904mA,https://www.youtube.com/watch?v=RnJUBz904mA
"4. ročník, 2. díl",https://www.matyskova-matematika.cz/4-rocnik-2-dil/video/str-26/,"4. ročník 2. díl, strana 26, cvičení 2",Qj-IFOavfoI,https://www.youtube.com/watch?v=Qj-IFOavfoI
"4. ročník, 2. díl",https://www.matyskova-matematika.cz/4-rocnik-2-dil/video/str-26/,"4. ročník 2. díl, strana 26, cvičení 3",Dv3UHnYecBA,https://www.youtube.com/watch?v=Dv3UHnYecBA
"4. ročník, 2. díl",https://www.matyskova-matematika.cz/4-rocnik-2-dil/video/str-26/,"4. ročník 2. díl, strana 26, cvičení 4",Lut9tnKMPyY,https://www.youtube.com/watch?v=Lut9tnKMPyY
"4. ročník, 2. díl",https://www.matyskova-matematika.cz/4-rocnik-2-dil/video/str-27/,"4. ročník 2. díl, strana 27, cvičení 1",XTLd2XUEDBM,https://www.youtube.com/watch?v=XTLd2XUEDBM
"4. ročník, 2. díl",https://www.matyskova-matematika.cz/4-rocnik-2-dil/video/str-27/,"4. ročník 2. díl, strana 27, cvičení 2",8WI6hlHb-tU,https://www.youtube.com/watch?v=8WI6hlHb-tU
"4. ročník, 2. díl",https://www.matyskova-matematika.cz/4-rocnik-2-dil/video/str-27/,"4. ročník 2. díl, strana 27, cvičení 3",YveEVZ2kwuM,https://www.youtube.com/watch?v=YveEVZ2kwuM
"4. ročník, 2. díl",https://www.matyskova-matematika.cz/4-rocnik-2-dil/video/str-27/,"4. ročník 2. díl, strana 27, cvičení 4",o7zOn8HgmMQ,https://www.youtube.com/watch?v=o7zOn8HgmMQ
"4. ročník, 2. díl",https://www.matyskova-matematika.cz/4-rocnik-2-dil/video/str-28/,"4. ročník 2. díl, strana 28, cvičení 1",z1aP95OOsU0,https://www.youtube.com/watch?v=z1aP95OOsU0
"4. ročník, 2. díl",https://www.matyskova-matematika.cz/4-rocnik-2-dil/video/str-28/,"4. ročník 2. díl, strana 28, cvičení 2",QdZAVe-xy08,https://www.youtube.com/watch?v=QdZAVe-xy08
"4. ročník, 2. díl",https://www.matyskova-matematika.cz/4-rocnik-2-dil/video/str-28/,"4. ročník 2. díl, strana 28, cvičení 3",MrgjN0a7hjo,https://www.youtube.com/watch?v=MrgjN0a7hjo
"4. ročník, 2. díl",https://www.matyskova-matematika.cz/4-rocnik-2-dil/video/str-28/,"4. ročník 2. díl, strana 28, cvičení 4",rDvJbkuevlw,https://www.youtube.com/watch?v=rDvJbkuevlw
"4. ročník, 2. díl",https://www.matyskova-matematika.cz/4-rocnik-2-dil/video/str-29/,"4. ročník 2. díl, strana 29, cvičení 1",HlbhaxjSb3A,https://www.youtube.com/watch?v=HlbhaxjSb3A
"4. ročník, 2. díl",https://www.matyskova-matematika.cz/4-rocnik-2-dil/video/str-29/,"4. ročník 2. díl, strana 29, cvičení 2",adGOjOqfajg,https://www.youtube.com/watch?v=adGOjOqfajg
"4. ročník, 2. díl",https://www.matyskova-matematika.cz/4-rocnik-2-dil/video/str-29/,"4. ročník 2. díl, strana 29, cvičení 3",IQXutuR5ce4,https://www.youtube.com/watch?v=IQXutuR5ce4
"4. ročník, 2. díl",https://www.matyskova-matematika.cz/4-rocnik-2-dil/video/str-29/,"4. ročník 2. díl, strana 29, cvičení 4",JE2B0FdK6iI,https://www.youtube.com/watch?v=JE2B0FdK6iI
"4. ročník, 2. díl",https://www.matyskova-matematika.cz/4-rocnik-2-dil/video/str-30/,"4. ročník 2. díl, strana 30, cvičení 1",ZHls80CgklA,https://www.youtube.com/watch?v=ZHls80CgklA
"4. ročník, 2. díl",https://www.matyskova-matematika.cz/4-rocnik-2-dil/video/str-30/,"4. ročník 2. díl, strana 30, cvičení 2",1zMb_O1R3hc,https://www.youtube.com/watch?v=1zMb_O1R3hc
"4. ročník, 2. díl",https://www.matyskova-matematika.cz/4-rocnik-2-dil/video/str-30/,"4. ročník 2. díl, strana 30, cvičení 3",Y7BOhItypfg,https://www.youtube.com/watch?v=Y7BOhItypfg
"4. ročník, 2. díl",https://www.matyskova-matematika.cz/4-rocnik-2-dil/video/str-30/,"4. ročník 2. díl, strana 30, cvičení 4",0Ypqrsvc5Kw,https://www.youtube.com/watch?v=0Ypqrsvc5Kw
"4. ročník, 2. díl",https://www.matyskova-matematika.cz/4-rocnik-2-dil/video/str-31/,"4. ročník 2. díl, strana 31, cvičení 1",6hXXrcQ3f6Y,https://www.youtube.com/watch?v=6hXXrcQ3f6Y
"4. ročník, 2. díl",https://www.matyskova-matematika.cz/4-rocnik-2-dil/video/str-31/,"4. ročník 2. díl, strana 31, cvičení 2",I7Aa4wnk-qc,https://www.youtube.com/watch?v=I7Aa4wnk-qc
"4. ročník, 2. díl",https://www.matyskova-matematika.cz/4-rocnik-2-dil/video/str-31/,"4. ročník 2. díl, strana 31, cvičení 3",q-TJMsAIi6Y,https://www.youtube.com/watch?v=q-TJMsAIi6Y
"4. ročník, 2. díl",https://www.matyskova-matematika.cz/4-rocnik-2-dil/video/str-31/,"4. ročník 2. díl, strana 31, cvičení 4",cdiwz-h1QKg,https://www.youtube.com/watch?v=cdiwz-h1QKg
"4. ročník, 2. díl",https://www.matyskova-matematika.cz/4-rocnik-2-dil/video/str-32/,"4. ročník 2. díl, strana 32, cvičení 1",4HMJa_jg-TI,https://www.youtube.com/watch?v=4HMJa_jg-TI
"4. ročník, 2. díl",https://www.matyskova-matematika.cz/4-rocnik-2-dil/video/str-32/,"4. ročník 2. díl, strana 32, cvičení 2",l-_4O1MMmpE,https://www.youtube.com/watch?v=l-_4O1MMmpE
"4. ročník, 2. díl",https://www.matyskova-matematika.cz/4-rocnik-2-dil/video/str-32/,"4. ročník 2. díl, strana 32, cvičení 3",idMY3mqNYGE,https://www.youtube.com/watch?v=idMY3mqNYGE
"4. ročník, 2. díl",https://www.matyskova-matematika.cz/4-rocnik-2-dil/video/str-32/,"4. ročník 2. díl, strana 32, cvičení 4",J6A7ZOhQ0_k,https://www.youtube.com/watch?v=J6A7ZOhQ0_k
"4. ročník, 2. díl",https://www.matyskova-matematika.cz/4-rocnik-2-dil/video/str-32/,"4. ročník 2. díl, strana 32, cvičení 5",8SOAQ90ZuDY,https://www.youtube.com/watch?v=8SOAQ90ZuDY
"4. ročník, 2. díl",https://www.matyskova-matematika.cz/4-rocnik-2-dil/video/str-33/,"4. ročník 2. díl, strana 33, cvičení 1",QDYY6K3SdBc,https://www.youtube.com/watch?v=QDYY6K3SdBc
"4. ročník, 2. díl",https://www.matyskova-matematika.cz/4-rocnik-2-dil/video/str-33/,"4. ročník 2. díl, strana 33, cvičení 2",cVz2Awqruvg,https://www.youtube.com/watch?v=cVz2Awqruvg
"4. ročník, 2. díl",https://www.matyskova-matematika.cz/4-rocnik-2-dil/video/str-33/,"4. ročník 2. díl, strana 33, cvičení 3",f8eykwrl2Uo,https://www.youtube.com/watch?v=f8eykwrl2Uo
"4. ročník, 2. díl",https://www.matyskova-matematika.cz/4-rocnik-2-dil/video/str-33/,"4. ročník 2. díl, strana 33, cvičení 4",6YbdJumRilU,https://www.youtube.com/watch?v=6YbdJumRilU
"4. ročník, 2. díl",https://www.matyskova-matematika.cz/4-rocnik-2-dil/video/str-33/,"4. ročník 2. díl, strana 33, cvičení 5",k__hRlimRXA,https://www.youtube.com/watch?v=k__hRlimRXA
"4. ročník, 2. díl",https://www.matyskova-matematika.cz/4-rocnik-2-dil/video/str-34/,"4. ročník 2. díl, strana 34, cvičení 1",C_WBLKg35OU,https://www.youtube.com/watch?v=C_WBLKg35OU
"4. ročník, 2. díl",https://www.matyskova-matematika.cz/4-rocnik-2-dil/video/str-34/,"4. ročník 2. díl, strana 34, cvičení 2",zwE3JkXSOAc,https://www.youtube.com/watch?v=zwE3JkXSOAc
"4. ročník, 2. díl",https://www.matyskova-matematika.cz/4-rocnik-2-dil/video/str-34/,"4. ročník 2. díl, strana 34, cvičení 3",Q59athH-Sis,https://www.youtube.com/watch?v=Q59athH-Sis
"4. ročník, 2. díl",https://www.matyskova-matematika.cz/4-rocnik-2-dil/video/str-34/,"4. ročník 2. díl, strana 34, cvičení 4",QJJgdWCwPaE,https://www.youtube.com/watch?v=QJJgdWCwPaE
"4. ročník, 2. díl",https://www.matyskova-matematika.cz/4-rocnik-2-dil/video/str-35/,"4. ročník 2. díl, strana 35, cvičení 1",qAMDRrumGdw,https://www.youtube.com/watch?v=qAMDRrumGdw
"4. ročník, 2. díl",https://www.matyskova-matematika.cz/4-rocnik-2-dil/video/str-35/,"4. ročník 2. díl, strana 35, cvičení 2",ocb6WBmGPsU,https://www.youtube.com/watch?v=ocb6WBmGPsU
"4. ročník, 2. díl",https://www.matyskova-matematika.cz/4-rocnik-2-dil/video/str-35/,"4. ročník 2. díl, strana 35, cvičení 3",Exii3LQkwwg,https://www.youtube.com/watch?v=Exii3LQkwwg
"4. ročník, 2. díl",https://www.matyskova-matematika.cz/4-rocnik-2-dil/video/str-35/,"4. ročník 2. díl, strana 35, cvičení 4",48-YIk7nKG0,https://www.youtube.com/watch?v=48-YIk7nKG0
"4. ročník, 2. díl",https://www.matyskova-matematika.cz/4-rocnik-2-dil/video/str-35/,"4. ročník 2. díl, strana 35, cvičení 5",qVjgKVpkGRk,https://www.youtube.com/watch?v=qVjgKVpkGRk
"4. ročník, 2. díl",https://www.matyskova-matematika.cz/4-rocnik-2-dil/video/str-36/,"4. ročník 2. díl, strana 36, cvičení 1",71uvonBuA2s,https://www.youtube.com/watch?v=71uvonBuA2s
"4. ročník, 2. díl",https://www.matyskova-matematika.cz/4-rocnik-2-dil/video/str-36/,"4. ročník 2. díl, strana 36, cvičení 2",m2f6vCHOsY8,https://www.youtube.com/watch?v=m2f6vCHOsY8
"4. ročník, 2. díl",https://www.matyskova-matematika.cz/4-rocnik-2-dil/video/str-36/,"4. ročník 2. díl, strana 36, cvičení 3",N3jdfdgrxig,https://www.youtube.com/watch?v=N3jdfdgrxig
"4. ročník, 2. díl",https://www.matyskova-matematika.cz/4-rocnik-2-dil/video/str-36/,"4. ročník 2. díl, strana 36, cvičení 4",mIBm1vPiJWE,https://www.youtube.com/watch?v=mIBm1vPiJWE
"4. ročník, 2. díl",https://www.matyskova-matematika.cz/4-rocnik-2-dil/video/str-37/,"4. ročník 2. díl, strana 37, cvičení 1",FSYHNW4qdXM,https://www.youtube.com/watch?v=FSYHNW4qdXM
"4. ročník, 2. díl",https://www.matyskova-matematika.cz/4-rocnik-2-dil/video/str-37/,"4. ročník 2. díl, strana 37, cvičení 2",n7BZyp6A2hg,https://www.youtube.com/watch?v=n7BZyp6A2hg
"4. ročník, 2. díl",https://www.matyskova-matematika.cz/4-rocnik-2-dil/video/str-37/,"4. ročník 2. díl, strana 37, cvičení 3",Zi9puPgJB8w,https://www.youtube.com/watch?v=Zi9puPgJB8w
"4. ročník, 2. díl",https://www.matyskova-matematika.cz/4-rocnik-2-dil/video/str-37/,"4. ročník 2. díl, strana 37, cvičení 4",20-AHzzLEM8,https://www.youtube.com/watch?v=20-AHzzLEM8
"4. ročník, 2. díl",https://www.matyskova-matematika.cz/4-rocnik-2-dil/video/str-37/,"4. ročník 2. díl, strana 37, cvičení 5",PwDJzQP2VvE,https://www.youtube.com/watch?v=PwDJzQP2VvE
"4. ročník, 2. díl",https://www.matyskova-matematika.cz/4-rocnik-2-dil/video/str-38/,"4. ročník 2. díl, strana 38, cvičení 1",ofeSUjADqCA,https://www.youtube.com/watch?v=ofeSUjADqCA
"4. ročník, 2. díl",https://www.matyskova-matematika.cz/4-rocnik-2-dil/video/str-38/,"4. ročník 2. díl, strana 38, cvičení 2",YoOvy0VGgeo,https://www.youtube.com/watch?v=YoOvy0VGgeo
"4. ročník, 2. díl",https://www.matyskova-matematika.cz/4-rocnik-2-dil/video/str-38/,"4. ročník 2. díl, strana 38, cvičení 3",e4vCO7NzVFU,https://www.youtube.com/watch?v=e4vCO7NzVFU
"4. ročník, 2. díl",https://www.matyskova-matematika.cz/4-rocnik-2-dil/video/str-38/,"4. ročník 2. díl, strana 38, cvičení 4",M_y8bN475kU,https://www.youtube.com/watch?v=M_y8bN475kU
"4. ročník, 2. díl",https://www.matyskova-matematika.cz/4-rocnik-2-dil/video/str-38/,"4. ročník 2. díl, strana 38, cvičení 5",iHRTeF0p3eA,https://www.youtube.com/watch?v=iHRTeF0p3eA
"4. ročník, 2. díl",https://www.matyskova-matematika.cz/4-rocnik-2-dil/video/str-39/,"4. ročník 2. díl, strana 39, cvičení 1",XJ4GCQBhA3c,https://www.youtube.com/watch?v=XJ4GCQBhA3c
"4. ročník, 2. díl",https://www.matyskova-matematika.cz/4-rocnik-2-dil/video/str-39/,"4. ročník 2. díl, strana 39, cvičení 2",vPqMYx52BC0,https://www.youtube.com/watch?v=vPqMYx52BC0
"4. ročník, 2. díl",https://www.matyskova-matematika.cz/4-rocnik-2-dil/video/str-40/,"4. ročník 2. díl, strana 40, cvičení 1",GdHK8b__Xrs,https://www.youtube.com/watch?v=GdHK8b__Xrs
"4. ročník, 2. díl",https://www.matyskova-matematika.cz/4-rocnik-2-dil/video/str-40/,"4. ročník 2. díl, strana 40, cvičení 2",njRGH7W5etk,https://www.youtube.com/watch?v=njRGH7W5etk
"4. ročník, 2. díl",https://www.matyskova-matematika.cz/4-rocnik-2-dil/video/str-40/,"4. ročník 2. díl, strana 40, cvičení 3",2ufGZh-Ne78,https://www.youtube.com/watch?v=2ufGZh-Ne78
"4. ročník, 2. díl",https://www.matyskova-matematika.cz/4-rocnik-2-dil/video/str-41/,"4. ročník 2. díl, strana 41, úvod",DrqqiSzNNes,https://www.youtube.com/watch?v=DrqqiSzNNes
"4. ročník, 2. díl",https://www.matyskova-matematika.cz/4-rocnik-2-dil/video/str-41/,"4. ročník 2. díl, strana 41, cvičení 1",-r1W9TzjIFs,https://www.youtube.com/watch?v=-r1W9TzjIFs
"4. ročník, 2. díl",https://www.matyskova-matematika.cz/4-rocnik-2-dil/video/str-41/,"4. ročník 2. díl, strana 41, cvičení 2",ixG7XGk-DHs,https://www.youtube.com/watch?v=ixG7XGk-DHs
"4. ročník, 2. díl",https://www.matyskova-matematika.cz/4-rocnik-2-dil/video/str-42/,"4. ročník, 2. díl, strana 42, cvičení 1",wjKCOMMcEWg,https://www.youtube.com/watch?v=wjKCOMMcEWg
"4. ročník, 2. díl",https://www.matyskova-matematika.cz/4-rocnik-2-dil/video/str-42/,"4. ročník, 2. díl, strana 42, cvičení 2",x7bO1ALMkIA,https://www.youtube.com/watch?v=x7bO1ALMkIA
"4. ročník, 2. díl",https://www.matyskova-matematika.cz/4-rocnik-2-dil/video/str-42/,"4. ročník, 2. díl, strana 42, cvičení 3",HEqAZjHqWJg,https://www.youtube.com/watch?v=HEqAZjHqWJg
"4. ročník, 2. díl",https://www.matyskova-matematika.cz/4-rocnik-2-dil/video/str-42/,"4. ročník, 2. díl, strana 42, cvičení 4",r_VEwqYd8AA,https://www.youtube.com/watch?v=r_VEwqYd8AA
"4. ročník, 2. díl",https://www.matyskova-matematika.cz/4-rocnik-2-dil/video/str-42/,"4. ročník, 2. díl, strana 42, cvičení 5",J3NZnzO5ew0,https://www.youtube.com/watch?v=J3NZnzO5ew0
"4. ročník, 2. díl",https://www.matyskova-matematika.cz/4-rocnik-2-dil/video/str-43/,"4. ročník, 2. díl, strana 43, cvičení 1",yMdHJzo8t3Q,https://www.youtube.com/watch?v=yMdHJzo8t3Q
"4. ročník, 2. díl",https://www.matyskova-matematika.cz/4-rocnik-2-dil/video/str-43/,"4. ročník, 2. díl, strana 43, cvičení 2",KaM1ul7rhrI,https://www.youtube.com/watch?v=KaM1ul7rhrI
"4. ročník, 2. díl",https://www.matyskova-matematika.cz/4-rocnik-2-dil/video/str-43/,"4. ročník, 2. díl, strana 43, cvičení 3",Aj44dhdpx_w,https://www.youtube.com/watch?v=Aj44dhdpx_w
"4. ročník, 2. díl",https://www.matyskova-matematika.cz/4-rocnik-2-dil/video/str-43/,"4. ročník, 2. díl, strana 43, cvičení 4",vRRzi3MHTQY,https://www.youtube.com/watch?v=vRRzi3MHTQY
"4. ročník, 2. díl",https://www.matyskova-matematika.cz/4-rocnik-2-dil/video/str-43/,"4. ročník, 2. díl, strana 43, cvičení 5",HF4LiGkLRb8,https://www.youtube.com/watch?v=HF4LiGkLRb8
"4. ročník, 2. díl",https://www.matyskova-matematika.cz/4-rocnik-2-dil/video/str-44/,"4. ročník, 2. díl, strana 44, cvičení 1",rS9Tslp_f-c,https://www.youtube.com/watch?v=rS9Tslp_f-c
"4. ročník, 2. díl",https://www.matyskova-matematika.cz/4-rocnik-2-dil/video/str-44/,"4. ročník, 2. díl, strana 44, cvičení 2",bcneGJBfCds,https://www.youtube.com/watch?v=bcneGJBfCds
"4. ročník, 2. díl",https://www.matyskova-matematika.cz/4-rocnik-2-dil/video/str-44/,"4. ročník, 2. díl, strana 44, cvičení 3",PZoJgCCx36Y,https://www.youtube.com/watch?v=PZoJgCCx36Y
"4. ročník, 2. díl",https://www.matyskova-matematika.cz/4-rocnik-2-dil/video/str-44/,"4. ročník, 2. díl, strana 44, cvičení 4",2AZ6Twcnkt0,https://www.youtube.com/watch?v=2AZ6Twcnkt0
"4. ročník, 2. díl",https://www.matyskova-matematika.cz/4-rocnik-2-dil/video/str-45/,"4. ročník, 2. díl, strana 45, cvičení 1",SyIrthU_Lz8,https://www.youtube.com/watch?v=SyIrthU_Lz8
"4. ročník, 2. díl",https://www.matyskova-matematika.cz/4-rocnik-2-dil/video/str-45/,"4. ročník, 2. díl, strana 45, cvičení 2",vZA-Ja4PbQw,https://www.youtube.com/watch?v=vZA-Ja4PbQw
"4. ročník, 2. díl",https://www.matyskova-matematika.cz/4-rocnik-2-dil/video/str-45/,"4. ročník, 2. díl, strana 45, cvičení 3",nnjZOSzYHI4,https://www.youtube.com/watch?v=nnjZOSzYHI4
"4. ročník, 2. díl",https://www.matyskova-matematika.cz/4-rocnik-2-dil/video/str-45/,"4. ročník, 2. díl, strana 45, cvičení 4",tBlianHJNWA,https://www.youtube.com/watch?v=tBlianHJNWA
"4. ročník, 2. díl",https://www.matyskova-matematika.cz/4-rocnik-2-dil/video/str-46/,"4. ročník, 2. díl, strana 46, cvičení 1",jc4zlsSfwEo,https://www.youtube.com/watch?v=jc4zlsSfwEo
"4. ročník, 2. díl",https://www.matyskova-matematika.cz/4-rocnik-2-dil/video/str-46/,"4. ročník, 2. díl, strana 46, cvičení 2",aQTQcPqd9A4,https://www.youtube.com/watch?v=aQTQcPqd9A4
"4. ročník, 2. díl",https://www.matyskova-matematika.cz/4-rocnik-2-dil/video/str-46/,"4. ročník, 2. díl, strana 46, cvičení 3",GFQOqovl8QE,https://www.youtube.com/watch?v=GFQOqovl8QE
"4. ročník, 2. díl",https://www.matyskova-matematika.cz/4-rocnik-2-dil/video/str-46/,"4. ročník, 2. díl, strana 46, cvičení 4",ha2WtDdfXEY,https://www.youtube.com/watch?v=ha2WtDdfXEY
"4. ročník, 2. díl",https://www.matyskova-matematika.cz/4-rocnik-2-dil/video/str-46/,"4. ročník, 2. díl, strana 46, cvičení 5",187yTpywNVY,https://www.youtube.com/watch?v=187yTpywNVY
"4. ročník, 2. díl",https://www.matyskova-matematika.cz/4-rocnik-2-dil/video/str-47/,"4. ročník, 2. díl, strana 47, cvičení 1",q6tUzT9Xv0Q,https://www.youtube.com/watch?v=q6tUzT9Xv0Q
"4. ročník, 2. díl",https://www.matyskova-matematika.cz/4-rocnik-2-dil/video/str-47/,"4. ročník, 2. díl, strana 47, cvičení 2",rPpEGoPEksM,https://www.youtube.com/watch?v=rPpEGoPEksM
"4. ročník, 2. díl",https://www.matyskova-matematika.cz/4-rocnik-2-dil/video/str-47/,"4. ročník, 2. díl, strana 47, cvičení 3",Bi-GyZk2s-M,https://www.youtube.com/watch?v=Bi-GyZk2s-M
"4. ročník, 2. díl",https://www.matyskova-matematika.cz/4-rocnik-2-dil/video/str-47/,"4. ročník, 2. díl, strana 47, cvičení 4",EQZ1NVDa8Ws,https://www.youtube.com/watch?v=EQZ1NVDa8Ws
"4. ročník, 2. díl",https://www.matyskova-matematika.cz/4-rocnik-2-dil/video/str-47/,"4. ročník, 2. díl, strana 47, cvičení 5",3g5_9TUV8Q4,https://www.youtube.com/watch?v=3g5_9TUV8Q4
"4. ročník, 2. díl",https://www.matyskova-matematika.cz/4-rocnik-2-dil/video/str-48/,"4. ročník, 2. ročník, strana 48, cvičení 1",bRLd2S97uHw,https://www.youtube.com/watch?v=bRLd2S97uHw
"4. ročník, 2. díl",https://www.matyskova-matematika.cz/4-rocnik-2-dil/video/str-48/,"4. ročník, 2. ročník, strana 48, cvičení 2",a0ctA1R2pbw,https://www.youtube.com/watch?v=a0ctA1R2pbw
"4. ročník, 2. díl",https://www.matyskova-matematika.cz/4-rocnik-2-dil/video/str-48/,"4. ročník, 2. ročník, strana 48, cvičení 3",aRc984C2FfY,https://www.youtube.com/watch?v=aRc984C2FfY
"4. ročník, 2. díl",https://www.matyskova-matematika.cz/4-rocnik-2-dil/video/str-48/,"4. ročník, 2. ročník, strana 48, cvičení 4",lWnNqNvl7B4,https://www.youtube.com/watch?v=lWnNqNvl7B4
"4. ročník, 2. díl",https://www.matyskova-matematika.cz/4-rocnik-2-dil/video/str-48/,"4. ročník, 2. ročník, strana 48, cvičení 5",xgtiOPkA5yc,https://www.youtube.com/watch?v=xgtiOPkA5yc
"4. ročník, 2. díl",https://www.matyskova-matematika.cz/4-rocnik-2-dil/video/str-49/,"4. ročník, 2. díl, strana 49, cvičení 1",Xka_vxB11Zw,https://www.youtube.com/watch?v=Xka_vxB11Zw
"4. ročník, 2. díl",https://www.matyskova-matematika.cz/4-rocnik-2-dil/video/str-49/,"4. ročník, 2. díl, strana 49, cvičení 2",4KzGd4b4Nks,https://www.youtube.com/watch?v=4KzGd4b4Nks
"4. ročník, 2. díl",https://www.matyskova-matematika.cz/4-rocnik-2-dil/video/str-49/,"4. ročník, 2. díl, strana 49, cvičení 3",AFZ6qRYPymY,https://www.youtube.com/watch?v=AFZ6qRYPymY
"4. ročník, 2. díl",https://www.matyskova-matematika.cz/4-rocnik-2-dil/video/str-49/,"4. ročník, 2. díl, strana 49, cvičení 4",63mmDuJD354,https://www.youtube.com/watch?v=63mmDuJD354
"4. ročník, 2. díl",https://www.matyskova-matematika.cz/4-rocnik-2-dil/video/str-50/,"4. ročník, 2. díl, strana 50, cvičení 1",zcC5Ph-3PgA,https://www.youtube.com/watch?v=zcC5Ph-3PgA
"4. ročník, 2. díl",https://www.matyskova-matematika.cz/4-rocnik-2-dil/video/str-50/,"4. ročník, 2. díl, strana 50, cvičení 2",tz4emx2AD-c,https://www.youtube.com/watch?v=tz4emx2AD-c
"4. ročník, 2. díl",https://www.matyskova-matematika.cz/4-rocnik-2-dil/video/str-50/,"4. ročník, 2. díl, strana 50, cvičení 3",K1ktYU7-Akk,https://www.youtube.com/watch?v=K1ktYU7-Akk
"4. ročník, 2. díl",https://www.matyskova-matematika.cz/4-rocnik-2-dil/video/str-50/,"4. ročník, 2. díl, strana 50, cvičení 4",axiGezvg-5c,https://www.youtube.com/watch?v=axiGezvg-5c
"4. ročník, 2. díl",https://www.matyskova-matematika.cz/4-rocnik-2-dil/video/str-51/,"4. ročník 2. díl, strana 51, cvičení 1",xLd6Z863KIk,https://www.youtube.com/watch?v=xLd6Z863KIk
"4. ročník, 2. díl",https://www.matyskova-matematika.cz/4-rocnik-2-dil/video/str-51/,"4. ročník 2. díl, strana 51, cvičení 2",pe_S8H1smT0,https://www.youtube.com/watch?v=pe_S8H1smT0
"4. ročník, 2. díl",https://www.matyskova-matematika.cz/4-rocnik-2-dil/video/str-51/,"4. ročník 2. díl, strana 51, cvičení 3",X9p80uCM9WE,https://www.youtube.com/watch?v=X9p80uCM9WE
"4. ročník, 2. díl",https://www.matyskova-matematika.cz/4-rocnik-2-dil/video/str-51/,"4. ročník 2. díl, strana 51, cvičení 4",m2NAFks5-AA,https://www.youtube.com/watch?v=m2NAFks5-AA
"4. ročník, 2. díl",https://www.matyskova-matematika.cz/4-rocnik-2-dil/video/str-52/,"4. ročník, 2. díl, strana 52, cvičení 1",88EmqvaqEhc,https://www.youtube.com/watch?v=88EmqvaqEhc
"4. ročník, 2. díl",https://www.matyskova-matematika.cz/4-rocnik-2-dil/video/str-52/,"4. ročník, 2. díl, strana 52, cvičení 2",6MaMx61O4D8,https://www.youtube.com/watch?v=6MaMx61O4D8
"4. ročník, 2. díl",https://www.matyskova-matematika.cz/4-rocnik-2-dil/video/str-52/,"4. ročník, 2. díl, strana 52, cvičení 3",T5OMpid1V4I,https://www.youtube.com/watch?v=T5OMpid1V4I
"4. ročník, 2. díl",https://www.matyskova-matematika.cz/4-rocnik-2-dil/video/str-52/,"4. ročník, 2. díl, strana 52, cvičení 4",GfWkDVb9xL8,https://www.youtube.com/watch?v=GfWkDVb9xL8
"4. ročník, 2. díl",https://www.matyskova-matematika.cz/4-rocnik-2-dil/video/str-52/,"4. ročník, 2. díl, strana 52, cvičení 5",J_KMpg5I1_M,https://www.youtube.com/watch?v=J_KMpg5I1_M
"4. ročník, 2. díl",https://www.matyskova-matematika.cz/4-rocnik-2-dil/video/str-53/,"4. ročník, 2. díl, strana 53, cvičení 1",1aU1IvMIMiw,https://www.youtube.com/watch?v=1aU1IvMIMiw
"4. ročník, 2. díl",https://www.matyskova-matematika.cz/4-rocnik-2-dil/video/str-53/,"4. ročník, 2. díl, strana 53, cvičení 2",04nFHwecERo,https://www.youtube.com/watch?v=04nFHwecERo
"4. ročník, 2. díl",https://www.matyskova-matematika.cz/4-rocnik-2-dil/video/str-53/,"4. ročník, 2. díl, strana 53, cvičení 3",ipTlq2esOlM,https://www.youtube.com/watch?v=ipTlq2esOlM
"4. ročník, 2. díl",https://www.matyskova-matematika.cz/4-rocnik-2-dil/video/str-54/,"4. ročník, 2. díl, strana 54, cvičení 1",uTJ5r4rfDSY,https://www.youtube.com/watch?v=uTJ5r4rfDSY
"4. ročník, 2. díl",https://www.matyskova-matematika.cz/4-rocnik-2-dil/video/str-54/,"4. ročník, 2. díl, strana 54, cvičení 2",9sSpqe3S5as,https://www.youtube.com/watch?v=9sSpqe3S5as
"4. ročník, 2. díl",https://www.matyskova-matematika.cz/4-rocnik-2-dil/video/str-55/,"4. ročník, 2. díl, strana 55, cvičení 1",DOlxP0kZdD4,https://www.youtube.com/watch?v=DOlxP0kZdD4
"4. ročník, 2. díl",https://www.matyskova-matematika.cz/4-rocnik-2-dil/video/str-55/,"4. ročník, 2. díl, strana 55, cvičení 2",ni6z-HXLY_8,https://www.youtube.com/watch?v=ni6z-HXLY_8
"4. ročník, 2. díl",https://www.matyskova-matematika.cz/4-rocnik-2-dil/video/str-55/,"4. ročník, 2. díl, strana 55, cvičení 3",DJgaGocsKg8,https://www.youtube.com/watch?v=DJgaGocsKg8
"4. ročník, 2. díl",https://www.matyskova-matematika.cz/4-rocnik-2-dil/video/str-56/,"4. ročník, 2. díl, strana 56, cvičení 1",2ykMLsN4gSk,https://www.youtube.com/watch?v=2ykMLsN4gSk
"4. ročník, 2. díl",https://www.matyskova-matematika.cz/4-rocnik-2-dil/video/str-56/,"4. ročník, 2. díl, strana 56, cvičení 2",vhDku-5wz0I,https://www.youtube.com/watch?v=vhDku-5wz0I
"4. ročník, 2. díl",https://www.matyskova-matematika.cz/4-rocnik-2-dil/video/str-56/,"4. ročník, 2. díl, strana 56, cvičení 3",rg1FiXxkjtc,https://www.youtube.com/watch?v=rg1FiXxkjtc
"4. ročník, 2. díl",https://www.matyskova-matematika.cz/4-rocnik-2-dil/video/str-56/,"4. ročník, 2. díl, strana 56, cvičení 4",SnbGI_AFskI,https://www.youtube.com/watch?v=SnbGI_AFskI
"4. ročník, 2. díl",https://www.matyskova-matematika.cz/4-rocnik-2-dil/video/str-57/,"4. ročník, 2. díl, strana 57, cvičení 1",VoOgOxpA3Cw,https://www.youtube.com/watch?v=VoOgOxpA3Cw
"4. ročník, 2. díl",https://www.matyskova-matematika.cz/4-rocnik-2-dil/video/str-57/,"4. ročník, 2. díl, strana 57, cvičení 2",dq1JJmjSSyk,https://www.youtube.com/watch?v=dq1JJmjSSyk
"4. ročník, 2. díl",https://www.matyskova-matematika.cz/4-rocnik-2-dil/video/str-57/,"4. ročník, 2. díl, strana 57, cvičení 3",5sAfZzIdLPs,https://www.youtube.com/watch?v=5sAfZzIdLPs
"4. ročník, 2. díl",https://www.matyskova-matematika.cz/4-rocnik-2-dil/video/str-57/,"4. ročník, 2. díl, strana 57, cvičení 4",D1wpdAivxOM,https://www.youtube.com/watch?v=D1wpdAivxOM
"4. ročník, 2. díl",https://www.matyskova-matematika.cz/4-rocnik-2-dil/video/str-58/,"4. ročník, 2. díl, strana 58, cvičení 1",jjSHR0derLc,https://www.youtube.com/watch?v=jjSHR0derLc
"4. ročník, 2. díl",https://www.matyskova-matematika.cz/4-rocnik-2-dil/video/str-58/,"4. ročník, 2. díl, strana 58, cvičení 2",hdHAL5sBgcc,https://www.youtube.com/watch?v=hdHAL5sBgcc
"4. ročník, 2. díl",https://www.matyskova-matematika.cz/4-rocnik-2-dil/video/str-58/,"4. ročník, 2. díl, strana 58, cvičení 3",8AGSgzZJ8S0,https://www.youtube.com/watch?v=8AGSgzZJ8S0
"4. ročník, 2. díl",https://www.matyskova-matematika.cz/4-rocnik-2-dil/video/str-58/,"4. ročník, 2. díl, strana 58, cvičení 4",3nbvDLJbYmc,https://www.youtube.com/watch?v=3nbvDLJbYmc
"4. ročník, 2. díl",https://www.matyskova-matematika.cz/4-rocnik-2-dil/video/str-59/,"4. ročník, 2. díl, strana 59, cvičení 1",lH7IXwj_bs0,https://www.youtube.com/watch?v=lH7IXwj_bs0
"4. ročník, 2. díl",https://www.matyskova-matematika.cz/4-rocnik-2-dil/video/str-59/,"4. ročník, 2. díl, strana 59, cvičení 2",hlkx2nvi5s0,https://www.youtube.com/watch?v=hlkx2nvi5s0
"4. ročník, 2. díl",https://www.matyskova-matematika.cz/4-rocnik-2-dil/video/str-59/,"4. ročník, 2. díl, strana 59, cvičení 3",avCyAmBdX_4,https://www.youtube.com/watch?v=avCyAmBdX_4
"4. ročník, 2. díl",https://www.matyskova-matematika.cz/4-rocnik-2-dil/video/str-60/,"4. ročník, 2. díl, strana 60, cvičení 1",AsytqEyIaPg,https://www.youtube.com/watch?v=AsytqEyIaPg
"4. ročník, 2. díl",https://www.matyskova-matematika.cz/4-rocnik-2-dil/video/str-60/,"4. ročník, 2. díl, strana 60, cvičení 1",PnHi_iCP0eU,https://www.youtube.com/watch?v=PnHi_iCP0eU
"4. ročník, 2. díl",https://www.matyskova-matematika.cz/4-rocnik-2-dil/video/str-60/,"4. ročník, 2. díl, strana 60, cvičení 1",U5pnq5vNJcU,https://www.youtube.com/watch?v=U5pnq5vNJcU
"4. ročník, 2. díl",https://www.matyskova-matematika.cz/4-rocnik-2-dil/video/str-61/,"4. ročník, 2. díl, strana 61, cvičení 1",j1qjZ4pp2Kg,https://www.youtube.com/watch?v=j1qjZ4pp2Kg
"4. ročník, 2. díl",https://www.matyskova-matematika.cz/4-rocnik-2-dil/video/str-61/,"4. ročník, 2. díl, strana 61, cvičení 2",QQ9LpNxJSH8,https://www.youtube.com/watch?v=QQ9LpNxJSH8
"4. ročník, 2. díl",https://www.matyskova-matematika.cz/4-rocnik-2-dil/video/str-61/,"4. ročník, 2. díl, strana 61, cvičení 3",tnJdPoI_HfA,https://www.youtube.com/watch?v=tnJdPoI_HfA
"4. ročník, 2. díl",https://www.matyskova-matematika.cz/4-rocnik-2-dil/video/str-62/,"4. ročník, 2. díl, strana 62, úvod",GW9uW5RFKKQ,https://www.youtube.com/watch?v=GW9uW5RFKKQ
"4. ročník, 2. díl",https://www.matyskova-matematika.cz/4-rocnik-2-dil/video/str-62/,"4. ročník, 2. díl, strana 62, cvičení 1, 2",-x1NtYfdcd4,https://www.youtube.com/watch?v=-x1NtYfdcd4
"4. ročník, 2. díl",https://www.matyskova-matematika.cz/4-rocnik-2-dil/video/str-63/,"4. ročník, 2. díl, strana 63, úvod",ASvaO730Y4c,https://www.youtube.com/watch?v=ASvaO730Y4c
"4. ročník, 2. díl",https://www.matyskova-matematika.cz/4-rocnik-2-dil/video/str-63/,"4. ročník, 2. díl, strana 63, cvičení 1",7-rQ9IqDWXY,https://www.youtube.com/watch?v=7-rQ9IqDWXY
"4. ročník, 2. díl",https://www.matyskova-matematika.cz/4-rocnik-2-dil/video/str-63/,"4. ročník, 2. díl, strana 63, cvičení 2",-T1Ybpum9qY,https://www.youtube.com/watch?v=-T1Ybpum9qY
"4. ročník, 2. díl",https://www.matyskova-matematika.cz/4-rocnik-2-dil/video/str-64/,"4. ročník, 2. díl, strana 64, cvičení 1",MJmSkJ5beSI,https://www.youtube.com/watch?v=MJmSkJ5beSI
"4. ročník, 2. díl",https://www.matyskova-matematika.cz/4-rocnik-2-dil/video/str-64/,"4. ročník, 2. díl, strana 64, cvičení 2",hu_lAZzP3D8,https://www.youtube.com/watch?v=hu_lAZzP3D8
"4. ročník, 2. díl",https://www.matyskova-matematika.cz/4-rocnik-2-dil/video/str-64/,"4. ročník, 2. díl, strana 64, cvičení 3",sOLyNVlE5Qs,https://www.youtube.com/watch?v=sOLyNVlE5Qs
"4. ročník, 2. díl",https://www.matyskova-matematika.cz/4-rocnik-2-dil/video/str-64/,"4. ročník, 2. díl, strana 64, cvičení 4",UU8rEAcKqCE,https://www.youtube.com/watch?v=UU8rEAcKqCE
5. díl (aktualiz.),https://www.matyskova-matematika.cz/matyskova-matematika-5-dil-strana-1/,"Matýskova matematika, 5. díl, strana 1, cvičení 1",c9JBRl_rsAw,https://www.youtube.com/watch?v=c9JBRl_rsAw
5. díl (aktualiz.),https://www.matyskova-matematika.cz/matyskova-matematika-5-dil-strana-1/,"Matýskova matematika, 5. díl, strana 1, cvičení 2",dOSe9vRBVok,https://www.youtube.com/watch?v=dOSe9vRBVok
5. díl (aktualiz.),https://www.matyskova-matematika.cz/matyskova-matematika-5-dil-strana-1/,"Matýskova matematika, 5. díl, strana 1, cvičení 3",YZwVLzcTbMc,https://www.youtube.com/watch?v=YZwVLzcTbMc
5. díl (aktualiz.),https://www.matyskova-matematika.cz/matyskova-matematika-5-dil-strana-1/,"Matýskova matematika, 5. díl, strana 1, cvičení 4",q8gXX60f3rs,https://www.youtube.com/watch?v=q8gXX60f3rs
5. díl (aktualiz.),https://www.matyskova-matematika.cz/matyskova-matematika-5-dil-strana-2/,"Matýskova matematika, 5. díl, strana 2, cvičení 1",Xehs-5pp0vM,https://www.youtube.com/watch?v=Xehs-5pp0vM
5. díl (aktualiz.),https://www.matyskova-matematika.cz/matyskova-matematika-5-dil-strana-2/,"Matýskova matematika, 5. díl, strana 2, cvičení 2",pPtg0kW7r0o,https://www.youtube.com/watch?v=pPtg0kW7r0o
5. díl (aktualiz.),https://www.matyskova-matematika.cz/matyskova-matematika-5-dil-strana-2/,"Matýskova matematika, 5. díl, strana 2, cvičení 3",sfwCv9SjE-w,https://www.youtube.com/watch?v=sfwCv9SjE-w
5. díl (aktualiz.),https://www.matyskova-matematika.cz/matyskova-matematika-5-dil-strana-2/,"Matýskova matematika, 5. díl, strana 2, cvičení 4",QBv84Iy73Q4,https://www.youtube.com/watch?v=QBv84Iy73Q4
5. díl (aktualiz.),https://www.matyskova-matematika.cz/matyskova-matematika-5-dil-strana-3/,"Matýskova matematika, 5. díl, strana 3, cvičení 1",OhsS8OT2Sd0,https://www.youtube.com/watch?v=OhsS8OT2Sd0
5. díl (aktualiz.),https://www.matyskova-matematika.cz/matyskova-matematika-5-dil-strana-3/,"Matýskova matematika, 5. díl, strana 3, cvičení 2",YaZJsHtHFkQ,https://www.youtube.com/watch?v=YaZJsHtHFkQ
5. díl (aktualiz.),https://www.matyskova-matematika.cz/matyskova-matematika-5-dil-strana-3/,"Matýskova matematika, 5. díl, strana 3, cvičení 3",KQSpyEbZTKE,https://www.youtube.com/watch?v=KQSpyEbZTKE
5. díl (aktualiz.),https://www.matyskova-matematika.cz/matyskova-matematika-5-dil-strana-4/,"Matýskova matematika, 5. díl, strana 4, cvičení 1",-oXVGyqT-9k,https://www.youtube.com/watch?v=-oXVGyqT-9k
5. díl (aktualiz.),https://www.matyskova-matematika.cz/matyskova-matematika-5-dil-strana-4/,"Matýskova matematika, 5. díl, strana 4, cvičení 2",uJrogei17No,https://www.youtube.com/watch?v=uJrogei17No
5. díl (aktualiz.),https://www.matyskova-matematika.cz/matyskova-matematika-5-dil-strana-4/,"Matýskova matematika, 5. díl, strana 4, cvičení 3",sNOYNRkwCLw,https://www.youtube.com/watch?v=sNOYNRkwCLw
5. díl (aktualiz.),https://www.matyskova-matematika.cz/matyskova-matematika-5-dil-strana-4/,"Matýskova matematika, 5. díl, strana 4, cvičení 4",DRaKCWlnXzQ,https://www.youtube.com/watch?v=DRaKCWlnXzQ
5. díl (aktualiz.),https://www.matyskova-matematika.cz/matyskova-matematika-5-dil-strana-5/,"Matýskova matematika, 5. díl, strana 5, cvičení 1",6LCd6fU4bck,https://www.youtube.com/watch?v=6LCd6fU4bck
5. díl (aktualiz.),https://www.matyskova-matematika.cz/matyskova-matematika-5-dil-strana-5/,"Matýskova matematika, 5. díl, strana 5, cvičení 2",aEh9-2ydHns,https://www.youtube.com/watch?v=aEh9-2ydHns
5. díl (aktualiz.),https://www.matyskova-matematika.cz/matyskova-matematika-5-dil-strana-5/,"Matýskova matematika, 5. díl, strana 5, cvičení 3",K2DefVgzB4s,https://www.youtube.com/watch?v=K2DefVgzB4s
5. díl (aktualiz.),https://www.matyskova-matematika.cz/matyskova-matematika-5-dil-strana-5/,"Matýskova matematika, 5. díl, strana 5, cvičení 4",f8G6ch7S-k8,https://www.youtube.com/watch?v=f8G6ch7S-k8
5. díl (aktualiz.),https://www.matyskova-matematika.cz/matyskova-matematika-5-dil-strana-5/,"Matýskova matematika, 5. díl, strana 5, cvičení 5",8nC1PiFHa7o,https://www.youtube.com/watch?v=8nC1PiFHa7o
5. díl (aktualiz.),https://www.matyskova-matematika.cz/matyskova-matematika-5-dil-strana-6/,"Matýskova matematika, 5. díl, strana 6, cvičení 1",KM2W5pjOFuE,https://www.youtube.com/watch?v=KM2W5pjOFuE
5. díl (aktualiz.),https://www.matyskova-matematika.cz/matyskova-matematika-5-dil-strana-6/,"Matýskova matematika, 5. díl, strana 6, cvičení 2",zh3ZlxceFhE,https://www.youtube.com/watch?v=zh3ZlxceFhE
5. díl (aktualiz.),https://www.matyskova-matematika.cz/matyskova-matematika-5-dil-strana-6/,"Matýskova matematika, 5. díl, strana 6, cvičení 3",TQyaAYerlq8,https://www.youtube.com/watch?v=TQyaAYerlq8
5. díl (aktualiz.),https://www.matyskova-matematika.cz/matyskova-matematika-5-dil-strana-7/,"Matýskova matematika, 5. díl, strana 7, cvičení 1",s42oRkyn8hQ,https://www.youtube.com/watch?v=s42oRkyn8hQ
5. díl (aktualiz.),https://www.matyskova-matematika.cz/matyskova-matematika-5-dil-strana-7/,"Matýskova matematika, 5. díl, strana 7, cvičení 2",ld5TSmqS60I,https://www.youtube.com/watch?v=ld5TSmqS60I
5. díl (aktualiz.),https://www.matyskova-matematika.cz/matyskova-matematika-5-dil-strana-7/,"Matýskova matematika, 5. díl, strana 7, cvičení 3",1REJ4qpAf6M,https://www.youtube.com/watch?v=1REJ4qpAf6M
5. díl (aktualiz.),https://www.matyskova-matematika.cz/matyskova-matematika-5-dil-strana-8/,"Matýskova matematika, 5. díl, strana 8, cvičení 1",XRFotj-dDiQ,https://www.youtube.com/watch?v=XRFotj-dDiQ
5. díl (aktualiz.),https://www.matyskova-matematika.cz/matyskova-matematika-5-dil-strana-8/,"Matýskova matematika, 5. díl, strana 8, cvičení 2",uTkQoxFESGY,https://www.youtube.com/watch?v=uTkQoxFESGY
5. díl (aktualiz.),https://www.matyskova-matematika.cz/matyskova-matematika-5-dil-strana-9/,"Matýskova matematika, 5. díl, strana 9, cvičení 1",Z7iYgisLhVQ,https://www.youtube.com/watch?v=Z7iYgisLhVQ
5. díl (aktualiz.),https://www.matyskova-matematika.cz/matyskova-matematika-5-dil-strana-9/,"Matýskova matematika, 5. díl, strana 9, cvičení 2",pLjrdd3aLPM,https://www.youtube.com/watch?v=pLjrdd3aLPM
5. díl (aktualiz.),https://www.matyskova-matematika.cz/matyskova-matematika-5-dil-strana-9/,"Matýskova matematika, 5. díl, strana 9, cvičení 3",R9XCK4Efk6k,https://www.youtube.com/watch?v=R9XCK4Efk6k
5. díl (aktualiz.),https://www.matyskova-matematika.cz/matyskova-matematika-5-dil-strana-10/,"Matýskova matematika, 5. díl, strana 10, cvičení 1",y6ZkaOceyXI,https://www.youtube.com/watch?v=y6ZkaOceyXI
5. díl (aktualiz.),https://www.matyskova-matematika.cz/matyskova-matematika-5-dil-strana-10/,"Matýskova matematika, 5. díl, strana 10, cvičení 2",t00Hy5akeUI,https://www.youtube.com/watch?v=t00Hy5akeUI
5. díl (aktualiz.),https://www.matyskova-matematika.cz/matyskova-matematika-5-dil-strana-11/,"Matýskova matematika, 5. díl, strana 11, cvičení 1",qyaXl1Tt3OA,https://www.youtube.com/watch?v=qyaXl1Tt3OA
5. díl (aktualiz.),https://www.matyskova-matematika.cz/matyskova-matematika-5-dil-strana-11/,"Matýskova matematika, 5. díl, strana 11, cvičení 2",SoDBbtRzYls,https://www.youtube.com/watch?v=SoDBbtRzYls
5. díl (aktualiz.),https://www.matyskova-matematika.cz/matyskova-matematika-5-dil-strana-11/,"Matýskova matematika, 5. díl, strana 11, cvičení 3",sEvJAT57Rng,https://www.youtube.com/watch?v=sEvJAT57Rng
5. díl (aktualiz.),https://www.matyskova-matematika.cz/matyskova-matematika-5-dil-strana-11/,"Matýskova matematika, 5. díl, strana 11, cvičení 4",MhEO1B1uv6A,https://www.youtube.com/watch?v=MhEO1B1uv6A
5. díl (aktualiz.),https://www.matyskova-matematika.cz/matyskova-matematika-5-dil-strana-12/,"Matýskova matematika, 5. díl, strana 12, cvičení 1",PumAt0KMvRE,https://www.youtube.com/watch?v=PumAt0KMvRE
5. díl (aktualiz.),https://www.matyskova-matematika.cz/matyskova-matematika-5-dil-strana-12/,"Matýskova matematika, 5. díl, strana 12, cvičení 2",R93MRCCDvVU,https://www.youtube.com/watch?v=R93MRCCDvVU
5. díl (aktualiz.),https://www.matyskova-matematika.cz/matyskova-matematika-5-dil-strana-12/,"Matýskova matematika, 5. díl, strana 12, cvičení 3",RUaT-y1TjSE,https://www.youtube.com/watch?v=RUaT-y1TjSE
5. díl (aktualiz.),https://www.matyskova-matematika.cz/matyskova-matematika-5-dil-strana-12/,"Matýskova matematika, 5. díl, strana 11, cvičení 4",sufUrp1Rq9g,https://www.youtube.com/watch?v=sufUrp1Rq9g
5. díl (aktualiz.),https://www.matyskova-matematika.cz/matyskova-matematika-5-dil-strana-13/,"Matýskova matematika, 5. díl, strana 13, cvičení 1",9I9SAJeaKmA,https://www.youtube.com/watch?v=9I9SAJeaKmA
5. díl (aktualiz.),https://www.matyskova-matematika.cz/matyskova-matematika-5-dil-strana-13/,"Matýskova matematika, 5. díl, strana 13, cvičení 2",xeC2N89E-EA,https://www.youtube.com/watch?v=xeC2N89E-EA
5. díl (aktualiz.),https://www.matyskova-matematika.cz/matyskova-matematika-5-dil-strana-13/,"Matýskova matematika, 5. díl, strana 13, cvičení 3",7c3EFPDdlDA,https://www.youtube.com/watch?v=7c3EFPDdlDA
5. díl (aktualiz.),https://www.matyskova-matematika.cz/matyskova-matematika-5-dil-strana-13/,"Matýskova matematika, 5. díl, strana 13, cvičení 4",mICxWUjqyIY,https://www.youtube.com/watch?v=mICxWUjqyIY
5. díl (aktualiz.),https://www.matyskova-matematika.cz/matyskova-matematika-5-dil-strana-14/,"Matýskova matematika, 5. díl, strana 14, cvičení 1",bMoBQuSKqsA,https://www.youtube.com/watch?v=bMoBQuSKqsA
5. díl (aktualiz.),https://www.matyskova-matematika.cz/matyskova-matematika-5-dil-strana-14/,"Matýskova matematika, 5. díl, strana 14, cvičení 2",Zd43jSvxWmw,https://www.youtube.com/watch?v=Zd43jSvxWmw
5. díl (aktualiz.),https://www.matyskova-matematika.cz/matyskova-matematika-5-dil-strana-14/,"Matýskova matematika, 5. díl, strana 14, cvičení 3",3bxY1Iaga8c,https://www.youtube.com/watch?v=3bxY1Iaga8c
5. díl (aktualiz.),https://www.matyskova-matematika.cz/matyskova-matematika-5-dil-strana-14/,"Matýskova matematika, 5. díl, strana 14, cvičení 4",b1j8srQlE6E,https://www.youtube.com/watch?v=b1j8srQlE6E
5. díl (aktualiz.),https://www.matyskova-matematika.cz/matyskova-matematika-5-dil-strana-15/,"Matýskova matematika, 5. díl, strana 15, cvičení 1",ni_cMZpj1X8,https://www.youtube.com/watch?v=ni_cMZpj1X8
5. díl (aktualiz.),https://www.matyskova-matematika.cz/matyskova-matematika-5-dil-strana-15/,"Matýskova matematika, 5. díl, strana 15, cvičení 2",AMtt79zqQIQ,https://www.youtube.com/watch?v=AMtt79zqQIQ
5. díl (aktualiz.),https://www.matyskova-matematika.cz/matyskova-matematika-5-dil-strana-15/,"Matýskova matematika, 5. díl, strana 15, cvičení 3",lkMMNPLIyFU,https://www.youtube.com/watch?v=lkMMNPLIyFU
5. díl (aktualiz.),https://www.matyskova-matematika.cz/matyskova-matematika-5-dil-strana-15/,"Matýskova matematika, 5. díl, strana 15, cvičení 4",E4gDxgfTFVg,https://www.youtube.com/watch?v=E4gDxgfTFVg
5. díl (aktualiz.),https://www.matyskova-matematika.cz/matyskova-matematika-5-dil-strana-15/,"Matýskova matematika, 5. díl, strana 15, cvičení 5",u2j-B2SZBkU,https://www.youtube.com/watch?v=u2j-B2SZBkU
5. díl (aktualiz.),https://www.matyskova-matematika.cz/matyskova-matematika-5-dil-strana-16/,"Matýskova matematika, 5. díl, strana 16, cvičení 1",qIhVKCVDce4,https://www.youtube.com/watch?v=qIhVKCVDce4
5. díl (aktualiz.),https://www.matyskova-matematika.cz/matyskova-matematika-5-dil-strana-16/,"Matýskova matematika, 5. díl, strana 16, cvičení 2",-wqxRvI7NcQ,https://www.youtube.com/watch?v=-wqxRvI7NcQ
5. díl (aktualiz.),https://www.matyskova-matematika.cz/matyskova-matematika-5-dil-strana-16/,"Matýskova matematika, 5. díl, strana 16, cvičení 3",BIghBUR2wSM,https://www.youtube.com/watch?v=BIghBUR2wSM
5. díl (aktualiz.),https://www.matyskova-matematika.cz/matyskova-matematika-5-dil-strana-16/,"Matýskova matematika, 5. díl, strana 16, cvičení 4",8LU-R68POWc,https://www.youtube.com/watch?v=8LU-R68POWc
5. díl (aktualiz.),https://www.matyskova-matematika.cz/matyskova-matematika-5-dil-strana-17/,"Matýskova matematika, 5. díl, strana 17, cvičení 1 A",RSjlXTk2Er4,https://www.youtube.com/watch?v=RSjlXTk2Er4
5. díl (aktualiz.),https://www.matyskova-matematika.cz/matyskova-matematika-5-dil-strana-17/,"Matýskova matematika, 5. díl, strana 17, cvičení 1 B",1mmMKFZ78s0,https://www.youtube.com/watch?v=1mmMKFZ78s0
5. díl (aktualiz.),https://www.matyskova-matematika.cz/matyskova-matematika-5-dil-strana-17/,"Matýskova matematika, 5. díl, strana 17, cvičení 2",qiZNJtb2lrs,https://www.youtube.com/watch?v=qiZNJtb2lrs
5. díl (aktualiz.),https://www.matyskova-matematika.cz/matyskova-matematika-5-dil-strana-18/,"Matýskova matematika, 5. díl, strana 18, cvičení 1",A3RPa2pRIPg,https://www.youtube.com/watch?v=A3RPa2pRIPg
5. díl (aktualiz.),https://www.matyskova-matematika.cz/matyskova-matematika-5-dil-strana-18/,"Matýskova matematika, 5. díl, strana 18, cvičení 2",-EtFBzhPMzQ,https://www.youtube.com/watch?v=-EtFBzhPMzQ
5. díl (aktualiz.),https://www.matyskova-matematika.cz/matyskova-matematika-5-dil-strana-18/,"Matýskova matematika, 5. díl, strana 18, cvičení 3",dYa0D_6RJaw,https://www.youtube.com/watch?v=dYa0D_6RJaw
5. díl (aktualiz.),https://www.matyskova-matematika.cz/matyskova-matematika-5-dil-strana-18/,"Matýskova matematika, 5. díl, strana 18, cvičení 4",EujlQsmlwEw,https://www.youtube.com/watch?v=EujlQsmlwEw
5. díl (aktualiz.),https://www.matyskova-matematika.cz/matyskova-matematika-5-dil-strana-19/,"Matýskova matematika, 5. díl, strana 19, cvičení 1",C7Vjdb9uC7I,https://www.youtube.com/watch?v=C7Vjdb9uC7I
5. díl (aktualiz.),https://www.matyskova-matematika.cz/matyskova-matematika-5-dil-strana-19/,"Matýskova matematika, 5. díl, strana 19, cvičení 2",D8eYBzE3VZk,https://www.youtube.com/watch?v=D8eYBzE3VZk
5. díl (aktualiz.),https://www.matyskova-matematika.cz/matyskova-matematika-5-dil-strana-19/,"Matýskova matematika, 5. díl, strana 19, cvičení 3",y_Bp3a6i1P4,https://www.youtube.com/watch?v=y_Bp3a6i1P4
5. díl (aktualiz.),https://www.matyskova-matematika.cz/matyskova-matematika-5-dil-strana-20/,"Matýskova matematika, 5. díl, strana 20, cvičení 1",mF9UuNlsplc,https://www.youtube.com/watch?v=mF9UuNlsplc
5. díl (aktualiz.),https://www.matyskova-matematika.cz/matyskova-matematika-5-dil-strana-20/,"Matýskova matematika, 5. díl, strana 20, cvičení 2",JDCC-eSRX7Y,https://www.youtube.com/watch?v=JDCC-eSRX7Y
5. díl (aktualiz.),https://www.matyskova-matematika.cz/matyskova-matematika-5-dil-strana-20/,"Matýskova matematika, 5. díl, strana 20, cvičení 3",q4U73_2bVrI,https://www.youtube.com/watch?v=q4U73_2bVrI
5. díl (aktualiz.),https://www.matyskova-matematika.cz/matyskova-matematika-5-dil-strana-20/,"Matýskova matematika, 5. díl, strana 20, cvičení 4",FcjKeyJwlYg,https://www.youtube.com/watch?v=FcjKeyJwlYg
5. díl (aktualiz.),https://www.matyskova-matematika.cz/matyskova-matematika-5-dil-strana-20/,"Matýskova matematika, 5. díl, strana 20, cvičení 5",yTDS8SEch4k,https://www.youtube.com/watch?v=yTDS8SEch4k
5. díl (aktualiz.),https://www.matyskova-matematika.cz/matyskova-matematika-5-dil-strana-21/,"Matýskova matematika, 5. díl, strana 21, cvičení 1",OljEi5Kkt-o,https://www.youtube.com/watch?v=OljEi5Kkt-o
5. díl (aktualiz.),https://www.matyskova-matematika.cz/matyskova-matematika-5-dil-strana-21/,"Matýskova matematika, 5. díl, strana 21, cvičení 2",x5WdQHdJ-tM,https://www.youtube.com/watch?v=x5WdQHdJ-tM
5. díl (aktualiz.),https://www.matyskova-matematika.cz/matyskova-matematika-5-dil-strana-21/,"Matýskova matematika, 5. díl, strana 21, cvičení 3",x5EYsnGxPLk,https://www.youtube.com/watch?v=x5EYsnGxPLk
5. díl (aktualiz.),https://www.matyskova-matematika.cz/matyskova-matematika-5-dil-strana-21/,"Matýskova matematika, 5. díl, strana 21, cvičení 4",m28XuEZ-e5M,https://www.youtube.com/watch?v=m28XuEZ-e5M
5. díl (aktualiz.),https://www.matyskova-matematika.cz/matyskova-matematika-5-dil-strana-21/,"Matýskova matematika, 5. díl, strana 21, cvičení 5",7s3So42RiCc,https://www.youtube.com/watch?v=7s3So42RiCc
5. díl (aktualiz.),https://www.matyskova-matematika.cz/matyskova-matematika-5-dil-strana-22/,"Matýskova matematika, 5. díl, strana 22, cvičení 1",cD1q0IeJ4SM,https://www.youtube.com/watch?v=cD1q0IeJ4SM
5. díl (aktualiz.),https://www.matyskova-matematika.cz/matyskova-matematika-5-dil-strana-22/,"Matýskova matematika, 5. díl, strana 22, cvičení 2",jh4xHaspiY8,https://www.youtube.com/watch?v=jh4xHaspiY8
5. díl (aktualiz.),https://www.matyskova-matematika.cz/matyskova-matematika-5-dil-strana-22/,"Matýskova matematika, 5. díl, strana 22, cvičení 3",gShzCPyUKzY,https://www.youtube.com/watch?v=gShzCPyUKzY
5. díl (aktualiz.),https://www.matyskova-matematika.cz/matyskova-matematika-5-dil-strana-22/,"Matýskova matematika, 5. díl, strana 22, cvičení 4",QzuZmWifbtQ,https://www.youtube.com/watch?v=QzuZmWifbtQ
5. díl (aktualiz.),https://www.matyskova-matematika.cz/matyskova-matematika-5-dil-strana-22/,"Matýskova matematika, 5. díl, strana 22, cvičení 5",v4sAnaNN5jA,https://www.youtube.com/watch?v=v4sAnaNN5jA
5. díl (aktualiz.),https://www.matyskova-matematika.cz/matyskova-matematika-5-dil-strana-23/,"Matýskova matematika, 5. díl, strana 23, cvičení 1",NDGA1drrThQ,https://www.youtube.com/watch?v=NDGA1drrThQ
5. díl (aktualiz.),https://www.matyskova-matematika.cz/matyskova-matematika-5-dil-strana-23/,"Matýskova matematika, 5. díl, strana 23, cvičení 2",r_VaPeb2Evw,https://www.youtube.com/watch?v=r_VaPeb2Evw
5. díl (aktualiz.),https://www.matyskova-matematika.cz/matyskova-matematika-5-dil-strana-23/,"Matýskova matematika, 5. díl, strana 23, cvičení 3",QzA2BNp5KDI,https://www.youtube.com/watch?v=QzA2BNp5KDI
5. díl (aktualiz.),https://www.matyskova-matematika.cz/matyskova-matematika-5-dil-strana-23/,"Matýskova matematika, 5. díl, strana 23, cvičení 4",UBE4bVz2Mnk,https://www.youtube.com/watch?v=UBE4bVz2Mnk
5. díl (aktualiz.),https://www.matyskova-matematika.cz/matyskova-matematika-5-dil-strana-23/,"Matýskova matematika, 5. díl, strana 23, cvičení 5",AL8bUQyXgNg,https://www.youtube.com/watch?v=AL8bUQyXgNg
5. díl (aktualiz.),https://www.matyskova-matematika.cz/matyskova-matematika-5-dil-strana-24/,"Matýskova matematika, 5. díl, strana 24, cvičení 1",ZdF_mr8oO54,https://www.youtube.com/watch?v=ZdF_mr8oO54
5. díl (aktualiz.),https://www.matyskova-matematika.cz/matyskova-matematika-5-dil-strana-24/,"Matýskova matematika, 5. díl, strana 24, cvičení 2",L6YFgg6QNBo,https://www.youtube.com/watch?v=L6YFgg6QNBo
5. díl (aktualiz.),https://www.matyskova-matematika.cz/matyskova-matematika-5-dil-strana-24/,"Matýskova matematika, 5. díl, strana 24, cvičení 3",DIPmvelOzu0,https://www.youtube.com/watch?v=DIPmvelOzu0
5. díl (aktualiz.),https://www.matyskova-matematika.cz/matyskova-matematika-5-dil-strana-25/,"Matýskova matematika, 5. díl, strana 25, cvičení 1",p_vri9Pqa3I,https://www.youtube.com/watch?v=p_vri9Pqa3I
5. díl (aktualiz.),https://www.matyskova-matematika.cz/matyskova-matematika-5-dil-strana-25/,"Matýskova matematika, 5. díl, strana 25, cvičení 2",4pqd5HptIow,https://www.youtube.com/watch?v=4pqd5HptIow
5. díl (aktualiz.),https://www.matyskova-matematika.cz/matyskova-matematika-5-dil-strana-25/,"Matýskova matematika, 5. díl, strana 25, cvičení 3",3yu3NbZsDNs,https://www.youtube.com/watch?v=3yu3NbZsDNs
5. díl (aktualiz.),https://www.matyskova-matematika.cz/matyskova-matematika-5-dil-strana-25/,"Matýskova matematika, 5. díl, strana 25, cvičení 4",odQWwTnaPZQ,https://www.youtube.com/watch?v=odQWwTnaPZQ
5. díl (aktualiz.),https://www.matyskova-matematika.cz/matyskova-matematika-5-dil-strana-25/,"Matýskova matematika, 5. díl, strana 25, cvičení 5",zrQDeckvuK4,https://www.youtube.com/watch?v=zrQDeckvuK4
5. díl (aktualiz.),https://www.matyskova-matematika.cz/matyskova-matematika-5-dil-strana-26/,"Matýskova matematika, 5. díl, strana 26, cvičení 1",CaxD7sCGA9o,https://www.youtube.com/watch?v=CaxD7sCGA9o
5. díl (aktualiz.),https://www.matyskova-matematika.cz/matyskova-matematika-5-dil-strana-26/,"Matýskova matematika, 5. díl, strana 26, cvičení 2",yRb_x8QOLY8,https://www.youtube.com/watch?v=yRb_x8QOLY8
5. díl (aktualiz.),https://www.matyskova-matematika.cz/matyskova-matematika-5-dil-strana-26/,"Matýskova matematika, 5. díl, strana 26, cvičení 3",0jciK4dOAko,https://www.youtube.com/watch?v=0jciK4dOAko
5. díl (aktualiz.),https://www.matyskova-matematika.cz/matyskova-matematika-5-dil-strana-26/,"Matýskova matematika, 5. díl, strana 26, cvičení 4",U6Z1_vrb--A,https://www.youtube.com/watch?v=U6Z1_vrb--A
5. díl (aktualiz.),https://www.matyskova-matematika.cz/matyskova-matematika-5-dil-strana-26/,"Matýskova matematika, 5. díl, strana 26, cvičení 5",BnPPmiTXIe8,https://www.youtube.com/watch?v=BnPPmiTXIe8
5. díl (aktualiz.),https://www.matyskova-matematika.cz/matyskova-matematika-5-dil-strana-27/,"Matýskova matematika, 5. díl, strana 27, cvičení 1",cA5Aj3Tmmj0,https://www.youtube.com/watch?v=cA5Aj3Tmmj0
5. díl (aktualiz.),https://www.matyskova-matematika.cz/matyskova-matematika-5-dil-strana-27/,"Matýskova matematika, 5. díl, strana 27, cvičení 2",k-hMG4gqhM0,https://www.youtube.com/watch?v=k-hMG4gqhM0
5. díl (aktualiz.),https://www.matyskova-matematika.cz/matyskova-matematika-5-dil-strana-27/,"Matýskova matematika, 5. díl, strana 27, cvičení 3",rxRgVNRVpRY,https://www.youtube.com/watch?v=rxRgVNRVpRY
5. díl (aktualiz.),https://www.matyskova-matematika.cz/matyskova-matematika-5-dil-strana-27/,"Matýskova matematika, 5. díl, strana 27, cvičení 4",PhmSsdTxDLg,https://www.youtube.com/watch?v=PhmSsdTxDLg
5. díl (aktualiz.),https://www.matyskova-matematika.cz/matyskova-matematika-5-dil-strana-27/,"Matýskova matematika, 5. díl, strana 27, cvičení 5",QKI9eWZ3vRg,https://www.youtube.com/watch?v=QKI9eWZ3vRg
5. díl (aktualiz.),https://www.matyskova-matematika.cz/matyskova-matematika-5-dil-strana-28/,"Matýskova matematika, 5. díl, strana 28, cvičení 1",ed8EcptcfKk,https://www.youtube.com/watch?v=ed8EcptcfKk
5. díl (aktualiz.),https://www.matyskova-matematika.cz/matyskova-matematika-5-dil-strana-28/,"Matýskova matematika, 5. díl, strana 28, cvičení 2",7DRg58808wE,https://www.youtube.com/watch?v=7DRg58808wE
5. díl (aktualiz.),https://www.matyskova-matematika.cz/matyskova-matematika-5-dil-strana-28/,"Matýskova matematika, 5. díl, strana 28, cvičení 3",BX0nuTKgZRE,https://www.youtube.com/watch?v=BX0nuTKgZRE
5. díl (aktualiz.),https://www.matyskova-matematika.cz/matyskova-matematika-5-dil-strana-28/,"Matýskova matematika, 5. díl, strana 28, cvičení 4",8rb2NK6Ztpk,https://www.youtube.com/watch?v=8rb2NK6Ztpk
5. díl (aktualiz.),https://www.matyskova-matematika.cz/matyskova-matematika-5-dil-strana-29/,"Matýskova matematika, 5. díl, strana 29, cvičení 1",Z9WhQuxYdWo,https://www.youtube.com/watch?v=Z9WhQuxYdWo
5. díl (aktualiz.),https://www.matyskova-matematika.cz/matyskova-matematika-5-dil-strana-29/,"Matýskova matematika, 5. díl, strana 29, cvičení 2",haktLR-R4Ps,https://www.youtube.com/watch?v=haktLR-R4Ps
5. díl (aktualiz.),https://www.matyskova-matematika.cz/matyskova-matematika-5-dil-strana-29/,"Matýskova matematika, 5. díl, strana 29, cvičení 3",Y98tpf_7994,https://www.youtube.com/watch?v=Y98tpf_7994
5. díl (aktualiz.),https://www.matyskova-matematika.cz/matyskova-matematika-5-dil-strana-29/,"Matýskova matematika, 5. díl, strana 29, cvičení 4",GHddHLJnhNU,https://www.youtube.com/watch?v=GHddHLJnhNU
5. díl (aktualiz.),https://www.matyskova-matematika.cz/matyskova-matematika-5-dil-strana-29/,"Matýskova matematika, 5. díl, strana 29, cvičení 5",tBvW2YHIk7c,https://www.youtube.com/watch?v=tBvW2YHIk7c
5. díl (aktualiz.),https://www.matyskova-matematika.cz/matyskova-matematika-5-dil-strana-30/,"Matýskova matematika, 5. díl, strana 30, cvičení 1",WlYy04-V270,https://www.youtube.com/watch?v=WlYy04-V270
5. díl (aktualiz.),https://www.matyskova-matematika.cz/matyskova-matematika-5-dil-strana-30/,"Matýskova matematika, 5. díl, strana 30, cvičení 2",QnzNVcxwZ1E,https://www.youtube.com/watch?v=QnzNVcxwZ1E
5. díl (aktualiz.),https://www.matyskova-matematika.cz/matyskova-matematika-5-dil-strana-30/,"Matýskova matematika, 5. díl, strana 30, cvičení 3",7cLfqWjijM4,https://www.youtube.com/watch?v=7cLfqWjijM4
5. díl (aktualiz.),https://www.matyskova-matematika.cz/matyskova-matematika-5-dil-strana-31/,"Matýskova matematika, 5. díl, strana 31, cvičení 1",9zsjmCzTy_8,https://www.youtube.com/watch?v=9zsjmCzTy_8
5. díl (aktualiz.),https://www.matyskova-matematika.cz/matyskova-matematika-5-dil-strana-31/,"Matýskova matematika, 5. díl, strana 31, cvičení 2",TB0SG0PEE4s,https://www.youtube.com/watch?v=TB0SG0PEE4s
5. díl (aktualiz.),https://www.matyskova-matematika.cz/matyskova-matematika-5-dil-strana-31/,"Matýskova matematika, 5. díl, strana 31, cvičení 3",AzPH7i7PpRA,https://www.youtube.com/watch?v=AzPH7i7PpRA
5. díl (aktualiz.),https://www.matyskova-matematika.cz/matyskova-matematika-5-dil-strana-31/,"Matýskova matematika, 5. díl, strana 31, cvičení 4",tOxwhBYU0pk,https://www.youtube.com/watch?v=tOxwhBYU0pk
5. díl (aktualiz.),https://www.matyskova-matematika.cz/matyskova-matematika-5-dil-strana-32/,"Matýskova matematika, 5. díl, strana 32, cvičení 1",MNzjjEuwJSU,https://www.youtube.com/watch?v=MNzjjEuwJSU
5. díl (aktualiz.),https://www.matyskova-matematika.cz/matyskova-matematika-5-dil-strana-32/,"Matýskova matematika, 5. díl, strana 32, cvičení 2",4SwCJVBxGN8,https://www.youtube.com/watch?v=4SwCJVBxGN8
5. díl (aktualiz.),https://www.matyskova-matematika.cz/matyskova-matematika-5-dil-strana-33/,"Matýskova matematika, 5. díl, strana 33, cvičení 1",r8lklzSLK5U,https://www.youtube.com/watch?v=r8lklzSLK5U
5. díl (aktualiz.),https://www.matyskova-matematika.cz/matyskova-matematika-5-dil-strana-33/,"Matýskova matematika, 5. díl, strana 33, cvičení 2",0Ypv9QR6f4o,https://www.youtube.com/watch?v=0Ypv9QR6f4o
5. díl (aktualiz.),https://www.matyskova-matematika.cz/matyskova-matematika-5-dil-strana-33/,"Matýskova matematika, 5. díl, strana 33, cvičení 3",29EGbZb2XNM,https://www.youtube.com/watch?v=29EGbZb2XNM
5. díl (aktualiz.),https://www.matyskova-matematika.cz/matyskova-matematika-5-dil-strana-33/,"Matýskova matematika, 5. díl, strana 33, cvičení 4",h4jhLQs_oYI,https://www.youtube.com/watch?v=h4jhLQs_oYI
5. díl (aktualiz.),https://www.matyskova-matematika.cz/matyskova-matematika-5-dil-strana-34/,"Matýskova matematika, 5. díl, strana 34, cvičení 1",fk32dIUhSBo,https://www.youtube.com/watch?v=fk32dIUhSBo
5. díl (aktualiz.),https://www.matyskova-matematika.cz/matyskova-matematika-5-dil-strana-34/,"Matýskova matematika, 5. díl, strana 34, cvičení 2",wtgzL_MppgM,https://www.youtube.com/watch?v=wtgzL_MppgM
5. díl (aktualiz.),https://www.matyskova-matematika.cz/matyskova-matematika-5-dil-strana-34/,"Matýskova matematika, 5. díl, strana 34, cvičení 3",QIkkWwiY9CE,https://www.youtube.com/watch?v=QIkkWwiY9CE
5. díl (aktualiz.),https://www.matyskova-matematika.cz/matyskova-matematika-5-dil-strana-35/,"Matýskova matematika, 5. díl, strana 35, cvičení 1",ALpGFo9MptQ,https://www.youtube.com/watch?v=ALpGFo9MptQ
5. díl (aktualiz.),https://www.matyskova-matematika.cz/matyskova-matematika-5-dil-strana-35/,"Matýskova matematika, 5. díl, strana 35, cvičení 2",Yjva_VSMUus,https://www.youtube.com/watch?v=Yjva_VSMUus
5. díl (aktualiz.),https://www.matyskova-matematika.cz/matyskova-matematika-5-dil-strana-35/,"Matýskova matematika, 5. díl, strana 35, cvičení 3",gNcs8sfvFXs,https://www.youtube.com/watch?v=gNcs8sfvFXs
5. díl (aktualiz.),https://www.matyskova-matematika.cz/matyskova-matematika-5-dil-strana-35/,"Matýskova matematika, 5. díl, strana 35, cvičení 4",_1s3DdT2NWI,https://www.youtube.com/watch?v=_1s3DdT2NWI
5. díl (aktualiz.),https://www.matyskova-matematika.cz/matyskova-matematika-5-dil-strana-35/,"Matýskova matematika, 5. díl, strana 35, cvičení 5",vId_xHbKm-g,https://www.youtube.com/watch?v=vId_xHbKm-g
5. díl (aktualiz.),https://www.matyskova-matematika.cz/matyskova-matematika-5-dil-strana-36/,"Matýskova matematika, 5. díl, strana 36, cvičení 1",FaGhIIjMcFc,https://www.youtube.com/watch?v=FaGhIIjMcFc
5. díl (aktualiz.),https://www.matyskova-matematika.cz/matyskova-matematika-5-dil-strana-36/,"Matýskova matematika, 5. díl, strana 36, cvičení 2",eHusORPzRwA,https://www.youtube.com/watch?v=eHusORPzRwA
5. díl (aktualiz.),https://www.matyskova-matematika.cz/matyskova-matematika-5-dil-strana-36/,"Matýskova matematika, 5. díl, strana 36, cvičení 3",wMNb7enTdFA,https://www.youtube.com/watch?v=wMNb7enTdFA
5. díl (aktualiz.),https://www.matyskova-matematika.cz/matyskova-matematika-5-dil-strana-36/,"Matýskova matematika, 5. díl, strana 36, cvičení 4",tFA8AtELNgU,https://www.youtube.com/watch?v=tFA8AtELNgU
5. díl (aktualiz.),https://www.matyskova-matematika.cz/matyskova-matematika-5-dil-strana-36/,"Matýskova matematika, 5. díl, strana 36, cvičení 5",2in_Tk9CR04,https://www.youtube.com/watch?v=2in_Tk9CR04
5. díl (aktualiz.),https://www.matyskova-matematika.cz/matyskova-matematika-5-dil-strana-37/,"Matýskova matematika, 5. díl, strana 37, cvičení 1",SYselfYOxGs,https://www.youtube.com/watch?v=SYselfYOxGs
5. díl (aktualiz.),https://www.matyskova-matematika.cz/matyskova-matematika-5-dil-strana-37/,"Matýskova matematika, 5. díl, strana 37, cvičení 2",7NJ6V1BHNPM,https://www.youtube.com/watch?v=7NJ6V1BHNPM
5. díl (aktualiz.),https://www.matyskova-matematika.cz/matyskova-matematika-5-dil-strana-37/,"Matýskova matematika, 5. díl, strana 37, cvičení 3",yEIQqndr6iw,https://www.youtube.com/watch?v=yEIQqndr6iw
5. díl (aktualiz.),https://www.matyskova-matematika.cz/matyskova-matematika-5-dil-strana-37/,"Matýskova matematika, 5. díl, strana 37, cvičení 4",sbWDVmeKVGU,https://www.youtube.com/watch?v=sbWDVmeKVGU
5. díl (aktualiz.),https://www.matyskova-matematika.cz/matyskova-matematika-5-dil-strana-37/,"Matýskova matematika, 5. díl, strana 37, cvičení 5",V2NR89Po2SQ,https://www.youtube.com/watch?v=V2NR89Po2SQ
5. díl (aktualiz.),https://www.matyskova-matematika.cz/matyskova-matematika-5-dil-strana-38/,"Matýskova matematika, 5. díl, strana 38, cvičení 1",asAicp1daEM,https://www.youtube.com/watch?v=asAicp1daEM
5. díl (aktualiz.),https://www.matyskova-matematika.cz/matyskova-matematika-5-dil-strana-38/,"Matýskova matematika, 5. díl, strana 38, cvičení 2",04K6TptJQMo,https://www.youtube.com/watch?v=04K6TptJQMo
5. díl (aktualiz.),https://www.matyskova-matematika.cz/matyskova-matematika-5-dil-strana-38/,"Matýskova matematika, 5. díl, strana 38, cvičení 3",-0h8VQPI0EU,https://www.youtube.com/watch?v=-0h8VQPI0EU
5. díl (aktualiz.),https://www.matyskova-matematika.cz/matyskova-matematika-5-dil-strana-38/,"Matýskova matematika, 5. díl, strana 38, cvičení 4",CjZx0siS6UQ,https://www.youtube.com/watch?v=CjZx0siS6UQ
5. díl (aktualiz.),https://www.matyskova-matematika.cz/matyskova-matematika-5-dil-strana-38/,"Matýskova matematika, 5. díl, strana 38, cvičení 5",FH32wzlU0UE,https://www.youtube.com/watch?v=FH32wzlU0UE
5. díl (aktualiz.),https://www.matyskova-matematika.cz/matyskova-matematika-5-dil-strana-39/,"Matýskova matematika, 5. díl, strana 39, cvičení 1",Q9huCzBKYXs,https://www.youtube.com/watch?v=Q9huCzBKYXs
5. díl (aktualiz.),https://www.matyskova-matematika.cz/matyskova-matematika-5-dil-strana-39/,"Matýskova matematika, 5. díl, strana 39, cvičení 2",_PpltNEErFc,https://www.youtube.com/watch?v=_PpltNEErFc
5. díl (aktualiz.),https://www.matyskova-matematika.cz/matyskova-matematika-5-dil-strana-39/,"Matýskova matematika, 5. díl, strana 39, cvičení 3",v4BQsMqzcWw,https://www.youtube.com/watch?v=v4BQsMqzcWw
5. díl (aktualiz.),https://www.matyskova-matematika.cz/matyskova-matematika-5-dil-strana-40/,"Matýskova matematika, 5. díl, strana 40, cvičení 1",2TvFgKj-FNM,https://www.youtube.com/watch?v=2TvFgKj-FNM
5. díl (aktualiz.),https://www.matyskova-matematika.cz/matyskova-matematika-5-dil-strana-40/,"Matýskova matematika, 5. díl, strana 40, cvičení 2",diTYPHnalt4,https://www.youtube.com/watch?v=diTYPHnalt4
5. díl (aktualiz.),https://www.matyskova-matematika.cz/matyskova-matematika-5-dil-strana-40/,"Matýskova matematika, 5. díl, strana 40, cvičení 3",sHwO_zQpO-4,https://www.youtube.com/watch?v=sHwO_zQpO-4
5. díl (aktualiz.),https://www.matyskova-matematika.cz/matyskova-matematika-5-dil-strana-40/,"Matýskova matematika, 5. díl, strana 40, cvičení 4",S_sirCHTJlU,https://www.youtube.com/watch?v=S_sirCHTJlU
5. díl (aktualiz.),https://www.matyskova-matematika.cz/matyskova-matematika-5-dil-strana-40/,"Matýskova matematika, 5. díl, strana 40, cvičení 5",6Bm30Rtu1Qg,https://www.youtube.com/watch?v=6Bm30Rtu1Qg
5. díl (aktualiz.),https://www.matyskova-matematika.cz/matyskova-matematika-5-dil-strana-41/,"Matýskova matematika, 5. díl, strana 41, cvičení 1",oJNWtXvP_ZU,https://www.youtube.com/watch?v=oJNWtXvP_ZU
5. díl (aktualiz.),https://www.matyskova-matematika.cz/matyskova-matematika-5-dil-strana-41/,"Matýskova matematika, 5. díl, strana 41, cvičení 2",nEGtg3_7SL0,https://www.youtube.com/watch?v=nEGtg3_7SL0
5. díl (aktualiz.),https://www.matyskova-matematika.cz/matyskova-matematika-5-dil-strana-41/,"Matýskova matematika, 5. díl, strana 41, cvičení 3",ZcgJDfPTo_E,https://www.youtube.com/watch?v=ZcgJDfPTo_E
5. díl (aktualiz.),https://www.matyskova-matematika.cz/matyskova-matematika-5-dil-strana-41/,"Matýskova matematika, 5. díl, strana 41, cvičení 4",_xI6GTMz_qU,https://www.youtube.com/watch?v=_xI6GTMz_qU
5. díl (aktualiz.),https://www.matyskova-matematika.cz/matyskova-matematika-5-dil-strana-41/,"Matýskova matematika, 5. díl, strana 41, cvičení 5",5C6LbmpSF-8,https://www.youtube.com/watch?v=5C6LbmpSF-8
5. díl (aktualiz.),https://www.matyskova-matematika.cz/matyskova-matematika-5-dil-strana-41/,"Matýskova matematika, 5. díl, strana 41, cvičení 6",e69wXh3KwfY,https://www.youtube.com/watch?v=e69wXh3KwfY
5. díl (aktualiz.),https://www.matyskova-matematika.cz/matyskova-matematika-5-dil-strana-42/,"Matýskova matematika, 5. díl, strana 42, cvičení 1",l7by3wXeQ1k,https://www.youtube.com/watch?v=l7by3wXeQ1k
5. díl (aktualiz.),https://www.matyskova-matematika.cz/matyskova-matematika-5-dil-strana-42/,"Matýskova matematika, 5. díl, strana 42, cvičení 2",urIaYFXSXpQ,https://www.youtube.com/watch?v=urIaYFXSXpQ
5. díl (aktualiz.),https://www.matyskova-matematika.cz/matyskova-matematika-5-dil-strana-42/,"Matýskova matematika, 5. díl, strana 42, cvičení 3",ZFGen-1PcMA,https://www.youtube.com/watch?v=ZFGen-1PcMA
5. díl (aktualiz.),https://www.matyskova-matematika.cz/matyskova-matematika-5-dil-strana-42/,"Matýskova matematika, 5. díl, strana 42, cvičení 4",scitijS5_Tg,https://www.youtube.com/watch?v=scitijS5_Tg
5. díl (aktualiz.),https://www.matyskova-matematika.cz/matyskova-matematika-5-dil-strana-42/,"Matýskova matematika, 5. díl, strana 42, cvičení 5",-wTpH7wHvLU,https://www.youtube.com/watch?v=-wTpH7wHvLU
5. díl (aktualiz.),https://www.matyskova-matematika.cz/matyskova-matematika-5-dil-strana-43/,"Matýskova matematika, 5. díl, strana 43, cvičení 1",W8s-b9NsYJg,https://www.youtube.com/watch?v=W8s-b9NsYJg
5. díl (aktualiz.),https://www.matyskova-matematika.cz/matyskova-matematika-5-dil-strana-43/,"Matýskova matematika, 5. díl, strana 43, cvičení 2",-7FmbzDbXVY,https://www.youtube.com/watch?v=-7FmbzDbXVY
5. díl (aktualiz.),https://www.matyskova-matematika.cz/matyskova-matematika-5-dil-strana-43/,"Matýskova matematika, 5. díl, strana 43, cvičení 3",-KyMLX6mP2U,https://www.youtube.com/watch?v=-KyMLX6mP2U
5. díl (aktualiz.),https://www.matyskova-matematika.cz/matyskova-matematika-5-dil-strana-43/,"Matýskova matematika, 5. díl, strana 43, cvičení 4",ultBP98BB1g,https://www.youtube.com/watch?v=ultBP98BB1g
5. díl (aktualiz.),https://www.matyskova-matematika.cz/matyskova-matematika-5-dil-strana-44/,"Matýskova matematika, 5. díl, strana 44, cvičení 1",6igH5K3c16o,https://www.youtube.com/watch?v=6igH5K3c16o
5. díl (aktualiz.),https://www.matyskova-matematika.cz/matyskova-matematika-5-dil-strana-44/,"Matýskova matematika, 5. díl, strana 44, cvičení 2",Tm_A9EptcnM,https://www.youtube.com/watch?v=Tm_A9EptcnM
5. díl (aktualiz.),https://www.matyskova-matematika.cz/matyskova-matematika-5-dil-strana-44/,"Matýskova matematika, 5. díl, strana 44, cvičení 3",CpP5kn4ehyw,https://www.youtube.com/watch?v=CpP5kn4ehyw
5. díl (aktualiz.),https://www.matyskova-matematika.cz/matyskova-matematika-5-dil-strana-44/,"Matýskova matematika, 5. díl, strana 44, cvičení 4",fv05VnGX8co,https://www.youtube.com/watch?v=fv05VnGX8co
5. díl (aktualiz.),https://www.matyskova-matematika.cz/matyskova-matematika-5-dil-strana-44/,"Matýskova matematika, 5. díl, strana 44, cvičení 5",ifuzleP81Fg,https://www.youtube.com/watch?v=ifuzleP81Fg
5. díl (aktualiz.),https://www.matyskova-matematika.cz/matyskova-matematika-5-dil-strana-45/,"Matýskova matematika, 5. díl, strana 45, cvičení 1",MbQ4HZaXrng,https://www.youtube.com/watch?v=MbQ4HZaXrng
5. díl (aktualiz.),https://www.matyskova-matematika.cz/matyskova-matematika-5-dil-strana-45/,"Matýskova matematika, 5. díl, strana 45, cvičení 2",L86afWEZYUc,https://www.youtube.com/watch?v=L86afWEZYUc
5. díl (aktualiz.),https://www.matyskova-matematika.cz/matyskova-matematika-5-dil-strana-45/,"Matýskova matematika, 5. díl, strana 45, cvičení 3",AZZZ2bHkAYA,https://www.youtube.com/watch?v=AZZZ2bHkAYA
5. díl (aktualiz.),https://www.matyskova-matematika.cz/matyskova-matematika-5-dil-strana-46/,"Matýskova matematika, 5. díl, strana 46, cvičení 1",mRw69PjKm10,https://www.youtube.com/watch?v=mRw69PjKm10
5. díl (aktualiz.),https://www.matyskova-matematika.cz/matyskova-matematika-5-dil-strana-46/,"Matýskova matematika, 5. díl, strana 46, cvičení 2",mIPBvt1rFHo,https://www.youtube.com/watch?v=mIPBvt1rFHo
5. díl (aktualiz.),https://www.matyskova-matematika.cz/matyskova-matematika-5-dil-strana-46/,"Matýskova matematika, 5. díl, strana 46, cvičení 3",PiSqjFF6EMk,https://www.youtube.com/watch?v=PiSqjFF6EMk
5. díl (aktualiz.),https://www.matyskova-matematika.cz/matyskova-matematika-5-dil-strana-46/,"Matýskova matematika, 5. díl, strana 46, cvičení 4",IjrAI3u6bAU,https://www.youtube.com/watch?v=IjrAI3u6bAU
5. díl (aktualiz.),https://www.matyskova-matematika.cz/matyskova-matematika-5-dil-strana-47/,"Matýskova matematika, 5. díl, strana 47, cvičení 1",6pzwWruK4eA,https://www.youtube.com/watch?v=6pzwWruK4eA
5. díl (aktualiz.),https://www.matyskova-matematika.cz/matyskova-matematika-5-dil-strana-47/,"Matýskova matematika, 5. díl, strana 47, cvičení 2",Vo1kl15xBF0,https://www.youtube.com/watch?v=Vo1kl15xBF0
5. díl (aktualiz.),https://www.matyskova-matematika.cz/matyskova-matematika-5-dil-strana-48/,"Matýskova matematika, 5. díl, strana 48, cvičení 1",H89ykrFIoMY,https://www.youtube.com/watch?v=H89ykrFIoMY
5. díl (aktualiz.),https://www.matyskova-matematika.cz/matyskova-matematika-5-dil-strana-48/,"Matýskova matematika, 5. díl, strana 48, cvičení 2",dU0Q0oZqgPM,https://www.youtube.com/watch?v=dU0Q0oZqgPM
5. díl (aktualiz.),https://www.matyskova-matematika.cz/matyskova-matematika-5-dil-strana-48/,"Matýskova matematika, 5. díl, strana 48, cvičení 3",CChAZzDmCYI,https://www.youtube.com/watch?v=CChAZzDmCYI
5. díl (aktualiz.),https://www.matyskova-matematika.cz/matyskova-matematika-5-dil-strana-49/,"Matýskova matematika, 5. díl, strana 49, cvičení 1",KE-ioCeHGl4,https://www.youtube.com/watch?v=KE-ioCeHGl4
5. díl (aktualiz.),https://www.matyskova-matematika.cz/matyskova-matematika-5-dil-strana-49/,"Matýskova matematika, 5. díl, strana 49, cvičení 2",8HrHlRww91I,https://www.youtube.com/watch?v=8HrHlRww91I
5. díl (aktualiz.),https://www.matyskova-matematika.cz/matyskova-matematika-5-dil-strana-49/,"Matýskova matematika, 5. díl, strana 49, cvičení 3",dyR0_q4bJM4,https://www.youtube.com/watch?v=dyR0_q4bJM4
5. díl (aktualiz.),https://www.matyskova-matematika.cz/matyskova-matematika-5-dil-strana-50/,"Matýskova matematika, 5. díl, strana 50, cvičení 1",XhKjvpQzD9k,https://www.youtube.com/watch?v=XhKjvpQzD9k
5. díl (aktualiz.),https://www.matyskova-matematika.cz/matyskova-matematika-5-dil-strana-50/,"Matýskova matematika, 5. díl, strana 50, cvičení 2",hygP4Ve_7ro,https://www.youtube.com/watch?v=hygP4Ve_7ro
5. díl (aktualiz.),https://www.matyskova-matematika.cz/matyskova-matematika-5-dil-strana-50/,"Matýskova matematika, 5. díl, strana 50, cvičení 3",UnVbYEkLsLs,https://www.youtube.com/watch?v=UnVbYEkLsLs
5. díl (aktualiz.),https://www.matyskova-matematika.cz/matyskova-matematika-5-dil-strana-50/,"Matýskova matematika, 5. díl, strana 50, cvičení 4",HzogVl-n_mM,https://www.youtube.com/watch?v=HzogVl-n_mM
5. díl (aktualiz.),https://www.matyskova-matematika.cz/matyskova-matematika-5-dil-strana-50/,"Matýskova matematika, 5. díl, strana 50, cvičení 5",8Ogric-RJe0,https://www.youtube.com/watch?v=8Ogric-RJe0
5. díl (aktualiz.),https://www.matyskova-matematika.cz/matyskova-matematika-5-dil-strana-51/,"Matýskova matematika, 5. díl, strana 51, cvičení 1",FNIyP3z8iYg,https://www.youtube.com/watch?v=FNIyP3z8iYg
5. díl (aktualiz.),https://www.matyskova-matematika.cz/matyskova-matematika-5-dil-strana-51/,"Matýskova matematika, 5. díl, strana 51, cvičení 2",BbWwx61cM8I,https://www.youtube.com/watch?v=BbWwx61cM8I
5. díl (aktualiz.),https://www.matyskova-matematika.cz/matyskova-matematika-5-dil-strana-51/,"Matýskova matematika, 5. díl, strana 51, cvičení 3",l3R1WEmCsSA,https://www.youtube.com/watch?v=l3R1WEmCsSA
5. díl (aktualiz.),https://www.matyskova-matematika.cz/matyskova-matematika-5-dil-strana-51/,"Matýskova matematika, 5. díl, strana 51, cvičení 4",1Wmg1Wpc8U8,https://www.youtube.com/watch?v=1Wmg1Wpc8U8
5. díl (aktualiz.),https://www.matyskova-matematika.cz/matyskova-matematika-5-dil-strana-51/,"Matýskova matematika, 5. díl, strana 51, cvičení 5",ONB0MsvyQyM,https://www.youtube.com/watch?v=ONB0MsvyQyM
5. díl (aktualiz.),https://www.matyskova-matematika.cz/matyskova-matematika-5-dil-strana-52/,"Matýskova matematika, 5. díl, strana 52, cvičení 1",BJdeFfqRbiQ,https://www.youtube.com/watch?v=BJdeFfqRbiQ
5. díl (aktualiz.),https://www.matyskova-matematika.cz/matyskova-matematika-5-dil-strana-52/,"Matýskova matematika, 5. díl, strana 52, cvičení 2",M2EU7qEOGRo,https://www.youtube.com/watch?v=M2EU7qEOGRo
5. díl (aktualiz.),https://www.matyskova-matematika.cz/matyskova-matematika-5-dil-strana-52/,"Matýskova matematika, 5. díl, strana 52, cvičení 3",6N9bmAGfzU4,https://www.youtube.com/watch?v=6N9bmAGfzU4
5. díl (aktualiz.),https://www.matyskova-matematika.cz/matyskova-matematika-5-dil-strana-52/,"Matýskova matematika, 5. díl, strana 52, cvičení 4",IQd9PhEcPec,https://www.youtube.com/watch?v=IQd9PhEcPec
5. díl (aktualiz.),https://www.matyskova-matematika.cz/matyskova-matematika-5-dil-strana-52/,"Matýskova matematika, 5. díl, strana 52, cvičení 5",pCvdDfy7OGQ,https://www.youtube.com/watch?v=pCvdDfy7OGQ
5. díl (aktualiz.),https://www.matyskova-matematika.cz/matyskova-matematika-5-dil-strana-53/,"Matýskova matematika, 5. díl, strana 53, cvičení 1",ZE-XG8sNPB4,https://www.youtube.com/watch?v=ZE-XG8sNPB4
5. díl (aktualiz.),https://www.matyskova-matematika.cz/matyskova-matematika-5-dil-strana-53/,"Matýskova matematika, 5. díl, strana 53, cvičení 2",UR8jL5y472E,https://www.youtube.com/watch?v=UR8jL5y472E
5. díl (aktualiz.),https://www.matyskova-matematika.cz/matyskova-matematika-5-dil-strana-53/,"Matýskova matematika, 5. díl, strana 53, cvičení 3",E0M3Gebprck,https://www.youtube.com/watch?v=E0M3Gebprck
5. díl (aktualiz.),https://www.matyskova-matematika.cz/matyskova-matematika-5-dil-strana-53/,"Matýskova matematika, 5. díl, strana 53, cvičení 4",UC9wv74Vs_Y,https://www.youtube.com/watch?v=UC9wv74Vs_Y
5. díl (aktualiz.),https://www.matyskova-matematika.cz/matyskova-matematika-5-dil-strana-53/,"Matýskova matematika, 5. díl, strana 53, cvičení 5",kR6adAPnCDA,https://www.youtube.com/watch?v=kR6adAPnCDA
5. díl (aktualiz.),https://www.matyskova-matematika.cz/matyskova-matematika-5-dil-strana-54/,"Matýskova matematika, 5. díl, strana 54, cvičení 1",AIBssLhSS70,https://www.youtube.com/watch?v=AIBssLhSS70
5. díl (aktualiz.),https://www.matyskova-matematika.cz/matyskova-matematika-5-dil-strana-54/,"Matýskova matematika, 5. díl, strana 54, cvičení 2",jVeQ0Y2_1h4,https://www.youtube.com/watch?v=jVeQ0Y2_1h4
5. díl (aktualiz.),https://www.matyskova-matematika.cz/matyskova-matematika-5-dil-strana-54/,"Matýskova matematika, 5. díl, strana 54, cvičení 3",is2fNHdrw5k,https://www.youtube.com/watch?v=is2fNHdrw5k
5. díl (aktualiz.),https://www.matyskova-matematika.cz/matyskova-matematika-5-dil-strana-55/,"Matýskova matematika, 5. díl, strana 55, cvičení 1",jXXdQeBGh4g,https://www.youtube.com/watch?v=jXXdQeBGh4g
5. díl (aktualiz.),https://www.matyskova-matematika.cz/matyskova-matematika-5-dil-strana-55/,"Matýskova matematika, 5. díl, strana 55, cvičení 2",ooPCuVBfvkA,https://www.youtube.com/watch?v=ooPCuVBfvkA
5. díl (aktualiz.),https://www.matyskova-matematika.cz/matyskova-matematika-5-dil-strana-55/,"Matýskova matematika, 5. díl, strana 55, cvičení 3",qnmN0beUyUQ,https://www.youtube.com/watch?v=qnmN0beUyUQ
5. díl (aktualiz.),https://www.matyskova-matematika.cz/matyskova-matematika-5-dil-strana-55/,"Matýskova matematika, 5. díl, strana 55, cvičení 4",zH5Tig1lALc,https://www.youtube.com/watch?v=zH5Tig1lALc
5. díl (aktualiz.),https://www.matyskova-matematika.cz/matyskova-matematika-5-dil-strana-55/,"Matýskova matematika, 5. díl, strana 55, cvičení 5",lpJ7PBkbFLM,https://www.youtube.com/watch?v=lpJ7PBkbFLM
5. díl (aktualiz.),https://www.matyskova-matematika.cz/matyskova-matematika-5-dil-strana-56/,"Matýskova matematika, 5. díl, strana 56, cvičení 1",fCOfkVxd7xU,https://www.youtube.com/watch?v=fCOfkVxd7xU
5. díl (aktualiz.),https://www.matyskova-matematika.cz/matyskova-matematika-5-dil-strana-56/,"Matýskova matematika, 5. díl, strana 56, cvičení 2",VE4ZHkPGF3U,https://www.youtube.com/watch?v=VE4ZHkPGF3U
5. díl (aktualiz.),https://www.matyskova-matematika.cz/matyskova-matematika-5-dil-strana-56/,"Matýskova matematika, 5. díl, strana 56, cvičení 3",GuYiaXT8dgo,https://www.youtube.com/watch?v=GuYiaXT8dgo
5. díl (aktualiz.),https://www.matyskova-matematika.cz/matyskova-matematika-5-dil-strana-56/,"Matýskova matematika, 5. díl, strana 56, cvičení 4",QZb6ohtQrmY,https://www.youtube.com/watch?v=QZb6ohtQrmY
5. díl (aktualiz.),https://www.matyskova-matematika.cz/matyskova-matematika-5-dil-strana-56/,"Matýskova matematika, 5. díl, strana 56, cvičení 5",UldwaYXBlvg,https://www.youtube.com/watch?v=UldwaYXBlvg
5. díl (aktualiz.),https://www.matyskova-matematika.cz/matyskova-matematika-5-dil-strana-56/,"Matýskova matematika, 5. díl, strana 56, cvičení 6",PCwImp7Xj7Y,https://www.youtube.com/watch?v=PCwImp7Xj7Y
5. díl (aktualiz.),https://www.matyskova-matematika.cz/matyskova-matematika-5-dil-strana-57/,"Matýskova matematika, 5. díl, strana 57, cvičení 1",qAg6Wgs_wMI,https://www.youtube.com/watch?v=qAg6Wgs_wMI
5. díl (aktualiz.),https://www.matyskova-matematika.cz/matyskova-matematika-5-dil-strana-57/,"Matýskova matematika, 5. díl, strana 57, cvičení 2",nzaB5w6w6TY,https://www.youtube.com/watch?v=nzaB5w6w6TY
5. díl (aktualiz.),https://www.matyskova-matematika.cz/matyskova-matematika-5-dil-strana-57/,"Matýskova matematika, 5. díl, strana 57, cvičení 3",sePkVK8hNFM,https://www.youtube.com/watch?v=sePkVK8hNFM
5. díl (aktualiz.),https://www.matyskova-matematika.cz/matyskova-matematika-5-dil-strana-57/,"Matýskova matematika, 5. díl, strana 57, cvičení 4",r1FAfoyAnug,https://www.youtube.com/watch?v=r1FAfoyAnug
5. díl (aktualiz.),https://www.matyskova-matematika.cz/matyskova-matematika-5-dil-strana-57/,"Matýskova matematika, 5. díl, strana 57, cvičení 5",zmEmS5la95w,https://www.youtube.com/watch?v=zmEmS5la95w
5. díl (aktualiz.),https://www.matyskova-matematika.cz/matyskova-matematika-5-dil-strana-58/,"Matýskova matematika, 5. díl, strana 58, cvičení 1",VBPxKFxIH_Y,https://www.youtube.com/watch?v=VBPxKFxIH_Y
5. díl (aktualiz.),https://www.matyskova-matematika.cz/matyskova-matematika-5-dil-strana-58/,"Matýskova matematika, 5. díl, strana 58, cvičení 2",TX8EGw8oB8M,https://www.youtube.com/watch?v=TX8EGw8oB8M
5. díl (aktualiz.),https://www.matyskova-matematika.cz/matyskova-matematika-5-dil-strana-58/,"Matýskova matematika, 5. díl, strana 58, cvičení 3",CmeWUdFOh0A,https://www.youtube.com/watch?v=CmeWUdFOh0A
5. díl (aktualiz.),https://www.matyskova-matematika.cz/matyskova-matematika-5-dil-strana-58/,"Matýskova matematika, 5. díl, strana 58, cvičení 4",8ItPeqhj_KQ,https://www.youtube.com/watch?v=8ItPeqhj_KQ
5. díl (aktualiz.),https://www.matyskova-matematika.cz/matyskova-matematika-5-dil-strana-58/,"Matýskova matematika, 5. díl, strana 58, cvičení 5",gTB50XcuGVg,https://www.youtube.com/watch?v=gTB50XcuGVg
5. díl (aktualiz.),https://www.matyskova-matematika.cz/matyskova-matematika-5-dil-strana-59/,"Matýskova matematika, 5. díl, strana 59, cvičení 1",UMdJwc28F8A,https://www.youtube.com/watch?v=UMdJwc28F8A
5. díl (aktualiz.),https://www.matyskova-matematika.cz/matyskova-matematika-5-dil-strana-59/,"Matýskova matematika, 5. díl, strana 59, cvičení 2",ub0WfhkgvnI,https://www.youtube.com/watch?v=ub0WfhkgvnI
5. díl (aktualiz.),https://www.matyskova-matematika.cz/matyskova-matematika-5-dil-strana-59/,"Matýskova matematika, 5. díl, strana 59, cvičení 3",_hmAyXeT5qo,https://www.youtube.com/watch?v=_hmAyXeT5qo
5. díl (aktualiz.),https://www.matyskova-matematika.cz/matyskova-matematika-5-dil-strana-59/,"Matýskova matematika, 5. díl, strana 59, cvičení 4",UUkec8gHGtc,https://www.youtube.com/watch?v=UUkec8gHGtc
5. díl (aktualiz.),https://www.matyskova-matematika.cz/matyskova-matematika-5-dil-strana-59/,"Matýskova matematika, 5. díl, strana 59, cvičení 5",3BGZSOx7QHU,https://www.youtube.com/watch?v=3BGZSOx7QHU
5. díl (aktualiz.),https://www.matyskova-matematika.cz/matyskova-matematika-5-dil-strana-60/,"Matýskova matematika, 5. díl, strana 60, cvičení 1",-NiSiAKiQ_Q,https://www.youtube.com/watch?v=-NiSiAKiQ_Q
5. díl (aktualiz.),https://www.matyskova-matematika.cz/matyskova-matematika-5-dil-strana-60/,"Matýskova matematika, 5. díl, strana 60, cvičení 2",YD7K2iTLJ3Y,https://www.youtube.com/watch?v=YD7K2iTLJ3Y
5. díl (aktualiz.),https://www.matyskova-matematika.cz/matyskova-matematika-5-dil-strana-61/,"Matýskova matematika, 5. díl, strana 61, cvičení 1",yzlJWWxMd7s,https://www.youtube.com/watch?v=yzlJWWxMd7s
5. díl (aktualiz.),https://www.matyskova-matematika.cz/matyskova-matematika-5-dil-strana-61/,"Matýskova matematika, 5. díl, strana 61, cvičení 2",Qcu_51JPJUc,https://www.youtube.com/watch?v=Qcu_51JPJUc
5. díl (aktualiz.),https://www.matyskova-matematika.cz/matyskova-matematika-5-dil-strana-61/,"Matýskova matematika, 5. díl, strana 61, cvičení 3",9Pu4qjsiLhU,https://www.youtube.com/watch?v=9Pu4qjsiLhU
5. díl (aktualiz.),https://www.matyskova-matematika.cz/matyskova-matematika-5-dil-strana-61/,"Matýskova matematika, 5. díl, strana 61, cvičení 4",XCe_qXASOhQ,https://www.youtube.com/watch?v=XCe_qXASOhQ
5. díl (aktualiz.),https://www.matyskova-matematika.cz/matyskova-matematika-5-dil-strana-62/,"Matýskova matematika, 5. díl, strana 62, cvičení 1 A",r115Xtr02ZA,https://www.youtube.com/watch?v=r115Xtr02ZA
5. díl (aktualiz.),https://www.matyskova-matematika.cz/matyskova-matematika-5-dil-strana-62/,"Matýskova matematika, 5. díl, strana 62, cvičení 1 B",A0I1vAvNtFI,https://www.youtube.com/watch?v=A0I1vAvNtFI
5. díl (aktualiz.),https://www.matyskova-matematika.cz/matyskova-matematika-5-dil-strana-62/,"Matýskova matematika, 5. díl, strana 62, cvičení 2",8-D2owvO4Ms,https://www.youtube.com/watch?v=8-D2owvO4Ms
5. díl (aktualiz.),https://www.matyskova-matematika.cz/matyskova-matematika-5-dil-strana-63/,"Matýskova matematika, 5. díl, strana 63, cvičení 1 A",XJI5HSD9CD8,https://www.youtube.com/watch?v=XJI5HSD9CD8
5. díl (aktualiz.),https://www.matyskova-matematika.cz/matyskova-matematika-5-dil-strana-63/,"Matýskova matematika, 5. díl, strana 63, cvičení 1 B",SetRyXEJB5w,https://www.youtube.com/watch?v=SetRyXEJB5w
5. díl (aktualiz.),https://www.matyskova-matematika.cz/matyskova-matematika-5-dil-strana-63/,"Matýskova matematika, 5. díl, strana 63, cvičení 2",mSGl4JUYKfI,https://www.youtube.com/watch?v=mSGl4JUYKfI
5. díl (aktualiz.),https://www.matyskova-matematika.cz/matyskova-matematika-5-dil-strana-64/,"Matýskova matematika, 5. díl, strana 64, cvičení 1",iRVdNl75t-A,https://www.youtube.com/watch?v=iRVdNl75t-A
5. díl (aktualiz.),https://www.matyskova-matematika.cz/matyskova-matematika-5-dil-strana-64/,"Matýskova matematika, 5. díl, strana 64, cvičení 2",TYprzDcf0UU,https://www.youtube.com/watch?v=TYprzDcf0UU
5. díl (aktualiz.),https://www.matyskova-matematika.cz/matyskova-matematika-5-dil-strana-64/,"Matýskova matematika, 5. díl, strana 64, cvičení 3",NV2VdGGfOZw,https://www.youtube.com/watch?v=NV2VdGGfOZw
"5. ročník, 1. díl",https://www.matyskova-matematika.cz/5-rocnik-1-dil/video/str-2/,"5. ročník 1. díl, strana 2, cvičení 1",wmV8Mu5eQTg,https://www.youtube.com/watch?v=wmV8Mu5eQTg
"5. ročník, 1. díl",https://www.matyskova-matematika.cz/5-rocnik-1-dil/video/str-2/,"5. ročník 1. díl, strana 2, cvičení 2",rxPieCoWXYU,https://www.youtube.com/watch?v=rxPieCoWXYU
"5. ročník, 1. díl",https://www.matyskova-matematika.cz/5-rocnik-1-dil/video/str-2/,"5. ročník 1. díl, strana 2, cvičení 3",_rTL-rTqokk,https://www.youtube.com/watch?v=_rTL-rTqokk
"5. ročník, 1. díl",https://www.matyskova-matematika.cz/5-rocnik-1-dil/video/str-2/,"5. ročník 1. díl, strana 2, cvičení 4",8p63LeSyCiw,https://www.youtube.com/watch?v=8p63LeSyCiw
"5. ročník, 1. díl",https://www.matyskova-matematika.cz/5-rocnik-1-dil/video/str-3/,"5. ročník 1. díl, strana 3, cvičení 1",8pu9AafuD48,https://www.youtube.com/watch?v=8pu9AafuD48
"5. ročník, 1. díl",https://www.matyskova-matematika.cz/5-rocnik-1-dil/video/str-3/,"5. ročník 1. díl, strana 3, cvičení 2",G9KTwhySIwY,https://www.youtube.com/watch?v=G9KTwhySIwY
"5. ročník, 1. díl",https://www.matyskova-matematika.cz/5-rocnik-1-dil/video/str-3/,"5. ročník 1. díl, strana 3, cvičení 3",_0KvuKJSYxg,https://www.youtube.com/watch?v=_0KvuKJSYxg
"5. ročník, 1. díl",https://www.matyskova-matematika.cz/5-rocnik-1-dil/video/str-3/,"5. ročník 1. díl, strana 3, cvičení 4",RjesPZQWeUQ,https://www.youtube.com/watch?v=RjesPZQWeUQ
"5. ročník, 1. díl",https://www.matyskova-matematika.cz/5-rocnik-1-dil/video/str-3/,"5. ročník 1. díl, strana 3, cvičení 5",q6lfvn2dzUw,https://www.youtube.com/watch?v=q6lfvn2dzUw
"5. ročník, 1. díl",https://www.matyskova-matematika.cz/5-rocnik-1-dil/video/str-4/,"5. ročník 1. díl, strana 4, cvičení 1",nVbk8Z3BFb8,https://www.youtube.com/watch?v=nVbk8Z3BFb8
"5. ročník, 1. díl",https://www.matyskova-matematika.cz/5-rocnik-1-dil/video/str-4/,"5. ročník 1. díl, strana 4, cvičení 2",YVYRa40ZPkA,https://www.youtube.com/watch?v=YVYRa40ZPkA
"5. ročník, 1. díl",https://www.matyskova-matematika.cz/5-rocnik-1-dil/video/str-4/,"4. ročník 1. díl, strana 4, cvičení 1",u9zcNt-B3rI,https://www.youtube.com/watch?v=u9zcNt-B3rI
"5. ročník, 1. díl",https://www.matyskova-matematika.cz/5-rocnik-1-dil/video/str-5/,"5. ročník 1. díl, strana 5, cvičení 1",DCWPckpcvQE,https://www.youtube.com/watch?v=DCWPckpcvQE
"5. ročník, 1. díl",https://www.matyskova-matematika.cz/5-rocnik-1-dil/video/str-5/,"5. ročník 1. díl, strana 5, cvičení 2",Ipy5QmMOpxw,https://www.youtube.com/watch?v=Ipy5QmMOpxw
"5. ročník, 1. díl",https://www.matyskova-matematika.cz/5-rocnik-1-dil/video/str-5/,"5. ročník 1. díl, strana 5, cvičení 3",T198BgiMcHM,https://www.youtube.com/watch?v=T198BgiMcHM
"5. ročník, 1. díl",https://www.matyskova-matematika.cz/5-rocnik-1-dil/video/str-5/,"5. ročník 1. díl, strana 5, cvičení 4",CeqDdR0-ZNg,https://www.youtube.com/watch?v=CeqDdR0-ZNg
"5. ročník, 1. díl",https://www.matyskova-matematika.cz/5-rocnik-1-dil/video/str-5/,"5. ročník 1. díl, strana 5, cvičení 5",w3bzQmHIlJk,https://www.youtube.com/watch?v=w3bzQmHIlJk
"5. ročník, 1. díl",https://www.matyskova-matematika.cz/5-rocnik-1-dil/video/str-5/,"5. ročník 1. díl, strana 5, cvičení 6 a-f",fwUJVIJgsp8,https://www.youtube.com/watch?v=fwUJVIJgsp8
"5. ročník, 1. díl",https://www.matyskova-matematika.cz/5-rocnik-1-dil/video/str-5/,"5. ročník 1. díl, strana 5, cvičení 6 g-l",KrpU-Z9Rg80,https://www.youtube.com/watch?v=KrpU-Z9Rg80
"5. ročník, 1. díl",https://www.matyskova-matematika.cz/5-rocnik-1-dil/video/str-6/,"5. ročník 1. díl, strana 6, cvičení 1",E3UktbsRfB8,https://www.youtube.com/watch?v=E3UktbsRfB8
"5. ročník, 1. díl",https://www.matyskova-matematika.cz/5-rocnik-1-dil/video/str-6/,"5. ročník 1. díl, strana 6, cvičení 2",mbQKMAGXMqI,https://www.youtube.com/watch?v=mbQKMAGXMqI
"5. ročník, 1. díl",https://www.matyskova-matematika.cz/5-rocnik-1-dil/video/str-6/,"5. ročník 1. díl, strana 6, cvičení 3",BMF9teRFf6o,https://www.youtube.com/watch?v=BMF9teRFf6o
"5. ročník, 1. díl",https://www.matyskova-matematika.cz/5-rocnik-1-dil/video/str-6/,"5. ročník 1. díl, strana 6, cvičení 4",4ypDmovZhVc,https://www.youtube.com/watch?v=4ypDmovZhVc
"5. ročník, 1. díl",https://www.matyskova-matematika.cz/5-rocnik-1-dil/video/str-6/,"5. ročník 1. díl, strana 6, cvičení 5",8hEO9JjfYtk,https://www.youtube.com/watch?v=8hEO9JjfYtk
"5. ročník, 1. díl",https://www.matyskova-matematika.cz/5-rocnik-1-dil/video/str-7/,"5. ročník 1. díl, strana 7, cvičení 1",heUY7s_R2A4,https://www.youtube.com/watch?v=heUY7s_R2A4
"5. ročník, 1. díl",https://www.matyskova-matematika.cz/5-rocnik-1-dil/video/str-7/,"5. ročník 1. díl, strana 7, cvičení 2",eSOOYbScw-s,https://www.youtube.com/watch?v=eSOOYbScw-s
"5. ročník, 1. díl",https://www.matyskova-matematika.cz/5-rocnik-1-dil/video/str-7/,"5. ročník 1. díl, strana 7, cvičení 3",jzDe1dSNCEI,https://www.youtube.com/watch?v=jzDe1dSNCEI
"5. ročník, 1. díl",https://www.matyskova-matematika.cz/5-rocnik-1-dil/video/str-7/,"5. ročník 1. díl, strana 7, cvičení 4",raxQhMH1ir0,https://www.youtube.com/watch?v=raxQhMH1ir0
"5. ročník, 1. díl",https://www.matyskova-matematika.cz/5-rocnik-1-dil/video/str-7/,"5. ročník 1. díl, strana 7, cvičení 5",QEOvZbeXy_g,https://www.youtube.com/watch?v=QEOvZbeXy_g
"5. ročník, 1. díl",https://www.matyskova-matematika.cz/5-rocnik-1-dil/video/str-8/,"5. ročník 1. díl, strana 8, cvičení 1",-We7TC4nOn8,https://www.youtube.com/watch?v=-We7TC4nOn8
"5. ročník, 1. díl",https://www.matyskova-matematika.cz/5-rocnik-1-dil/video/str-8/,"5. ročník 1. díl, strana 8, cvičení 2",z99lyNPN_do,https://www.youtube.com/watch?v=z99lyNPN_do
"5. ročník, 1. díl",https://www.matyskova-matematika.cz/5-rocnik-1-dil/video/str-8/,"5. ročník 1. díl, strana 8, cvičení 3",AgZ2NFc59a8,https://www.youtube.com/watch?v=AgZ2NFc59a8
"5. ročník, 1. díl",https://www.matyskova-matematika.cz/5-rocnik-1-dil/video/str-8/,"5. ročník 1. díl, strana 8, cvičení 4",SjYqAzesC9g,https://www.youtube.com/watch?v=SjYqAzesC9g
"5. ročník, 1. díl",https://www.matyskova-matematika.cz/5-rocnik-1-dil/video/str-8/,"5. ročník 1. díl, strana 8, cvičení 5",LwL372ugnt4,https://www.youtube.com/watch?v=LwL372ugnt4
"5. ročník, 1. díl",https://www.matyskova-matematika.cz/5-rocnik-1-dil/video/str-8/,"5. ročník 1. díl, strana 8, cvičení 6",VcHlf7pxgh4,https://www.youtube.com/watch?v=VcHlf7pxgh4
"5. ročník, 1. díl",https://www.matyskova-matematika.cz/5-rocnik-1-dil/video/str-9/,"5. ročník 1. díl, strana 9, cvičení 1",7t_yMbFB0yE,https://www.youtube.com/watch?v=7t_yMbFB0yE
"5. ročník, 1. díl",https://www.matyskova-matematika.cz/5-rocnik-1-dil/video/str-9/,"5. ročník 1. díl, strana 9, cvičení 2",pUNx89er3oU,https://www.youtube.com/watch?v=pUNx89er3oU
"5. ročník, 1. díl",https://www.matyskova-matematika.cz/5-rocnik-1-dil/video/str-9/,"5. ročník 1. díl, strana 9, cvičení 3",8I_PbPQnYWE,https://www.youtube.com/watch?v=8I_PbPQnYWE
"5. ročník, 1. díl",https://www.matyskova-matematika.cz/5-rocnik-1-dil/video/str-9/,"5. ročník 1. díl, strana 9, cvičení 4",wcmqIQiFQdM,https://www.youtube.com/watch?v=wcmqIQiFQdM
"5. ročník, 1. díl",https://www.matyskova-matematika.cz/5-rocnik-1-dil/video/str-10/,"5. ročník 1. díl, strana 10, cvičení 1,2",TAdGMO6GpTw,https://www.youtube.com/watch?v=TAdGMO6GpTw
"5. ročník, 1. díl",https://www.matyskova-matematika.cz/5-rocnik-1-dil/video/str-10/,"5. ročník 1. díl, strana 10, cvičení 3a",VIxU_Er9XBI,https://www.youtube.com/watch?v=VIxU_Er9XBI
"5. ročník, 1. díl",https://www.matyskova-matematika.cz/5-rocnik-1-dil/video/str-10/,"5. ročník 1. díl, strana 10, cvičení 3b",_zE84n4VSxM,https://www.youtube.com/watch?v=_zE84n4VSxM
"5. ročník, 1. díl",https://www.matyskova-matematika.cz/5-rocnik-1-dil/video/str-10/,"5. ročník 1. díl, strana 10, cvičení 3c",b1DcJ5poLU4,https://www.youtube.com/watch?v=b1DcJ5poLU4
"5. ročník, 1. díl",https://www.matyskova-matematika.cz/5-rocnik-1-dil/video/str-10/,"5. ročník 1. díl, strana 10, cvičení 3d",0NC5r6ivhKE,https://www.youtube.com/watch?v=0NC5r6ivhKE
"5. ročník, 1. díl",https://www.matyskova-matematika.cz/5-rocnik-1-dil/video/str-10/,"5. ročník 1. díl, strana 10, cvičení 4",F64epwNi4bY,https://www.youtube.com/watch?v=F64epwNi4bY
"5. ročník, 1. díl",https://www.matyskova-matematika.cz/5-rocnik-1-dil/video/str-10/,"5. ročník 1. díl, strana 10, cvičení 5",SU9VICEbmm0,https://www.youtube.com/watch?v=SU9VICEbmm0
"5. ročník, 1. díl",https://www.matyskova-matematika.cz/5-rocnik-1-dil/video/str-11/,"5. ročník 1. díl, strana 11, cvičení 1",gG3KC9eVicQ,https://www.youtube.com/watch?v=gG3KC9eVicQ
"5. ročník, 1. díl",https://www.matyskova-matematika.cz/5-rocnik-1-dil/video/str-11/,"5. ročník 1. díl, strana 11, cvičení 2",t-OvAfwy_OM,https://www.youtube.com/watch?v=t-OvAfwy_OM
"5. ročník, 1. díl",https://www.matyskova-matematika.cz/5-rocnik-1-dil/video/str-11/,"5. ročník 1. díl, strana 11, cvičení 3",oAjSY0u6NoU,https://www.youtube.com/watch?v=oAjSY0u6NoU
"5. ročník, 1. díl",https://www.matyskova-matematika.cz/5-rocnik-1-dil/video/str-11/,"5. ročník 1. díl, strana 11, cvičení 4",swm20ZjynOE,https://www.youtube.com/watch?v=swm20ZjynOE
"5. ročník, 1. díl",https://www.matyskova-matematika.cz/5-rocnik-1-dil/video/str-12/,"5. ročník 1. díl, strana 12, cvičení 1",l1apxH9YL3k,https://www.youtube.com/watch?v=l1apxH9YL3k
"5. ročník, 1. díl",https://www.matyskova-matematika.cz/5-rocnik-1-dil/video/str-12/,"5. ročník 1. díl, strana 12, cvičení 2",q-s98-CLDzU,https://www.youtube.com/watch?v=q-s98-CLDzU
"5. ročník, 1. díl",https://www.matyskova-matematika.cz/5-rocnik-1-dil/video/str-12/,"5. ročník 1. díl, strana 12, cvičení 3",FTvQWWx31pA,https://www.youtube.com/watch?v=FTvQWWx31pA
"5. ročník, 1. díl",https://www.matyskova-matematika.cz/5-rocnik-1-dil/video/str-12/,"5. ročník 1. díl, strana 12, cvičení 4",th_zBpymkPw,https://www.youtube.com/watch?v=th_zBpymkPw
"5. ročník, 1. díl",https://www.matyskova-matematika.cz/5-rocnik-1-dil/video/str-12/,"5. ročník 1. díl, strana 12, cvičení 5",lOntGiFEaIg,https://www.youtube.com/watch?v=lOntGiFEaIg
"5. ročník, 1. díl",https://www.matyskova-matematika.cz/5-rocnik-1-dil/video/str-13/,"5. ročník 1. díl, strana 13, cvičení 1",QXodCRLid00,https://www.youtube.com/watch?v=QXodCRLid00
"5. ročník, 1. díl",https://www.matyskova-matematika.cz/5-rocnik-1-dil/video/str-13/,"5. ročník 1. díl, strana 13, cvičení 2, 3",g90rxYDEeeM,https://www.youtube.com/watch?v=g90rxYDEeeM
"5. ročník, 1. díl",https://www.matyskova-matematika.cz/5-rocnik-1-dil/video/str-13/,"5. ročník 1. díl, strana 13, cvičení 4",4gwNLvWvBfw,https://www.youtube.com/watch?v=4gwNLvWvBfw
"5. ročník, 1. díl",https://www.matyskova-matematika.cz/5-rocnik-1-dil/video/str-13/,"5. ročník 1. díl, strana 13, cvičení 5",VuzGXHyUOiE,https://www.youtube.com/watch?v=VuzGXHyUOiE
"5. ročník, 1. díl",https://www.matyskova-matematika.cz/5-rocnik-1-dil/video/str-14/,"5. ročník 1. díl, strana 14, cvičení 1",aoQr1e3Km24,https://www.youtube.com/watch?v=aoQr1e3Km24
"5. ročník, 1. díl",https://www.matyskova-matematika.cz/5-rocnik-1-dil/video/str-14/,"5. ročník 1. díl, strana 14, cvičení 2",4DWl_82EhQk,https://www.youtube.com/watch?v=4DWl_82EhQk
"5. ročník, 1. díl",https://www.matyskova-matematika.cz/5-rocnik-1-dil/video/str-14/,"5. ročník 1. díl, strana 14, cvičení 3",8erLh-VlU64,https://www.youtube.com/watch?v=8erLh-VlU64
"5. ročník, 1. díl",https://www.matyskova-matematika.cz/5-rocnik-1-dil/video/str-14/,"5. ročník 1. díl, strana 14, cvičení 4",B8nyOvhf2Bo,https://www.youtube.com/watch?v=B8nyOvhf2Bo
"5. ročník, 1. díl",https://www.matyskova-matematika.cz/5-rocnik-1-dil/video/str-14/,"5. ročník 1. díl, strana 14, cvičení 5",TD67-WQhq4o,https://www.youtube.com/watch?v=TD67-WQhq4o
"5. ročník, 1. díl",https://www.matyskova-matematika.cz/5-rocnik-1-dil/video/str-14/,"5. ročník 1. díl, strana 14, cvičení 6",2CjytxDerU4,https://www.youtube.com/watch?v=2CjytxDerU4
"5. ročník, 1. díl",https://www.matyskova-matematika.cz/5-rocnik-1-dil/video/str-15/,"5. ročník 1. díl, strana 15, cvičení 1",ak8ckayoA3s,https://www.youtube.com/watch?v=ak8ckayoA3s
"5. ročník, 1. díl",https://www.matyskova-matematika.cz/5-rocnik-1-dil/video/str-15/,"5. ročník 1. díl, strana 15, cvičení 2 a",5-l5erhd7eo,https://www.youtube.com/watch?v=5-l5erhd7eo
"5. ročník, 1. díl",https://www.matyskova-matematika.cz/5-rocnik-1-dil/video/str-15/,"5. ročník 1. díl, strana 15, cvičení 2 b",GazjiQzAUZo,https://www.youtube.com/watch?v=GazjiQzAUZo
"5. ročník, 1. díl",https://www.matyskova-matematika.cz/5-rocnik-1-dil/video/str-15/,"5. ročník 1. díl, strana 15, cvičení 2 c",_LiPKNkr0v4,https://www.youtube.com/watch?v=_LiPKNkr0v4
"5. ročník, 1. díl",https://www.matyskova-matematika.cz/5-rocnik-1-dil/video/str-15/,"5. ročník 1. díl, strana 15, cvičení 3",JpJWGEoSmj0,https://www.youtube.com/watch?v=JpJWGEoSmj0
"5. ročník, 1. díl",https://www.matyskova-matematika.cz/5-rocnik-1-dil/video/str-15/,"5. ročník 1. díl, strana 15, cvičení 4 a-c",WY7uBIjt2yk,https://www.youtube.com/watch?v=WY7uBIjt2yk
"5. ročník, 1. díl",https://www.matyskova-matematika.cz/5-rocnik-1-dil/video/str-15/,"5. ročník 1. díl, strana 15, cvičení 4 e-g",52OsZRQPKvk,https://www.youtube.com/watch?v=52OsZRQPKvk
"5. ročník, 1. díl",https://www.matyskova-matematika.cz/5-rocnik-1-dil/video/str-15/,"5. ročník 1. díl, strana 15, cvičení 5 a",XQFGZmglL9w,https://www.youtube.com/watch?v=XQFGZmglL9w
"5. ročník, 1. díl",https://www.matyskova-matematika.cz/5-rocnik-1-dil/video/str-15/,"5. ročník 1. díl, strana 15, cvičení 5 b",k1ONqq2MTWQ,https://www.youtube.com/watch?v=k1ONqq2MTWQ
"5. ročník, 1. díl",https://www.matyskova-matematika.cz/5-rocnik-1-dil/video/str-15/,"5. ročník 1. díl, strana 15, cvičení 6",LYe_-cBqDNg,https://www.youtube.com/watch?v=LYe_-cBqDNg
"5. ročník, 1. díl",https://www.matyskova-matematika.cz/5-rocnik-1-dil/video/str-16/,"5. ročník 1. díl, strana 16, cvičení 1",lZYwcs_DPJM,https://www.youtube.com/watch?v=lZYwcs_DPJM
"5. ročník, 1. díl",https://www.matyskova-matematika.cz/5-rocnik-1-dil/video/str-16/,"5. ročník 1. díl, strana 16, cvičení 2",Ke5eCiEVaIc,https://www.youtube.com/watch?v=Ke5eCiEVaIc
"5. ročník, 1. díl",https://www.matyskova-matematika.cz/5-rocnik-1-dil/video/str-16/,"5. ročník 1. díl, strana 16, cvičení 3",e2dCjdyKlEM,https://www.youtube.com/watch?v=e2dCjdyKlEM
"5. ročník, 1. díl",https://www.matyskova-matematika.cz/5-rocnik-1-dil/video/str-16/,"5. ročník 1. díl, strana 16, cvičení 4",BwKLaMHASzs,https://www.youtube.com/watch?v=BwKLaMHASzs
"5. ročník, 1. díl",https://www.matyskova-matematika.cz/5-rocnik-1-dil/video/str-16/,"5. ročník 1. díl, strana 16, cvičení 5",0pKDoS3B7cY,https://www.youtube.com/watch?v=0pKDoS3B7cY
"5. ročník, 1. díl",https://www.matyskova-matematika.cz/5-rocnik-1-dil/video/str-17/,"5. ročník 1. díl, strana 17, cvičení 1",l95J7BL2gpo,https://www.youtube.com/watch?v=l95J7BL2gpo
"5. ročník, 1. díl",https://www.matyskova-matematika.cz/5-rocnik-1-dil/video/str-17/,"5. ročník 1. díl, strana 17, cvičení 2",NHxHeaZTgcg,https://www.youtube.com/watch?v=NHxHeaZTgcg
"5. ročník, 1. díl",https://www.matyskova-matematika.cz/5-rocnik-1-dil/video/str-17/,"5. ročník 1. díl, strana 17, cvičení 3",b4YH1KIv__k,https://www.youtube.com/watch?v=b4YH1KIv__k
"5. ročník, 1. díl",https://www.matyskova-matematika.cz/5-rocnik-1-dil/video/str-17/,"5. ročník 1. díl, strana 17, cvičení 4",aSwlM-shjs0,https://www.youtube.com/watch?v=aSwlM-shjs0
"5. ročník, 1. díl",https://www.matyskova-matematika.cz/5-rocnik-1-dil/video/str-17/,"5. ročník 1. díl, strana 17, cvičení 5",ipmskyRA7Lc,https://www.youtube.com/watch?v=ipmskyRA7Lc
"5. ročník, 1. díl",https://www.matyskova-matematika.cz/5-rocnik-1-dil/video/str-18/,"5. ročník 1. díl, strana 18, cvičení 1",swjD8CJ2sI8,https://www.youtube.com/watch?v=swjD8CJ2sI8
"5. ročník, 1. díl",https://www.matyskova-matematika.cz/5-rocnik-1-dil/video/str-18/,"5. ročník 1. díl, strana 18, cvičení 3",lltFLdk1--s,https://www.youtube.com/watch?v=lltFLdk1--s
"5. ročník, 1. díl",https://www.matyskova-matematika.cz/5-rocnik-1-dil/video/str-18/,"5. ročník 1. díl, strana 18, cvičení 4",D8crgdIVjFY,https://www.youtube.com/watch?v=D8crgdIVjFY
"5. ročník, 1. díl",https://www.matyskova-matematika.cz/5-rocnik-1-dil/video/str-18/,"5. ročník 1. díl, strana 18, cvičení 5",1fzs2yQzxPk,https://www.youtube.com/watch?v=1fzs2yQzxPk
"5. ročník, 1. díl",https://www.matyskova-matematika.cz/5-rocnik-1-dil/video/str-18/,"5. ročník 1. díl, strana 18, cvičení 6",e5A529umhCg,https://www.youtube.com/watch?v=e5A529umhCg
"5. ročník, 1. díl",https://www.matyskova-matematika.cz/5-rocnik-1-dil/video/str-19/,"5. ročník 1. díl, strana 19, cvičení 1",OXPKxjkHrT0,https://www.youtube.com/watch?v=OXPKxjkHrT0
"5. ročník, 1. díl",https://www.matyskova-matematika.cz/5-rocnik-1-dil/video/str-19/,"5. ročník 1. díl, strana 19, cvičení 2",ftI8nywLabM,https://www.youtube.com/watch?v=ftI8nywLabM
"5. ročník, 1. díl",https://www.matyskova-matematika.cz/5-rocnik-1-dil/video/str-19/,"5. ročník 1. díl, strana 19, cvičení 3",FyUVt8_saCc,https://www.youtube.com/watch?v=FyUVt8_saCc
"5. ročník, 1. díl",https://www.matyskova-matematika.cz/5-rocnik-1-dil/video/str-19/,"5. ročník 1. díl, strana 19, cvičení 4",BTBzZIwKMHU,https://www.youtube.com/watch?v=BTBzZIwKMHU
"5. ročník, 1. díl",https://www.matyskova-matematika.cz/5-rocnik-1-dil/video/str-19/,"5. ročník 1. díl, strana 19, cvičení 5",8e4hqOvn9xg,https://www.youtube.com/watch?v=8e4hqOvn9xg
"5. ročník, 1. díl",https://www.matyskova-matematika.cz/5-rocnik-1-dil/video/str-20/,"5. ročník 1. ročník, strana 20, cvičení 1",I_-bRO9D-2M,https://www.youtube.com/watch?v=I_-bRO9D-2M
"5. ročník, 1. díl",https://www.matyskova-matematika.cz/5-rocnik-1-dil/video/str-20/,"5. ročník 1. ročník, strana 20, cvičení 2",JFbkXxwvbz8,https://www.youtube.com/watch?v=JFbkXxwvbz8
"5. ročník, 1. díl",https://www.matyskova-matematika.cz/5-rocnik-1-dil/video/str-20/,"5. ročník 1. ročník, strana 20, cvičení 3",e8lMUIcWIn8,https://www.youtube.com/watch?v=e8lMUIcWIn8
"5. ročník, 1. díl",https://www.matyskova-matematika.cz/5-rocnik-1-dil/video/str-20/,"5. ročník 1. ročník, strana 20, cvičení 4",eoA6Y1bCpQc,https://www.youtube.com/watch?v=eoA6Y1bCpQc
"5. ročník, 1. díl",https://www.matyskova-matematika.cz/5-rocnik-1-dil/video/str-20/,"5. ročník 1. ročník, strana 20, cvičení 5",2796TBD495c,https://www.youtube.com/watch?v=2796TBD495c
"5. ročník, 1. díl",https://www.matyskova-matematika.cz/5-rocnik-1-dil/video/str-21/,"5. ročník 1. díl, strana 21, cvičení 1",cKNfRI6GeC0,https://www.youtube.com/watch?v=cKNfRI6GeC0
"5. ročník, 1. díl",https://www.matyskova-matematika.cz/5-rocnik-1-dil/video/str-21/,"5. ročník 1. díl, strana 21, cvičení 2",hY2vlkfe0Ig,https://www.youtube.com/watch?v=hY2vlkfe0Ig
"5. ročník, 1. díl",https://www.matyskova-matematika.cz/5-rocnik-1-dil/video/str-21/,"5. ročník 1. díl, strana 21, cvičení 3",R-OO0jvwa_E,https://www.youtube.com/watch?v=R-OO0jvwa_E
"5. ročník, 1. díl",https://www.matyskova-matematika.cz/5-rocnik-1-dil/video/str-21/,"5. ročník 1. díl, strana 21, cvičení 4",731UrDP4cq0,https://www.youtube.com/watch?v=731UrDP4cq0
"5. ročník, 1. díl",https://www.matyskova-matematika.cz/5-rocnik-1-dil/video/str-21/,"5. ročník 1. díl, strana 21, cvičení 5 a",W98q18FcdcE,https://www.youtube.com/watch?v=W98q18FcdcE
"5. ročník, 1. díl",https://www.matyskova-matematika.cz/5-rocnik-1-dil/video/str-21/,"5. ročník 1. díl, strana 21, cvičení 5 b",eD6zjynfs3E,https://www.youtube.com/watch?v=eD6zjynfs3E
"5. ročník, 1. díl",https://www.matyskova-matematika.cz/5-rocnik-1-dil/video/str-22/,"5. ročník 1. díl, strana 22, cvičení 1",Y4p1PiLYXOc,https://www.youtube.com/watch?v=Y4p1PiLYXOc
"5. ročník, 1. díl",https://www.matyskova-matematika.cz/5-rocnik-1-dil/video/str-22/,"5. ročník 1. díl, strana 22, cvičení 2",EaqCfIvn7zk,https://www.youtube.com/watch?v=EaqCfIvn7zk
"5. ročník, 1. díl",https://www.matyskova-matematika.cz/5-rocnik-1-dil/video/str-22/,"5. ročník 1. díl, strana 22, cvičení 3",ez9-6OpsDx4,https://www.youtube.com/watch?v=ez9-6OpsDx4
"5. ročník, 1. díl",https://www.matyskova-matematika.cz/5-rocnik-1-dil/video/str-22/,"5. ročník 1. díl, strana 22, cvičení 4",cf0AsHM5r-o,https://www.youtube.com/watch?v=cf0AsHM5r-o
"5. ročník, 1. díl",https://www.matyskova-matematika.cz/5-rocnik-1-dil/video/str-22/,"5. ročník 1. díl, strana 22, cvičení 5 a, b, c",wYGY7RP0fOU,https://www.youtube.com/watch?v=wYGY7RP0fOU
"5. ročník, 1. díl",https://www.matyskova-matematika.cz/5-rocnik-1-dil/video/str-22/,"5. ročník 1. díl, strana 22, cvičení 5 d, e",47AZn9ntHiI,https://www.youtube.com/watch?v=47AZn9ntHiI
"5. ročník, 1. díl",https://www.matyskova-matematika.cz/5-rocnik-1-dil/video/str-23/,"5. ročník 1. díl, strana 23, cvičení 1",wAOPHUsnVrk,https://www.youtube.com/watch?v=wAOPHUsnVrk
"5. ročník, 1. díl",https://www.matyskova-matematika.cz/5-rocnik-1-dil/video/str-23/,"5. ročník 1. díl, strana 23, cvičení 2",u9vyL9iEe7I,https://www.youtube.com/watch?v=u9vyL9iEe7I
"5. ročník, 1. díl",https://www.matyskova-matematika.cz/5-rocnik-1-dil/video/str-23/,"5. ročník 1. díl, strana 23, cvičení 3",2eM4QElKllY,https://www.youtube.com/watch?v=2eM4QElKllY
"5. ročník, 1. díl",https://www.matyskova-matematika.cz/5-rocnik-1-dil/video/str-23/,"5. ročník 1. díl, strana 23, cvičení 4",xIaITkj5diY,https://www.youtube.com/watch?v=xIaITkj5diY
"5. ročník, 1. díl",https://www.matyskova-matematika.cz/5-rocnik-1-dil/video/str-23/,"5. ročník 1. díl, strana 23, cvičení 5",pcsYQKSavUU,https://www.youtube.com/watch?v=pcsYQKSavUU
"5. ročník, 1. díl",https://www.matyskova-matematika.cz/5-rocnik-1-dil/video/str-23/,"5. ročník 1. díl, strana 23, cvičení 6",-JWKzBXWBV4,https://www.youtube.com/watch?v=-JWKzBXWBV4
"5. ročník, 1. díl",https://www.matyskova-matematika.cz/5-rocnik-1-dil/video/str-24/,"5. ročník 1. díl, strana 24, cvičení 1",BnAADDTn0Qs,https://www.youtube.com/watch?v=BnAADDTn0Qs
"5. ročník, 1. díl",https://www.matyskova-matematika.cz/5-rocnik-1-dil/video/str-24/,"5. ročník 1. díl, strana 24, cvičení 2",UF5JRrhqLJU,https://www.youtube.com/watch?v=UF5JRrhqLJU
"5. ročník, 1. díl",https://www.matyskova-matematika.cz/5-rocnik-1-dil/video/str-24/,"5. ročník 1. díl, strana 24, cvičení 3",y9_KKf_nxkQ,https://www.youtube.com/watch?v=y9_KKf_nxkQ
"5. ročník, 1. díl",https://www.matyskova-matematika.cz/5-rocnik-1-dil/video/str-24/,"5. ročník 1. díl, strana 24, cvičení 4",nbLC4w9rBF8,https://www.youtube.com/watch?v=nbLC4w9rBF8
"5. ročník, 1. díl",https://www.matyskova-matematika.cz/5-rocnik-1-dil/video/str-24/,"5. ročník 1. díl, strana 24, cvičení 5",NfI0YsBTqR8,https://www.youtube.com/watch?v=NfI0YsBTqR8
"5. ročník, 1. díl",https://www.matyskova-matematika.cz/5-rocnik-1-dil/video/str-25/,"5. ročník 1. díl, strana 25, cvičení 1",kcuqQWx7Sp0,https://www.youtube.com/watch?v=kcuqQWx7Sp0
"5. ročník, 1. díl",https://www.matyskova-matematika.cz/5-rocnik-1-dil/video/str-25/,"5. ročník 1. díl, strana 25, cvičení 2",VHeao26sPo8,https://www.youtube.com/watch?v=VHeao26sPo8
"5. ročník, 1. díl",https://www.matyskova-matematika.cz/5-rocnik-1-dil/video/str-25/,"5. ročník 1. díl, strana 25, cvičení 3",pVgPqEbIJKU,https://www.youtube.com/watch?v=pVgPqEbIJKU
"5. ročník, 1. díl",https://www.matyskova-matematika.cz/5-rocnik-1-dil/video/str-25/,"5. ročník 1. díl, strana 25, cvičení 4",hOOYtwcwvFE,https://www.youtube.com/watch?v=hOOYtwcwvFE
"5. ročník, 1. díl",https://www.matyskova-matematika.cz/5-rocnik-1-dil/video/str-25/,"5. ročník 1. díl, strana 25, cvičení 5",O4K5EtCL_8o,https://www.youtube.com/watch?v=O4K5EtCL_8o
"5. ročník, 1. díl",https://www.matyskova-matematika.cz/5-rocnik-1-dil/video/str-25/,"5. ročník 1. díl, strana 25, cvičení 6",mzIXfZpNxYc,https://www.youtube.com/watch?v=mzIXfZpNxYc
"5. ročník, 1. díl",https://www.matyskova-matematika.cz/5-rocnik-1-dil/video/str-25/,"5. ročník 1. díl, strana 25, cvičení 7",dmnqWiQxJac,https://www.youtube.com/watch?v=dmnqWiQxJac
"5. ročník, 1. díl",https://www.matyskova-matematika.cz/5-rocnik-1-dil/video/str-26/,"5. ročník 1. díl, strana 26, cvičení 1",vBVFy-rmlCo,https://www.youtube.com/watch?v=vBVFy-rmlCo
"5. ročník, 1. díl",https://www.matyskova-matematika.cz/5-rocnik-1-dil/video/str-26/,"5. ročník 1. díl, strana 26, cvičení 2",_p7MlSycK4w,https://www.youtube.com/watch?v=_p7MlSycK4w
"5. ročník, 1. díl",https://www.matyskova-matematika.cz/5-rocnik-1-dil/video/str-26/,"5. ročník 1. díl, strana 26, cvičení 3",-_wHllpz5Tc,https://www.youtube.com/watch?v=-_wHllpz5Tc
"5. ročník, 1. díl",https://www.matyskova-matematika.cz/5-rocnik-1-dil/video/str-26/,"5. ročník 1. díl, strana 26, cvičení 4",FTyfKERGLr4,https://www.youtube.com/watch?v=FTyfKERGLr4
"5. ročník, 1. díl",https://www.matyskova-matematika.cz/5-rocnik-1-dil/video/str-26/,"5. ročník 1. díl, strana 26, cvičení 5 a",8RKc8POWeZA,https://www.youtube.com/watch?v=8RKc8POWeZA
"5. ročník, 1. díl",https://www.matyskova-matematika.cz/5-rocnik-1-dil/video/str-26/,"5. ročník 1. díl, strana 26, cvičení 5 b",6S7XiEzIWWY,https://www.youtube.com/watch?v=6S7XiEzIWWY
"5. ročník, 1. díl",https://www.matyskova-matematika.cz/5-rocnik-1-dil/video/str-26/,"5. ročník 1. díl, strana 26, cvičení 5 c",TXK-Hiey6Oo,https://www.youtube.com/watch?v=TXK-Hiey6Oo
"5. ročník, 1. díl",https://www.matyskova-matematika.cz/5-rocnik-1-dil/video/str-26/,"5. ročník 1. díl, strana 26, cvičení 5 d",1UwhXSNrJho,https://www.youtube.com/watch?v=1UwhXSNrJho
"5. ročník, 1. díl",https://www.matyskova-matematika.cz/5-rocnik-1-dil/video/str-27/,"5. ročník 1. díl, strana 27, cvičení 1",nltwDlljO8M,https://www.youtube.com/watch?v=nltwDlljO8M
"5. ročník, 1. díl",https://www.matyskova-matematika.cz/5-rocnik-1-dil/video/str-27/,"5. ročník 1. díl, strana 27, cvičení 2",5puxA7WQFK4,https://www.youtube.com/watch?v=5puxA7WQFK4
"5. ročník, 1. díl",https://www.matyskova-matematika.cz/5-rocnik-1-dil/video/str-27/,"5. ročník 1. díl, strana 27, cvičení 3",E1XgaTmMN18,https://www.youtube.com/watch?v=E1XgaTmMN18
"5. ročník, 1. díl",https://www.matyskova-matematika.cz/5-rocnik-1-dil/video/str-27/,"5. ročník 1. díl, strana 27, cvičení 4",WV2dbGiSrrg,https://www.youtube.com/watch?v=WV2dbGiSrrg
"5. ročník, 1. díl",https://www.matyskova-matematika.cz/5-rocnik-1-dil/video/str-27/,"5. ročník 1. díl, strana 27, cvičení 5",zYMLozDLqPs,https://www.youtube.com/watch?v=zYMLozDLqPs
"5. ročník, 1. díl",https://www.matyskova-matematika.cz/5-rocnik-1-dil/video/str-27/,"5. ročník 1. díl, strana 27, cvičení 6",wmPKpYFWpJQ,https://www.youtube.com/watch?v=wmPKpYFWpJQ
"5. ročník, 1. díl",https://www.matyskova-matematika.cz/5-rocnik-1-dil/video/str-28/,"5. ročník 1. díl, strana 28, cvičení 1",KJbfCmP_sb8,https://www.youtube.com/watch?v=KJbfCmP_sb8
"5. ročník, 1. díl",https://www.matyskova-matematika.cz/5-rocnik-1-dil/video/str-28/,"5. ročník 1. díl, strana 28, cvičení 2 a",j3uLl7N9dDQ,https://www.youtube.com/watch?v=j3uLl7N9dDQ
"5. ročník, 1. díl",https://www.matyskova-matematika.cz/5-rocnik-1-dil/video/str-28/,"5. ročník 1. díl, strana 28, cvičení 2 b",70x9HIE2cOI,https://www.youtube.com/watch?v=70x9HIE2cOI
"5. ročník, 1. díl",https://www.matyskova-matematika.cz/5-rocnik-1-dil/video/str-28/,"5. ročník 1. díl, strana 28, cvičení 3 a",-xsBuKrYfc4,https://www.youtube.com/watch?v=-xsBuKrYfc4
"5. ročník, 1. díl",https://www.matyskova-matematika.cz/5-rocnik-1-dil/video/str-28/,"5. ročník 1. díl, strana 28, cvičení 3 b",VWnlXr30_yA,https://www.youtube.com/watch?v=VWnlXr30_yA
"5. ročník, 1. díl",https://www.matyskova-matematika.cz/5-rocnik-1-dil/video/str-28/,"5. ročník 1. díl, strana 28, cvičení 4",U7J9sOzKpxE,https://www.youtube.com/watch?v=U7J9sOzKpxE
"5. ročník, 1. díl",https://www.matyskova-matematika.cz/5-rocnik-1-dil/video/str-28/,"5. ročník 1. díl, strana 28, cvičení 5",0k6P8gl4GOE,https://www.youtube.com/watch?v=0k6P8gl4GOE
"5. ročník, 1. díl",https://www.matyskova-matematika.cz/5-rocnik-1-dil/video/str-29/,"5. ročník 1. díl, strana 29, cvičení 1",aNVI3ZUUZoA,https://www.youtube.com/watch?v=aNVI3ZUUZoA
"5. ročník, 1. díl",https://www.matyskova-matematika.cz/5-rocnik-1-dil/video/str-29/,"5. ročník 1. díl, strana 29, cvičení 2",QKbYe5sBv0w,https://www.youtube.com/watch?v=QKbYe5sBv0w
"5. ročník, 1. díl",https://www.matyskova-matematika.cz/5-rocnik-1-dil/video/str-29/,"5. ročník 1. díl, strana 29, cvičení 3",yOObun1YjLE,https://www.youtube.com/watch?v=yOObun1YjLE
"5. ročník, 1. díl",https://www.matyskova-matematika.cz/5-rocnik-1-dil/video/str-29/,"5. ročník 1. díl, strana 29, cvičení 4",jK6xgvfqBu4,https://www.youtube.com/watch?v=jK6xgvfqBu4
"5. ročník, 1. díl",https://www.matyskova-matematika.cz/5-rocnik-1-dil/video/str-29/,"5. ročník 1. díl, strana 29, cvičení 5",rl-QC-xSzDY,https://www.youtube.com/watch?v=rl-QC-xSzDY
"5. ročník, 1. díl",https://www.matyskova-matematika.cz/5-rocnik-1-dil/video/str-30/,"5. ročník 1. díl, strana 30, cvičení 1",UhsioQmiaoA,https://www.youtube.com/watch?v=UhsioQmiaoA
"5. ročník, 1. díl",https://www.matyskova-matematika.cz/5-rocnik-1-dil/video/str-30/,"5. ročník 1. díl, strana 30, cvičení 2 a",9SC066CbQls,https://www.youtube.com/watch?v=9SC066CbQls
"5. ročník, 1. díl",https://www.matyskova-matematika.cz/5-rocnik-1-dil/video/str-30/,"5. ročník 1. díl, strana 30, cvičení 2 b",yEuuSQW77ak,https://www.youtube.com/watch?v=yEuuSQW77ak
"5. ročník, 1. díl",https://www.matyskova-matematika.cz/5-rocnik-1-dil/video/str-30/,"5. ročník 1. díl, strana 30, cvičení 2 c",msGny9NooLI,https://www.youtube.com/watch?v=msGny9NooLI
"5. ročník, 1. díl",https://www.matyskova-matematika.cz/5-rocnik-1-dil/video/str-30/,"5. ročník 1. díl, strana 30, cvičení 3",7huCikuaABg,https://www.youtube.com/watch?v=7huCikuaABg
"5. ročník, 1. díl",https://www.matyskova-matematika.cz/5-rocnik-1-dil/video/str-30/,"5. ročník 1. díl, strana 30, cvičení 4 a",EtyDAtXyjuA,https://www.youtube.com/watch?v=EtyDAtXyjuA
"5. ročník, 1. díl",https://www.matyskova-matematika.cz/5-rocnik-1-dil/video/str-30/,"5. ročník 1. díl, strana 30, cvičení 4 b",d9W_ydeGThI,https://www.youtube.com/watch?v=d9W_ydeGThI
"5. ročník, 1. díl",https://www.matyskova-matematika.cz/5-rocnik-1-dil/video/str-30/,"5. ročník 1. díl, strana 30, cvičení 5",-xHs0w7ooqU,https://www.youtube.com/watch?v=-xHs0w7ooqU
"5. ročník, 1. díl",https://www.matyskova-matematika.cz/5-rocnik-1-dil/video/str-31/,"5. ročník 1. díl, strana 31, cvičení 1",Y4OA5BQ-axY,https://www.youtube.com/watch?v=Y4OA5BQ-axY
"5. ročník, 1. díl",https://www.matyskova-matematika.cz/5-rocnik-1-dil/video/str-31/,"5. ročník 1. díl, strana 31, cvičení 2",klniWagSNUw,https://www.youtube.com/watch?v=klniWagSNUw
"5. ročník, 1. díl",https://www.matyskova-matematika.cz/5-rocnik-1-dil/video/str-31/,"5. ročník 1. díl, strana 31, cvičení 3",j30Dc8heXSI,https://www.youtube.com/watch?v=j30Dc8heXSI
"5. ročník, 1. díl",https://www.matyskova-matematika.cz/5-rocnik-1-dil/video/str-31/,"5. ročník 1. díl, strana 31, cvičení 4",jZVvxMVIkAk,https://www.youtube.com/watch?v=jZVvxMVIkAk
"5. ročník, 1. díl",https://www.matyskova-matematika.cz/5-rocnik-1-dil/video/str-31/,"5. ročník 1. díl, strana 31, cvičení 5, 6",jK7ww_heN9g,https://www.youtube.com/watch?v=jK7ww_heN9g
"5. ročník, 1. díl",https://www.matyskova-matematika.cz/5-rocnik-1-dil/video/str-32/,"5. ročník 1. díl, strana 32, cvičení A",RkZYdZj6xVY,https://www.youtube.com/watch?v=RkZYdZj6xVY
"5. ročník, 1. díl",https://www.matyskova-matematika.cz/5-rocnik-1-dil/video/str-32/,"5. ročník 1. díl, strana 32, cvičení 1",iUUnRahBGJs,https://www.youtube.com/watch?v=iUUnRahBGJs
"5. ročník, 1. díl",https://www.matyskova-matematika.cz/5-rocnik-1-dil/video/str-32/,"5. ročník 1. díl, strana 32, cvičení B",1Dt87CzjbU4,https://www.youtube.com/watch?v=1Dt87CzjbU4
"5. ročník, 1. díl",https://www.matyskova-matematika.cz/5-rocnik-1-dil/video/str-32/,"5. ročník 1. díl, strana 32, cvičení 2",EaFnzr2in30,https://www.youtube.com/watch?v=EaFnzr2in30
"5. ročník, 1. díl",https://www.matyskova-matematika.cz/5-rocnik-1-dil/video/str-33/,"5. ročník 1. díl, strana 33, cvičení 1",hH6Ao2y1p14,https://www.youtube.com/watch?v=hH6Ao2y1p14
"5. ročník, 1. díl",https://www.matyskova-matematika.cz/5-rocnik-1-dil/video/str-33/,"5. ročník 1. díl, strana 33, cvičení 2",cs8aZeCI_xk,https://www.youtube.com/watch?v=cs8aZeCI_xk
"5. ročník, 1. díl",https://www.matyskova-matematika.cz/5-rocnik-1-dil/video/str-33/,"5. ročník 1. díl, strana 33, cvičení 3",szLte4i3Ur8,https://www.youtube.com/watch?v=szLte4i3Ur8
"5. ročník, 1. díl",https://www.matyskova-matematika.cz/5-rocnik-1-dil/video/str-33/,"5. ročník 1. díl, strana 33, cvičení 4",KHpGBN2KJq8,https://www.youtube.com/watch?v=KHpGBN2KJq8
"5. ročník, 1. díl",https://www.matyskova-matematika.cz/5-rocnik-1-dil/video/str-34/,"5. ročník 1. díl, strana 34, cvičení 1",0-nwEEZYUhQ,https://www.youtube.com/watch?v=0-nwEEZYUhQ
"5. ročník, 1. díl",https://www.matyskova-matematika.cz/5-rocnik-1-dil/video/str-34/,"5. ročník 1. díl, strana 34, cvičení 2",1QgaoINAPYA,https://www.youtube.com/watch?v=1QgaoINAPYA
"5. ročník, 1. díl",https://www.matyskova-matematika.cz/5-rocnik-1-dil/video/str-34/,"5. ročník 1. díl, strana 34, cvičení 3",b9IEbu_qUDU,https://www.youtube.com/watch?v=b9IEbu_qUDU
"5. ročník, 1. díl",https://www.matyskova-matematika.cz/5-rocnik-1-dil/video/str-35/,"5. ročník 1. díl, strana 35, cvičení 1",fei07aW1ltA,https://www.youtube.com/watch?v=fei07aW1ltA
"5. ročník, 1. díl",https://www.matyskova-matematika.cz/5-rocnik-1-dil/video/str-35/,"5. ročník 1. díl, strana 35, cvičení 2 a-d",sYxndXCZWmQ,https://www.youtube.com/watch?v=sYxndXCZWmQ
"5. ročník, 1. díl",https://www.matyskova-matematika.cz/5-rocnik-1-dil/video/str-35/,"5. ročník 1. díl, strana 35, cvičení 2 e",01QJQHP9DB0,https://www.youtube.com/watch?v=01QJQHP9DB0
"5. ročník, 1. díl",https://www.matyskova-matematika.cz/5-rocnik-1-dil/video/str-35/,"5. ročník 1. díl, strana 35, cvičení 3",WZR3aPsqEsM,https://www.youtube.com/watch?v=WZR3aPsqEsM
"5. ročník, 1. díl",https://www.matyskova-matematika.cz/5-rocnik-1-dil/video/str-35/,"5. ročník 1. díl, strana 35, cvičení 4",2upORNDY7-0,https://www.youtube.com/watch?v=2upORNDY7-0
"5. ročník, 1. díl",https://www.matyskova-matematika.cz/5-rocnik-1-dil/video/str-36/,"5. ročník 1. díl, strana 36, úvod",zjYtrUkAxmA,https://www.youtube.com/watch?v=zjYtrUkAxmA
"5. ročník, 1. díl",https://www.matyskova-matematika.cz/5-rocnik-1-dil/video/str-36/,"5. ročník 1. díl, strana 36, cvičení 1 a",G8z1TiWNEbc,https://www.youtube.com/watch?v=G8z1TiWNEbc
"5. ročník, 1. díl",https://www.matyskova-matematika.cz/5-rocnik-1-dil/video/str-36/,"5. ročník 1. díl, strana 36, cvičení 1 b",lbwJeTfRtDA,https://www.youtube.com/watch?v=lbwJeTfRtDA
"5. ročník, 1. díl",https://www.matyskova-matematika.cz/5-rocnik-1-dil/video/str-36/,"5. ročník 1. díl, strana 36, cvičení 1 c",KkOCQ4NVZBA,https://www.youtube.com/watch?v=KkOCQ4NVZBA
"5. ročník, 1. díl",https://www.matyskova-matematika.cz/5-rocnik-1-dil/video/str-36/,"5. ročník 1. díl, strana 36, cvičení 2",vpIxspriQh4,https://www.youtube.com/watch?v=vpIxspriQh4
"5. ročník, 1. díl",https://www.matyskova-matematika.cz/5-rocnik-1-dil/video/str-37/,"5. ročník 1. díl, strana 37, cvičení 1",5Jsh1gD0WPY,https://www.youtube.com/watch?v=5Jsh1gD0WPY
"5. ročník, 1. díl",https://www.matyskova-matematika.cz/5-rocnik-1-dil/video/str-37/,"5. ročník 1. díl, strana 37, cvičení 2",bKdH2K1YQ_4,https://www.youtube.com/watch?v=bKdH2K1YQ_4
"5. ročník, 1. díl",https://www.matyskova-matematika.cz/5-rocnik-1-dil/video/str-37/,"5. ročník 1. díl, strana 37, cvičení 3",SZmb5iGPppM,https://www.youtube.com/watch?v=SZmb5iGPppM
"5. ročník, 1. díl",https://www.matyskova-matematika.cz/5-rocnik-1-dil/video/str-37/,"5. ročník 1. díl, strana 37, cvičení 4",dRXOwq5npqg,https://www.youtube.com/watch?v=dRXOwq5npqg
"5. ročník, 1. díl",https://www.matyskova-matematika.cz/5-rocnik-1-dil/video/str-38/,"5. ročník 1. díl, strana 38, cvičení 1",Wfkytgkf17s,https://www.youtube.com/watch?v=Wfkytgkf17s
"5. ročník, 1. díl",https://www.matyskova-matematika.cz/5-rocnik-1-dil/video/str-38/,"5. ročník 1. díl, strana 38, cvičení 2",xdx59sPRApM,https://www.youtube.com/watch?v=xdx59sPRApM
"5. ročník, 1. díl",https://www.matyskova-matematika.cz/5-rocnik-1-dil/video/str-38/,"5. ročník 1. díl, strana 38, cvičení 3",fTgrqjQhCfg,https://www.youtube.com/watch?v=fTgrqjQhCfg
"5. ročník, 1. díl",https://www.matyskova-matematika.cz/5-rocnik-1-dil/video/str-38/,"5. ročník 1. díl, strana 38, cvičení 4",oJ1RBUOi4vo,https://www.youtube.com/watch?v=oJ1RBUOi4vo
"5. ročník, 1. díl",https://www.matyskova-matematika.cz/5-rocnik-1-dil/video/str-39/,"5. ročník 1. díl, strana 39, cvičení 1",bAO0tTajbkc,https://www.youtube.com/watch?v=bAO0tTajbkc
"5. ročník, 1. díl",https://www.matyskova-matematika.cz/5-rocnik-1-dil/video/str-39/,"5. ročník 1. díl, strana 39, cvičení 2 a",B7kRdoNLc4o,https://www.youtube.com/watch?v=B7kRdoNLc4o
"5. ročník, 1. díl",https://www.matyskova-matematika.cz/5-rocnik-1-dil/video/str-39/,"5. ročník 1. díl, strana 39, cvičení 2 b",WOGbv_mRLH4,https://www.youtube.com/watch?v=WOGbv_mRLH4
"5. ročník, 1. díl",https://www.matyskova-matematika.cz/5-rocnik-1-dil/video/str-39/,"5. ročník 1. díl, strana 39, cvičení 3 úvod",0tLqTAvBmJk,https://www.youtube.com/watch?v=0tLqTAvBmJk
"5. ročník, 1. díl",https://www.matyskova-matematika.cz/5-rocnik-1-dil/video/str-39/,"5. ročník 1. díl, strana 39, cvičení 3 a",6F6OVorviy4,https://www.youtube.com/watch?v=6F6OVorviy4
"5. ročník, 1. díl",https://www.matyskova-matematika.cz/5-rocnik-1-dil/video/str-39/,"5. ročník 1. díl, strana 39, cvičení 3 b",kZWGYbFZB00,https://www.youtube.com/watch?v=kZWGYbFZB00
"5. ročník, 1. díl",https://www.matyskova-matematika.cz/5-rocnik-1-dil/video/str-39/,"5. ročník 1. díl, strana 39, cvičení 3 c",G7TIAkkrctQ,https://www.youtube.com/watch?v=G7TIAkkrctQ
"5. ročník, 1. díl",https://www.matyskova-matematika.cz/5-rocnik-1-dil/video/str-40/,"5. ročník 1. díl, strana 40, cvičení 1 úvod",7WWpyI_7tDU,https://www.youtube.com/watch?v=7WWpyI_7tDU
"5. ročník, 1. díl",https://www.matyskova-matematika.cz/5-rocnik-1-dil/video/str-40/,"5. ročník 1. díl, strana 40, cvičení 1",iRYcX6Sz-Fo,https://www.youtube.com/watch?v=iRYcX6Sz-Fo
"5. ročník, 1. díl",https://www.matyskova-matematika.cz/5-rocnik-1-dil/video/str-40/,"5. ročník 1. díl, strana 40, cvičení 2 a",EmSYNhaeXBg,https://www.youtube.com/watch?v=EmSYNhaeXBg
"5. ročník, 1. díl",https://www.matyskova-matematika.cz/5-rocnik-1-dil/video/str-40/,"5. ročník 1. díl, strana 40, cvičení 2 b",tCZM9kkjONE,https://www.youtube.com/watch?v=tCZM9kkjONE
"5. ročník, 1. díl",https://www.matyskova-matematika.cz/5-rocnik-1-dil/video/str-40/,"5. ročník 1. díl, strana 40, cvičení 2 c",HnZwgU1vGQc,https://www.youtube.com/watch?v=HnZwgU1vGQc
"5. ročník, 1. díl",https://www.matyskova-matematika.cz/5-rocnik-1-dil/video/str-40/,"5. ročník 1. díl, strana 40, cvičení 3",zEOUAUflV80,https://www.youtube.com/watch?v=zEOUAUflV80
"5. ročník, 1. díl",https://www.matyskova-matematika.cz/5-rocnik-1-dil/video/str-40/,"5. ročník 1. díl, strana 40, cvičení 4",ysvoXKU5yv0,https://www.youtube.com/watch?v=ysvoXKU5yv0
"5. ročník, 1. díl",https://www.matyskova-matematika.cz/5-rocnik-1-dil/video/str-40/,"5. ročník 1. díl, strana 40, cvičení 5",XrZeePSEAVc,https://www.youtube.com/watch?v=XrZeePSEAVc
"5. ročník, 1. díl",https://www.matyskova-matematika.cz/5-rocnik-1-dil/video/str-41/,"5. ročník 1. díl, strana 41, cvičení 1 úvod",K20eSBJcYwI,https://www.youtube.com/watch?v=K20eSBJcYwI
"5. ročník, 1. díl",https://www.matyskova-matematika.cz/5-rocnik-1-dil/video/str-41/,"5. ročník 1. díl, strana 41, cvičení 1 a",q9aXV-wy6cs,https://www.youtube.com/watch?v=q9aXV-wy6cs
"5. ročník, 1. díl",https://www.matyskova-matematika.cz/5-rocnik-1-dil/video/str-41/,"5. ročník 1. díl, strana 41, cvičení 1 b",JK06HkUzhT8,https://www.youtube.com/watch?v=JK06HkUzhT8
"5. ročník, 1. díl",https://www.matyskova-matematika.cz/5-rocnik-1-dil/video/str-41/,"5. ročník 1. díl, strana 41, cvičení 1 c",DWiLKMpCh7c,https://www.youtube.com/watch?v=DWiLKMpCh7c
"5. ročník, 1. díl",https://www.matyskova-matematika.cz/5-rocnik-1-dil/video/str-41/,"5. ročník 1. díl, strana 41, cvičení 2",sp9knONWNck,https://www.youtube.com/watch?v=sp9knONWNck
"5. ročník, 1. díl",https://www.matyskova-matematika.cz/5-rocnik-1-dil/video/str-42/,"5. ročník 1. díl, strana 42, cvičení 1 úvod",vPlqzEN9I04,https://www.youtube.com/watch?v=vPlqzEN9I04
"5. ročník, 1. díl",https://www.matyskova-matematika.cz/5-rocnik-1-dil/video/str-42/,"5. ročník 1. díl, strana 42, cvičení 1",OI0X-89QXKg,https://www.youtube.com/watch?v=OI0X-89QXKg
"5. ročník, 1. díl",https://www.matyskova-matematika.cz/5-rocnik-1-dil/video/str-42/,"5. ročník 1. díl, strana 42, cvičení 2 úvod",fdPZCm18whY,https://www.youtube.com/watch?v=fdPZCm18whY
"5. ročník, 1. díl",https://www.matyskova-matematika.cz/5-rocnik-1-dil/video/str-42/,"5. ročník 1. díl, strana 42, cvičení 2",6pY6QxekTKs,https://www.youtube.com/watch?v=6pY6QxekTKs
"5. ročník, 1. díl",https://www.matyskova-matematika.cz/5-rocnik-1-dil/video/str-42/,"5. ročník 1. díl, strana 42, cvičení 3 a",p5tGmbbb2sY,https://www.youtube.com/watch?v=p5tGmbbb2sY
"5. ročník, 1. díl",https://www.matyskova-matematika.cz/5-rocnik-1-dil/video/str-42/,"5. ročník 1. díl, strana 42, cvičení 3 b",UKTDIEJihR8,https://www.youtube.com/watch?v=UKTDIEJihR8
"5. ročník, 1. díl",https://www.matyskova-matematika.cz/5-rocnik-1-dil/video/str-43/,"5. ročník 1. díl, strana 43, cvičení 1",1xyLKZtgsdc,https://www.youtube.com/watch?v=1xyLKZtgsdc
"5. ročník, 1. díl",https://www.matyskova-matematika.cz/5-rocnik-1-dil/video/str-43/,"5. ročník 1. díl, strana 43, cvičení 2 úvod",kaaUeKgyVHo,https://www.youtube.com/watch?v=kaaUeKgyVHo
"5. ročník, 1. díl",https://www.matyskova-matematika.cz/5-rocnik-1-dil/video/str-43/,"5. ročník 1. díl, strana 43, cvičení 2 a, b",qS2Eu1wErcw,https://www.youtube.com/watch?v=qS2Eu1wErcw
"5. ročník, 1. díl",https://www.matyskova-matematika.cz/5-rocnik-1-dil/video/str-43/,"5. ročník 1. díl, strana 43, cvičení 2 c-e",3Ab2E6EYtVM,https://www.youtube.com/watch?v=3Ab2E6EYtVM
"5. ročník, 1. díl",https://www.matyskova-matematika.cz/5-rocnik-1-dil/video/str-43/,"5. ročník 1. díl, strana 43, cvičení 3",i0IUqbDi0zs,https://www.youtube.com/watch?v=i0IUqbDi0zs
"5. ročník, 1. díl",https://www.matyskova-matematika.cz/5-rocnik-1-dil/video/str-44/,"5. ročník 1. díl, strana 44, cvičení 1 úvod A",skIRU2dfu1g,https://www.youtube.com/watch?v=skIRU2dfu1g
"5. ročník, 1. díl",https://www.matyskova-matematika.cz/5-rocnik-1-dil/video/str-44/,"5. ročník 1. díl, strana 44, cvičení 1 úvod B",2uA5MEHZpbQ,https://www.youtube.com/watch?v=2uA5MEHZpbQ
"5. ročník, 1. díl",https://www.matyskova-matematika.cz/5-rocnik-1-dil/video/str-44/,"5. ročník 1. díl, strana 44, cvičení 1",74tl24qxdM8,https://www.youtube.com/watch?v=74tl24qxdM8
"5. ročník, 1. díl",https://www.matyskova-matematika.cz/5-rocnik-1-dil/video/str-44/,"5. ročník 1. díl, strana 44, cvičení 2 a, b",HXLuLSLwQoo,https://www.youtube.com/watch?v=HXLuLSLwQoo
"5. ročník, 1. díl",https://www.matyskova-matematika.cz/5-rocnik-1-dil/video/str-44/,"5. ročník 1. díl, strana 44, cvičení 2 c",rr-QHiS3Vu8,https://www.youtube.com/watch?v=rr-QHiS3Vu8
"5. ročník, 1. díl",https://www.matyskova-matematika.cz/5-rocnik-1-dil/video/str-44/,"5. ročník 1. díl, strana 44, cvičení 2 d",cP-uHzNyCek,https://www.youtube.com/watch?v=cP-uHzNyCek
"5. ročník, 1. díl",https://www.matyskova-matematika.cz/5-rocnik-1-dil/video/str-44/,"5. ročník 1. díl, strana 44, cvičení 2 e",hr90YFvKM8Y,https://www.youtube.com/watch?v=hr90YFvKM8Y
"5. ročník, 1. díl",https://www.matyskova-matematika.cz/5-rocnik-1-dil/video/str-45/,"5. ročník 1. díl, strana 45, cvičení 1 úvod",0_ajFPeebv4,https://www.youtube.com/watch?v=0_ajFPeebv4
"5. ročník, 1. díl",https://www.matyskova-matematika.cz/5-rocnik-1-dil/video/str-45/,"5. ročník 1. díl, strana 45, cvičení 1",zOUKhWzgILc,https://www.youtube.com/watch?v=zOUKhWzgILc
"5. ročník, 1. díl",https://www.matyskova-matematika.cz/5-rocnik-1-dil/video/str-45/,"5. ročník 1. díl, strana 45, cvičení 1 b",xSX1vXjlclQ,https://www.youtube.com/watch?v=xSX1vXjlclQ
"5. ročník, 1. díl",https://www.matyskova-matematika.cz/5-rocnik-1-dil/video/str-45/,"5. ročník 1. díl, strana 45, cvičení 1 c",kI9Ii-vAzUM,https://www.youtube.com/watch?v=kI9Ii-vAzUM
"5. ročník, 1. díl",https://www.matyskova-matematika.cz/5-rocnik-1-dil/video/str-45/,"5. ročník 1. díl, strana 45, cvičení 2 a",d6J4Vr0t6Zg,https://www.youtube.com/watch?v=d6J4Vr0t6Zg
"5. ročník, 1. díl",https://www.matyskova-matematika.cz/5-rocnik-1-dil/video/str-45/,"5. ročník 1. díl, strana 45, cvičení 2 b",gmxvHGHn_6o,https://www.youtube.com/watch?v=gmxvHGHn_6o
"5. ročník, 1. díl",https://www.matyskova-matematika.cz/5-rocnik-1-dil/video/str-45/,"5. ročník 1. díl, strana 45, cvičení 3",_omWmHFwxGE,https://www.youtube.com/watch?v=_omWmHFwxGE
"5. ročník, 1. díl",https://www.matyskova-matematika.cz/5-rocnik-1-dil/video/str-45/,"5. ročník 1. díl, strana 45, cvičení 4",niREhIZuQ6E,https://www.youtube.com/watch?v=niREhIZuQ6E
"5. ročník, 1. díl",https://www.matyskova-matematika.cz/5-rocnik-1-dil/video/str-46/,"5. ročník 1. díl, strana 46, cvičení 1",xyV56rXNQ2s,https://www.youtube.com/watch?v=xyV56rXNQ2s
"5. ročník, 1. díl",https://www.matyskova-matematika.cz/5-rocnik-1-dil/video/str-46/,"5. ročník 1. díl, strana 46, cvičení 2 a",YQyCGsfXjcI,https://www.youtube.com/watch?v=YQyCGsfXjcI
"5. ročník, 1. díl",https://www.matyskova-matematika.cz/5-rocnik-1-dil/video/str-46/,"5. ročník 1. díl, strana 46, cvičení 2 b",a511BzbBSyY,https://www.youtube.com/watch?v=a511BzbBSyY
"5. ročník, 1. díl",https://www.matyskova-matematika.cz/5-rocnik-1-dil/video/str-46/,"5. ročník 1. díl, strana 46, cvičení 2 c",5Az_OjxJEeY,https://www.youtube.com/watch?v=5Az_OjxJEeY
"5. ročník, 1. díl",https://www.matyskova-matematika.cz/5-rocnik-1-dil/video/str-46/,"5. ročník 1. díl, strana 46, cvičení 2 d",WP4hch3RKBk,https://www.youtube.com/watch?v=WP4hch3RKBk
"5. ročník, 1. díl",https://www.matyskova-matematika.cz/5-rocnik-1-dil/video/str-46/,"5. ročník 1. díl, strana 46, cvičení 3 a, b",5Nid5SOPuFY,https://www.youtube.com/watch?v=5Nid5SOPuFY
"5. ročník, 1. díl",https://www.matyskova-matematika.cz/5-rocnik-1-dil/video/str-46/,"5. ročník 1. díl, strana 46, cvičení 3 c, d",89vmqfraTvw,https://www.youtube.com/watch?v=89vmqfraTvw
"5. ročník, 1. díl",https://www.matyskova-matematika.cz/5-rocnik-1-dil/video/str-46/,"5. ročník 1. díl, strana 46, cvičení 3 e",DiM_lWs0GHI,https://www.youtube.com/watch?v=DiM_lWs0GHI
"5. ročník, 1. díl",https://www.matyskova-matematika.cz/5-rocnik-1-dil/video/str-46/,"5. ročník 1. díl, strana 46, cvičení 4",11IiTXphHoQ,https://www.youtube.com/watch?v=11IiTXphHoQ
"5. ročník, 1. díl",https://www.matyskova-matematika.cz/5-rocnik-1-dil/video/str-47/,"5. ročník, strana 47, cvičení 1 úvod",oLYEaE-UYU0,https://www.youtube.com/watch?v=oLYEaE-UYU0
"5. ročník, 1. díl",https://www.matyskova-matematika.cz/5-rocnik-1-dil/video/str-47/,"5. ročník, strana 47, cvičení 1 a, b",0x87bnaT30g,https://www.youtube.com/watch?v=0x87bnaT30g
"5. ročník, 1. díl",https://www.matyskova-matematika.cz/5-rocnik-1-dil/video/str-47/,"5. ročník, strana 47, cvičení 1 c, d",_U0azIXl9pE,https://www.youtube.com/watch?v=_U0azIXl9pE
"5. ročník, 1. díl",https://www.matyskova-matematika.cz/5-rocnik-1-dil/video/str-47/,"5. ročník, strana 47, cvičení 1 e",4Ptwx_qAXZE,https://www.youtube.com/watch?v=4Ptwx_qAXZE
"5. ročník, 1. díl",https://www.matyskova-matematika.cz/5-rocnik-1-dil/video/str-47/,"5. ročník, strana 47, cvičení  2",wkaDHcYcddw,https://www.youtube.com/watch?v=wkaDHcYcddw
"5. ročník, 1. díl",https://www.matyskova-matematika.cz/5-rocnik-1-dil/video/str-47/,"5. ročník, strana 47, cvičení 3",cvGO-liLvRY,https://www.youtube.com/watch?v=cvGO-liLvRY
"5. ročník, 1. díl",https://www.matyskova-matematika.cz/5-rocnik-1-dil/video/str-48/,"5. ročník 1. ročník, strana 48, cvičení 1",zb1ntxKuhUE,https://www.youtube.com/watch?v=zb1ntxKuhUE
"5. ročník, 1. díl",https://www.matyskova-matematika.cz/5-rocnik-1-dil/video/str-48/,"5. ročník 1. ročník, strana 48, cvičení 2",eWGkJJer0rE,https://www.youtube.com/watch?v=eWGkJJer0rE
"5. ročník, 1. díl",https://www.matyskova-matematika.cz/5-rocnik-1-dil/video/str-48/,"5. ročník 1. ročník, strana 48, cvičení 3",OYMjigAzSgg,https://www.youtube.com/watch?v=OYMjigAzSgg
"5. ročník, 1. díl",https://www.matyskova-matematika.cz/5-rocnik-1-dil/video/str-48/,"5. ročník 1. ročník, strana 48, cvičení 4",5xyJmj1hrbU,https://www.youtube.com/watch?v=5xyJmj1hrbU
"5. ročník, 1. díl",https://www.matyskova-matematika.cz/5-rocnik-1-dil/video/str-48/,"5. ročník 1. ročník, strana 48, cvičení 5",xwy9amvnPgE,https://www.youtube.com/watch?v=xwy9amvnPgE
"5. ročník, 1. díl",https://www.matyskova-matematika.cz/5-rocnik-1-dil/video/str-48/,"5. ročník 1. ročník, strana 48, cvičení 6 a, b",Lmypj5RJAG4,https://www.youtube.com/watch?v=Lmypj5RJAG4
"5. ročník, 1. díl",https://www.matyskova-matematika.cz/5-rocnik-1-dil/video/str-48/,"5. ročník 1. ročník, strana 48, cvičení 6 c, d",eEW777LdqNk,https://www.youtube.com/watch?v=eEW777LdqNk
"5. ročník, 1. díl",https://www.matyskova-matematika.cz/5-rocnik-1-dil/video/str-48/,"5. ročník 1. ročník, strana 48, cvičení 6 e",nxIgZLawJ_E,https://www.youtube.com/watch?v=nxIgZLawJ_E
"5. ročník, 1. díl",https://www.matyskova-matematika.cz/5-rocnik-1-dil/video/str-49/,"5. ročník 1. díl, strana 49, cvičení 1 úvod",yKdjjFnYHss,https://www.youtube.com/watch?v=yKdjjFnYHss
"5. ročník, 1. díl",https://www.matyskova-matematika.cz/5-rocnik-1-dil/video/str-49/,"5. ročník 1. díl, strana 49, cvičení 1",xrMLoFXcM_w,https://www.youtube.com/watch?v=xrMLoFXcM_w
"5. ročník, 1. díl",https://www.matyskova-matematika.cz/5-rocnik-1-dil/video/str-49/,"5. ročník 1. díl, strana 49, cvičení 2",mh8MgdNl1wY,https://www.youtube.com/watch?v=mh8MgdNl1wY
"5. ročník, 1. díl",https://www.matyskova-matematika.cz/5-rocnik-1-dil/video/str-49/,"5. ročník 1. díl, strana 49, cvičení 3",_X8aTq_Z8Ss,https://www.youtube.com/watch?v=_X8aTq_Z8Ss
"5. ročník, 1. díl",https://www.matyskova-matematika.cz/5-rocnik-1-dil/video/str-49/,"5. ročník 1. díl, strana 49, cvičení 4",09d9wiR4bTQ,https://www.youtube.com/watch?v=09d9wiR4bTQ
"5. ročník, 1. díl",https://www.matyskova-matematika.cz/5-rocnik-1-dil/video/str-49/,"5. ročník 1. díl, strana 49, cvičení 5",xMIOKAioZ4Q,https://www.youtube.com/watch?v=xMIOKAioZ4Q
"5. ročník, 1. díl",https://www.matyskova-matematika.cz/5-rocnik-1-dil/video/str-49/,"5. ročník 1. díl, strana 49, cvičení 6",iyjI-WVoAgg,https://www.youtube.com/watch?v=iyjI-WVoAgg
"5. ročník, 1. díl",https://www.matyskova-matematika.cz/5-rocnik-1-dil/video/str-49/,"5. ročník 1. díl, strana 49, cvičení 7",Wo1Lpra_ztc,https://www.youtube.com/watch?v=Wo1Lpra_ztc
"5. ročník, 1. díl",https://www.matyskova-matematika.cz/5-rocnik-1-dil/video/str-50/,"5. ročník 1. díl, strana 50, cvičení 1 a",8ggRzJ4tZEs,https://www.youtube.com/watch?v=8ggRzJ4tZEs
"5. ročník, 1. díl",https://www.matyskova-matematika.cz/5-rocnik-1-dil/video/str-50/,"5. ročník 1. díl, strana 50, cvičení 1 b, c",_Ne3vznMt2I,https://www.youtube.com/watch?v=_Ne3vznMt2I
"5. ročník, 1. díl",https://www.matyskova-matematika.cz/5-rocnik-1-dil/video/str-50/,"5. ročník 1. díl, strana 50, cvičení 2",K5sHRr_hAY8,https://www.youtube.com/watch?v=K5sHRr_hAY8
"5. ročník, 1. díl",https://www.matyskova-matematika.cz/5-rocnik-1-dil/video/str-50/,"5. ročník 1. díl, strana 50, cvičení 3 a",UKD4ZMnOLuo,https://www.youtube.com/watch?v=UKD4ZMnOLuo
"5. ročník, 1. díl",https://www.matyskova-matematika.cz/5-rocnik-1-dil/video/str-50/,"5. ročník 1. díl, strana 50, cvičení 3 b, c",WmrN5AiX5yM,https://www.youtube.com/watch?v=WmrN5AiX5yM
"5. ročník, 1. díl",https://www.matyskova-matematika.cz/5-rocnik-1-dil/video/str-50/,"5. ročník 1. díl, strana 50, cvičení 3 d, e",h0TarnL2JGw,https://www.youtube.com/watch?v=h0TarnL2JGw
"5. ročník, 1. díl",https://www.matyskova-matematika.cz/5-rocnik-1-dil/video/str-51/,"5. ročník 1. díl, strana 51, cvičení 1 úvod A",TyhDPCBqBqU,https://www.youtube.com/watch?v=TyhDPCBqBqU
"5. ročník, 1. díl",https://www.matyskova-matematika.cz/5-rocnik-1-dil/video/str-51/,"5. ročník 1. díl, strana 51, cvičení 1 úvod B",nAX4NiPSh_Q,https://www.youtube.com/watch?v=nAX4NiPSh_Q
"5. ročník, 1. díl",https://www.matyskova-matematika.cz/5-rocnik-1-dil/video/str-51/,"5. ročník 1. díl, strana 51, cvičení 1",N3hXDsdpBY0,https://www.youtube.com/watch?v=N3hXDsdpBY0
"5. ročník, 1. díl",https://www.matyskova-matematika.cz/5-rocnik-1-dil/video/str-51/,"5. ročník 1. díl, strana 51, cvičení 2",39iXiiTsC8s,https://www.youtube.com/watch?v=39iXiiTsC8s
"5. ročník, 1. díl",https://www.matyskova-matematika.cz/5-rocnik-1-dil/video/str-51/,"5. ročník 1. díl, strana 51, cvičení 3",FOguInfL0WM,https://www.youtube.com/watch?v=FOguInfL0WM
"5. ročník, 1. díl",https://www.matyskova-matematika.cz/5-rocnik-1-dil/video/str-52/,"5. ročník 1. díl, strana 52, cvičení 1",ztgPvwyd74I,https://www.youtube.com/watch?v=ztgPvwyd74I
"5. ročník, 1. díl",https://www.matyskova-matematika.cz/5-rocnik-1-dil/video/str-52/,"5. ročník 1. díl, strana 52, cvičení 2",3ea8LPJ7jVA,https://www.youtube.com/watch?v=3ea8LPJ7jVA
"5. ročník, 1. díl",https://www.matyskova-matematika.cz/5-rocnik-1-dil/video/str-52/,"5. ročník 1. díl, strana 52, cvičení 3",R2-dyvbe10c,https://www.youtube.com/watch?v=R2-dyvbe10c
"5. ročník, 1. díl",https://www.matyskova-matematika.cz/5-rocnik-1-dil/video/str-52/,"5. ročník 1. díl, strana 52, cvičení 4",n3OcVb5brac,https://www.youtube.com/watch?v=n3OcVb5brac
"5. ročník, 1. díl",https://www.matyskova-matematika.cz/5-rocnik-1-dil/video/str-52/,"5. ročník 1. díl, strana 52, cvičení 5",R9SR0gXltjY,https://www.youtube.com/watch?v=R9SR0gXltjY
"5. ročník, 1. díl",https://www.matyskova-matematika.cz/5-rocnik-1-dil/video/str-52/,"5. ročník 1. díl, strana 52, cvičení 6",gy4XCpPglzo,https://www.youtube.com/watch?v=gy4XCpPglzo
"5. ročník, 1. díl",https://www.matyskova-matematika.cz/5-rocnik-1-dil/video/str-53/,"5. ročník 1. díl, strana 53, cvičení 1",Hgo-7HNocic,https://www.youtube.com/watch?v=Hgo-7HNocic
"5. ročník, 1. díl",https://www.matyskova-matematika.cz/5-rocnik-1-dil/video/str-53/,"5. ročník 1. díl, strana 53, cvičení 2",mSlKGsMpqK0,https://www.youtube.com/watch?v=mSlKGsMpqK0
"5. ročník, 1. díl",https://www.matyskova-matematika.cz/5-rocnik-1-dil/video/str-53/,"5. ročník 1. díl, strana 53, cvičení 3",h9wERFdd6QE,https://www.youtube.com/watch?v=h9wERFdd6QE
"5. ročník, 1. díl",https://www.matyskova-matematika.cz/5-rocnik-1-dil/video/str-53/,"5. ročník 1. díl, strana 53, cvičení 4",ZZRmEequ7_I,https://www.youtube.com/watch?v=ZZRmEequ7_I
"5. ročník, 1. díl",https://www.matyskova-matematika.cz/5-rocnik-1-dil/video/str-54/,"5. ročník 1. díl, strana 54, cvičení 1",CsEiP96c2V0,https://www.youtube.com/watch?v=CsEiP96c2V0
"5. ročník, 1. díl",https://www.matyskova-matematika.cz/5-rocnik-1-dil/video/str-54/,"5. ročník 1. díl, strana 54, cvičení 2",9LuKACd3LB8,https://www.youtube.com/watch?v=9LuKACd3LB8
"5. ročník, 1. díl",https://www.matyskova-matematika.cz/5-rocnik-1-dil/video/str-54/,"5. ročník 1. díl, strana 54, cvičení 3",9bhp3o5V-xc,https://www.youtube.com/watch?v=9bhp3o5V-xc
"5. ročník, 1. díl",https://www.matyskova-matematika.cz/5-rocnik-1-dil/video/str-54/,"5. ročník 1. díl, strana 54, cvičení 4",cV4hH_Twxuk,https://www.youtube.com/watch?v=cV4hH_Twxuk
"5. ročník, 1. díl",https://www.matyskova-matematika.cz/5-rocnik-1-dil/video/str-54/,"5. ročník 1. díl, strana 54, cvičení 5",Qh3nnIlsKhE,https://www.youtube.com/watch?v=Qh3nnIlsKhE
"5. ročník, 1. díl",https://www.matyskova-matematika.cz/5-rocnik-1-dil/video/str-54/,"5. ročník 1. díl, strana 54, cvičení 6",ZqWj4tV7BmY,https://www.youtube.com/watch?v=ZqWj4tV7BmY
"5. ročník, 1. díl",https://www.matyskova-matematika.cz/5-rocnik-1-dil/video/str-55/,"5. ročník 1. díl, strana 55, cvičení 1 a",mZHh0vrs8jI,https://www.youtube.com/watch?v=mZHh0vrs8jI
"5. ročník, 1. díl",https://www.matyskova-matematika.cz/5-rocnik-1-dil/video/str-55/,"5. ročník 1. díl, strana 55, cvičení 1 b",onlcMRjPOU4,https://www.youtube.com/watch?v=onlcMRjPOU4
"5. ročník, 1. díl",https://www.matyskova-matematika.cz/5-rocnik-1-dil/video/str-55/,"5. ročník 1. díl, strana 55, cvičení 1 c",GSx99UehRmA,https://www.youtube.com/watch?v=GSx99UehRmA
"5. ročník, 1. díl",https://www.matyskova-matematika.cz/5-rocnik-1-dil/video/str-55/,"5. ročník 1. díl, strana 55, cvičení 2",r8lChFzPbT0,https://www.youtube.com/watch?v=r8lChFzPbT0
"5. ročník, 1. díl",https://www.matyskova-matematika.cz/5-rocnik-1-dil/video/str-55/,"5. ročník 1. díl, strana 55, cvičení 3 a, b",Iyf2Lz0Iwcw,https://www.youtube.com/watch?v=Iyf2Lz0Iwcw
"5. ročník, 1. díl",https://www.matyskova-matematika.cz/5-rocnik-1-dil/video/str-55/,"5. ročník 1. díl, strana 55, cvičení 3 c, d",IcSlbIFzaeg,https://www.youtube.com/watch?v=IcSlbIFzaeg
"5. ročník, 1. díl",https://www.matyskova-matematika.cz/5-rocnik-1-dil/video/str-56/,"5. ročník 1. díl, strana 56, cvičení 1",tubxrNy0MtU,https://www.youtube.com/watch?v=tubxrNy0MtU
"5. ročník, 1. díl",https://www.matyskova-matematika.cz/5-rocnik-1-dil/video/str-56/,"5. ročník 1. díl, strana 56, cvičení 2",OWmK8el0PY4,https://www.youtube.com/watch?v=OWmK8el0PY4
"5. ročník, 1. díl",https://www.matyskova-matematika.cz/5-rocnik-1-dil/video/str-56/,"5. ročník 1. díl, strana 56, cvičení 3",43WOUDs_V9o,https://www.youtube.com/watch?v=43WOUDs_V9o
"5. ročník, 1. díl",https://www.matyskova-matematika.cz/5-rocnik-1-dil/video/str-56/,"5. ročník 1. díl, strana 56, cvičení 4",hM7knmtqu68,https://www.youtube.com/watch?v=hM7knmtqu68
"5. ročník, 1. díl",https://www.matyskova-matematika.cz/5-rocnik-1-dil/video/str-57/,"5. ročník 1. díl, strana 57, cvičení 1",LKGp9Xc5uDg,https://www.youtube.com/watch?v=LKGp9Xc5uDg
"5. ročník, 1. díl",https://www.matyskova-matematika.cz/5-rocnik-1-dil/video/str-57/,"5. ročník 1. díl, strana 57, cvičení 2",waz_-KRjPko,https://www.youtube.com/watch?v=waz_-KRjPko
"5. ročník, 1. díl",https://www.matyskova-matematika.cz/5-rocnik-1-dil/video/str-57/,"5. ročník 1. díl, strana 57, cvičení 3",PRyaEyFpVgY,https://www.youtube.com/watch?v=PRyaEyFpVgY
"5. ročník, 1. díl",https://www.matyskova-matematika.cz/5-rocnik-1-dil/video/str-57/,"5. ročník 1. díl, strana 57, cvičení 4",2hJF0B8IPqk,https://www.youtube.com/watch?v=2hJF0B8IPqk
"5. ročník, 1. díl",https://www.matyskova-matematika.cz/5-rocnik-1-dil/video/str-57/,"5. ročník 1. díl, strana 57, cvičení 5",tg8Hz27JxWk,https://www.youtube.com/watch?v=tg8Hz27JxWk
"5. ročník, 1. díl",https://www.matyskova-matematika.cz/5-rocnik-1-dil/video/str-57/,"5. ročník 1. díl, strana 57, cvičení 6",jLTLkVmMoMo,https://www.youtube.com/watch?v=jLTLkVmMoMo
"5. ročník, 1. díl",https://www.matyskova-matematika.cz/5-rocnik-1-dil/video/str-58/,"5. ročník 1. díl, strana 58, cvičení 1 a",msrDrOnA7kA,https://www.youtube.com/watch?v=msrDrOnA7kA
"5. ročník, 1. díl",https://www.matyskova-matematika.cz/5-rocnik-1-dil/video/str-58/,"5. ročník 1. díl, strana 58, cvičení 1 b",eezNumwEJTk,https://www.youtube.com/watch?v=eezNumwEJTk
"5. ročník, 1. díl",https://www.matyskova-matematika.cz/5-rocnik-1-dil/video/str-58/,"5. ročník 1. díl, strana 58, cvičení 1 c",ciFs62AE4Jg,https://www.youtube.com/watch?v=ciFs62AE4Jg
"5. ročník, 1. díl",https://www.matyskova-matematika.cz/5-rocnik-1-dil/video/str-58/,"5. ročník 1. díl, strana 58, cvičení 2",VpqGeGraOV8,https://www.youtube.com/watch?v=VpqGeGraOV8
"5. ročník, 1. díl",https://www.matyskova-matematika.cz/5-rocnik-1-dil/video/str-59/,"5. ročník 1. díl, strana 59, úvod",cH0nB9vE0WI,https://www.youtube.com/watch?v=cH0nB9vE0WI
"5. ročník, 1. díl",https://www.matyskova-matematika.cz/5-rocnik-1-dil/video/str-59/,"5. ročník 1. díl, strana 59, cvičení 1",lbYwT7-dC_0,https://www.youtube.com/watch?v=lbYwT7-dC_0
"5. ročník, 1. díl",https://www.matyskova-matematika.cz/5-rocnik-1-dil/video/str-59/,"5. ročník 1. díl, strana 59, cvičení 2 a",ix_GAEvsSns,https://www.youtube.com/watch?v=ix_GAEvsSns
"5. ročník, 1. díl",https://www.matyskova-matematika.cz/5-rocnik-1-dil/video/str-59/,"5. ročník 1. díl, strana 59, cvičení 2 b",DJvOSjod1T8,https://www.youtube.com/watch?v=DJvOSjod1T8
"5. ročník, 1. díl",https://www.matyskova-matematika.cz/5-rocnik-1-dil/video/str-59/,"5. ročník 1. díl, strana 59, cvičení 2 c",bIgng7RkniQ,https://www.youtube.com/watch?v=bIgng7RkniQ
"5. ročník, 1. díl",https://www.matyskova-matematika.cz/5-rocnik-1-dil/video/str-60/,"5. ročník 1. díl, strana 60, úvod",kRLhMHdhcqg,https://www.youtube.com/watch?v=kRLhMHdhcqg
"5. ročník, 1. díl",https://www.matyskova-matematika.cz/5-rocnik-1-dil/video/str-60/,"5. ročník 1. díl, strana 60, cvičení 1",NrMlog8IvnE,https://www.youtube.com/watch?v=NrMlog8IvnE
"5. ročník, 1. díl",https://www.matyskova-matematika.cz/5-rocnik-1-dil/video/str-60/,"5. ročník 1. díl, strana 60, cvičení 2",brxfgQYJCwA,https://www.youtube.com/watch?v=brxfgQYJCwA
"5. ročník, 1. díl",https://www.matyskova-matematika.cz/5-rocnik-1-dil/video/str-61/,"5. ročník 1. díl, strana 61, úvod",RTXCRH8n57s,https://www.youtube.com/watch?v=RTXCRH8n57s
"5. ročník, 1. díl",https://www.matyskova-matematika.cz/5-rocnik-1-dil/video/str-61/,"5. ročník 1. díl, strana 61, cvičení 1",sHWZpvp7ADc,https://www.youtube.com/watch?v=sHWZpvp7ADc
"5. ročník, 1. díl",https://www.matyskova-matematika.cz/5-rocnik-1-dil/video/str-61/,"5. ročník 1. díl, strana 61, cvičení 2",kTqnaNaj4ZU,https://www.youtube.com/watch?v=kTqnaNaj4ZU
"5. ročník, 1. díl",https://www.matyskova-matematika.cz/5-rocnik-1-dil/video/str-61/,"5. ročník 1. díl, strana 61, cvičení 3",qaXFbMsuz8E,https://www.youtube.com/watch?v=qaXFbMsuz8E
"5. ročník, 1. díl",https://www.matyskova-matematika.cz/5-rocnik-1-dil/video/str-61/,"5. ročník 1. díl, strana 61, cvičení 4",A1WM_qRhta0,https://www.youtube.com/watch?v=A1WM_qRhta0
"5. ročník, 1. díl",https://www.matyskova-matematika.cz/5-rocnik-1-dil/video/str-62/,"5. ročník, strana 62, cvičení 1",wbRupOEHZfA,https://www.youtube.com/watch?v=wbRupOEHZfA
"5. ročník, 1. díl",https://www.matyskova-matematika.cz/5-rocnik-1-dil/video/str-62/,"5. ročník, strana 62, cvičení 2",jyhB5b3WREk,https://www.youtube.com/watch?v=jyhB5b3WREk
"5. ročník, 1. díl",https://www.matyskova-matematika.cz/5-rocnik-1-dil/video/str-62/,"5. ročník, strana 62, cvičení 3",-U4FqpoEV7k,https://www.youtube.com/watch?v=-U4FqpoEV7k
"5. ročník, 1. díl",https://www.matyskova-matematika.cz/5-rocnik-1-dil/video/str-62/,"5. ročník, strana 62, cvičení 4",Ez4Hgn684f4,https://www.youtube.com/watch?v=Ez4Hgn684f4
"5. ročník, 1. díl",https://www.matyskova-matematika.cz/5-rocnik-1-dil/video/str-63/,"5. ročník 1. díl, strana 63, cvičení 1",szc5FboHSh0,https://www.youtube.com/watch?v=szc5FboHSh0
"5. ročník, 1. díl",https://www.matyskova-matematika.cz/5-rocnik-1-dil/video/str-63/,"5. ročník 1. díl, strana 63, cvičení 2",1FAmvp6qdT8,https://www.youtube.com/watch?v=1FAmvp6qdT8
"5. ročník, 1. díl",https://www.matyskova-matematika.cz/5-rocnik-1-dil/video/str-63/,"5. ročník 1. díl, strana 63, cvičení 3",dL6j9Z_W3JA,https://www.youtube.com/watch?v=dL6j9Z_W3JA
"5. ročník, 1. díl",https://www.matyskova-matematika.cz/5-rocnik-1-dil/video/str-63/,"5. ročník 1. díl, strana 63, cvičení 4",8M2k3xb8Uqg,https://www.youtube.com/watch?v=8M2k3xb8Uqg
"5. ročník, 1. díl",https://www.matyskova-matematika.cz/5-rocnik-1-dil/video/str-63/,"5. ročník 1. díl, strana 63, cvičení 5",YmtGbmyUqpY,https://www.youtube.com/watch?v=YmtGbmyUqpY
"5. ročník, 1. díl",https://www.matyskova-matematika.cz/5-rocnik-1-dil/video/str-64/,"5. ročník 1. díl, strana 64, cvičení 1",agiMVAtPhoA,https://www.youtube.com/watch?v=agiMVAtPhoA
"5. ročník, 1. díl",https://www.matyskova-matematika.cz/5-rocnik-1-dil/video/str-64/,"5. ročník 1. díl, strana 64, cvičení 2",csDcud13OWc,https://www.youtube.com/watch?v=csDcud13OWc
"5. ročník, 1. díl",https://www.matyskova-matematika.cz/5-rocnik-1-dil/video/str-64/,"5. ročník 1. díl, strana 64, cvičení 3",NiVoFQpgcPc,https://www.youtube.com/watch?v=NiVoFQpgcPc
"5. ročník, 1. díl",https://www.matyskova-matematika.cz/5-rocnik-1-dil/video/str-64/,"5. ročník 1. díl, strana 64, cvičení 4",lBwHDLmu6yQ,https://www.youtube.com/watch?v=lBwHDLmu6yQ
"5. ročník, 1. díl",https://www.matyskova-matematika.cz/5-rocnik-1-dil/video/str-64/,"5. ročník 1. díl, strana 64, cvičení 5",d31Uz6brLk4,https://www.youtube.com/watch?v=d31Uz6brLk4
"5. ročník, 1. díl",https://www.matyskova-matematika.cz/5-rocnik-1-dil/video/str-64/,"5. ročník 1. díl, strana 64, cvičení 6",p1rGJqNe0RU,https://www.youtube.com/watch?v=p1rGJqNe0RU
"5. ročník, 1. díl",https://www.matyskova-matematika.cz/5-rocnik-1-dil/video/str-64/,"5. ročník 1. díl, strana 64, cvičení 7",kEYtg1hT8bw,https://www.youtube.com/watch?v=kEYtg1hT8bw
"5. ročník, 2. díl",https://www.matyskova-matematika.cz/5-rocnik-2-dil/video/str-2/,"5. ročník 2. díl, strana 2, cvičení 1",IZ2UpqdmEWY,https://www.youtube.com/watch?v=IZ2UpqdmEWY
"5. ročník, 2. díl",https://www.matyskova-matematika.cz/5-rocnik-2-dil/video/str-2/,"5. ročník 2. díl, strana 2, cvičení 2",XRkDBofzy-M,https://www.youtube.com/watch?v=XRkDBofzy-M
"5. ročník, 2. díl",https://www.matyskova-matematika.cz/5-rocnik-2-dil/video/str-2/,"5. ročník 2. díl, strana 2, cvičení 3",xUJ16pjH8i0,https://www.youtube.com/watch?v=xUJ16pjH8i0
"5. ročník, 2. díl",https://www.matyskova-matematika.cz/5-rocnik-2-dil/video/str-2/,"5. ročník 2. díl, strana 2, cvičení 4",mRpCWnnKvPg,https://www.youtube.com/watch?v=mRpCWnnKvPg
"5. ročník, 2. díl",https://www.matyskova-matematika.cz/5-rocnik-2-dil/video/str-3/,"5. ročník 2. díl, strana 3, cvičení 1",Rh2VDmPhJUA,https://www.youtube.com/watch?v=Rh2VDmPhJUA
"5. ročník, 2. díl",https://www.matyskova-matematika.cz/5-rocnik-2-dil/video/str-3/,"5. ročník 2. díl, strana 3, cvičení 2",Okz2Mc-o0_Y,https://www.youtube.com/watch?v=Okz2Mc-o0_Y
"5. ročník, 2. díl",https://www.matyskova-matematika.cz/5-rocnik-2-dil/video/str-3/,"5. ročník 2. díl, strana 3, cvičení 3",gCCNCUa50Q0,https://www.youtube.com/watch?v=gCCNCUa50Q0
"5. ročník, 2. díl",https://www.matyskova-matematika.cz/5-rocnik-2-dil/video/str-3/,"5. ročník 2. díl, strana 3, cvičení 4",AntenbTwH5M,https://www.youtube.com/watch?v=AntenbTwH5M
"5. ročník, 2. díl",https://www.matyskova-matematika.cz/5-rocnik-2-dil/video/str-3/,"5. ročník 2. díl, strana 3, cvičení 5",2jZsxEqVznc,https://www.youtube.com/watch?v=2jZsxEqVznc
"5. ročník, 2. díl",https://www.matyskova-matematika.cz/5-rocnik-2-dil/video/str-3/,"5. ročník 2. díl, strana 3, cvičení 6",I1THha0pO9s,https://www.youtube.com/watch?v=I1THha0pO9s
"5. ročník, 2. díl",https://www.matyskova-matematika.cz/5-rocnik-2-dil/video/str-4/,"5. ročník 2. díl, strana 4, cvičení 1",v7pHnctcC3c,https://www.youtube.com/watch?v=v7pHnctcC3c
"5. ročník, 2. díl",https://www.matyskova-matematika.cz/5-rocnik-2-dil/video/str-4/,"5. ročník 2. díl, strana 4, cvičení 2",5CFds_WL5Sc,https://www.youtube.com/watch?v=5CFds_WL5Sc
"5. ročník, 2. díl",https://www.matyskova-matematika.cz/5-rocnik-2-dil/video/str-4/,"5. ročník 2. díl, strana 4, cvičení 3",e5u_tUVube8,https://www.youtube.com/watch?v=e5u_tUVube8
"5. ročník, 2. díl",https://www.matyskova-matematika.cz/5-rocnik-2-dil/video/str-4/,"5. ročník 2. díl, strana 4, cvičení 4",X7BWyM09gRw,https://www.youtube.com/watch?v=X7BWyM09gRw
"5. ročník, 2. díl",https://www.matyskova-matematika.cz/5-rocnik-2-dil/video/str-4/,"5. ročník 2. díl, strana 4, cvičení 5",7E1wgyALL3A,https://www.youtube.com/watch?v=7E1wgyALL3A
"5. ročník, 2. díl",https://www.matyskova-matematika.cz/5-rocnik-2-dil/video/str-4/,"5. ročník 2. díl, strana 4, cvičení 6",SPi8lFObLaQ,https://www.youtube.com/watch?v=SPi8lFObLaQ
"5. ročník, 2. díl",https://www.matyskova-matematika.cz/5-rocnik-2-dil/video/str-5/,"5. ročník 2. díl, strana 5, cvičení 1",V3tE2EjTaSg,https://www.youtube.com/watch?v=V3tE2EjTaSg
"5. ročník, 2. díl",https://www.matyskova-matematika.cz/5-rocnik-2-dil/video/str-5/,"5. ročník 2. díl, strana 5, cvičení 2",b2X5GMOd2To,https://www.youtube.com/watch?v=b2X5GMOd2To
"5. ročník, 2. díl",https://www.matyskova-matematika.cz/5-rocnik-2-dil/video/str-5/,"5. ročník 2. díl, strana 5, cvičení 3",YbUQF3yK3fU,https://www.youtube.com/watch?v=YbUQF3yK3fU
"5. ročník, 2. díl",https://www.matyskova-matematika.cz/5-rocnik-2-dil/video/str-5/,"5. ročník 2. díl, strana 5, cvičení 4",fbCMtWbgm80,https://www.youtube.com/watch?v=fbCMtWbgm80
"5. ročník, 2. díl",https://www.matyskova-matematika.cz/5-rocnik-2-dil/video/str-5/,"5. ročník 2. díl, strana 5, cvičení 5",fP6W-mdYMME,https://www.youtube.com/watch?v=fP6W-mdYMME
"5. ročník, 2. díl",https://www.matyskova-matematika.cz/5-rocnik-2-dil/video/str-5/,"5. ročník 2. díl, strana 5, cvičení 6",RhtQyjOYpvc,https://www.youtube.com/watch?v=RhtQyjOYpvc
"5. ročník, 2. díl",https://www.matyskova-matematika.cz/5-rocnik-2-dil/video/str-6/,"5. ročník 2. díl, strana 6, cvičení 1",nCN7cruIdYY,https://www.youtube.com/watch?v=nCN7cruIdYY
"5. ročník, 2. díl",https://www.matyskova-matematika.cz/5-rocnik-2-dil/video/str-6/,"5. ročník 2. díl, strana 6, cvičení 2",jhJkFRIv28s,https://www.youtube.com/watch?v=jhJkFRIv28s
"5. ročník, 2. díl",https://www.matyskova-matematika.cz/5-rocnik-2-dil/video/str-6/,"5. ročník 2. díl, strana 6, cvičení 3",rdw58ssrVDs,https://www.youtube.com/watch?v=rdw58ssrVDs
"5. ročník, 2. díl",https://www.matyskova-matematika.cz/5-rocnik-2-dil/video/str-6/,"5. ročník 2. díl, strana 6, cvičení 4",6XbWx9Zxwck,https://www.youtube.com/watch?v=6XbWx9Zxwck
"5. ročník, 2. díl",https://www.matyskova-matematika.cz/5-rocnik-2-dil/video/str-6/,"5. ročník 2. díl, strana 6, cvičení 5",3PCYhY8MXu4,https://www.youtube.com/watch?v=3PCYhY8MXu4
"5. ročník, 2. díl",https://www.matyskova-matematika.cz/5-rocnik-2-dil/video/str-7/,"5. ročník 2. díl, strana 7, cvičení 1",GjU52uCSyl8,https://www.youtube.com/watch?v=GjU52uCSyl8
"5. ročník, 2. díl",https://www.matyskova-matematika.cz/5-rocnik-2-dil/video/str-7/,"5. ročník 2. díl, strana 7, cvičení 2",235_QTMgPUE,https://www.youtube.com/watch?v=235_QTMgPUE
"5. ročník, 2. díl",https://www.matyskova-matematika.cz/5-rocnik-2-dil/video/str-7/,"5. ročník 2. díl, strana 7, cvičení 3 a",KlxxMioonyM,https://www.youtube.com/watch?v=KlxxMioonyM
"5. ročník, 2. díl",https://www.matyskova-matematika.cz/5-rocnik-2-dil/video/str-7/,"5. ročník 2. díl, strana 7, cvičení 3 b",UD3F6VRlm_I,https://www.youtube.com/watch?v=UD3F6VRlm_I
"5. ročník, 2. díl",https://www.matyskova-matematika.cz/5-rocnik-2-dil/video/str-7/,"5. ročník 2. díl, strana 7, cvičení 3 c",N823NzTvYDA,https://www.youtube.com/watch?v=N823NzTvYDA
"5. ročník, 2. díl",https://www.matyskova-matematika.cz/5-rocnik-2-dil/video/str-7/,"5. ročník 2. díl, strana 7, cvičení 4",jvLGjCKahU4,https://www.youtube.com/watch?v=jvLGjCKahU4
"5. ročník, 2. díl",https://www.matyskova-matematika.cz/5-rocnik-2-dil/video/str-7/,"5. ročník 2. díl, strana 7, cvičení 5",E1iuFnUrVGg,https://www.youtube.com/watch?v=E1iuFnUrVGg
"5. ročník, 2. díl",https://www.matyskova-matematika.cz/5-rocnik-2-dil/video/str-7/,"5. ročník 2. díl, strana 7, cvičení 6",LDmbib9MHOc,https://www.youtube.com/watch?v=LDmbib9MHOc
"5. ročník, 2. díl",https://www.matyskova-matematika.cz/5-rocnik-2-dil/video/str-7/,"5. ročník 2. díl, strana 7, cvičení 7",rtMpc3IMvG8,https://www.youtube.com/watch?v=rtMpc3IMvG8
"5. ročník, 2. díl",https://www.matyskova-matematika.cz/5-rocnik-2-dil/video/str-8/,"5. ročník 2. díl, strana 8, cvičení 1",k6bgPJvhFcU,https://www.youtube.com/watch?v=k6bgPJvhFcU
"5. ročník, 2. díl",https://www.matyskova-matematika.cz/5-rocnik-2-dil/video/str-8/,"5. ročník 2. díl, strana 8, cvičení 2",jwBO1B8Ofew,https://www.youtube.com/watch?v=jwBO1B8Ofew
"5. ročník, 2. díl",https://www.matyskova-matematika.cz/5-rocnik-2-dil/video/str-8/,"5. ročník 2. díl, strana 8, cvičení 3",9vV10PmbdXI,https://www.youtube.com/watch?v=9vV10PmbdXI
"5. ročník, 2. díl",https://www.matyskova-matematika.cz/5-rocnik-2-dil/video/str-8/,"5. ročník 2. díl, strana 8, cvičení 4",Ph2-vj_S4IA,https://www.youtube.com/watch?v=Ph2-vj_S4IA
"5. ročník, 2. díl",https://www.matyskova-matematika.cz/5-rocnik-2-dil/video/str-9/,"5. ročník 2. díl, strana 9, cvičení 1",mbcR12sQfOo,https://www.youtube.com/watch?v=mbcR12sQfOo
"5. ročník, 2. díl",https://www.matyskova-matematika.cz/5-rocnik-2-dil/video/str-9/,"5. ročník 2. díl, strana 9, cvičení 2",OaT_iG7961Q,https://www.youtube.com/watch?v=OaT_iG7961Q
"5. ročník, 2. díl",https://www.matyskova-matematika.cz/5-rocnik-2-dil/video/str-9/,"5. ročník 2. díl, strana 9, cvičení 3",ajQpYQU250s,https://www.youtube.com/watch?v=ajQpYQU250s
"5. ročník, 2. díl",https://www.matyskova-matematika.cz/5-rocnik-2-dil/video/str-9/,"5. ročník 2. díl, strana 9, cvičení 4",YAph3s_QRV0,https://www.youtube.com/watch?v=YAph3s_QRV0
"5. ročník, 2. díl",https://www.matyskova-matematika.cz/5-rocnik-2-dil/video/str-10/,"5. ročník 2. díl, strana 10, cvičení 1",DhntcRe-j6w,https://www.youtube.com/watch?v=DhntcRe-j6w
"5. ročník, 2. díl",https://www.matyskova-matematika.cz/5-rocnik-2-dil/video/str-10/,"5. ročník 2. díl, strana 10, cvičení 2",wjnAfFktjQA,https://www.youtube.com/watch?v=wjnAfFktjQA
"5. ročník, 2. díl",https://www.matyskova-matematika.cz/5-rocnik-2-dil/video/str-10/,"5. ročník 2. díl, strana 10, cvičení 3",dKuz-_IGt7c,https://www.youtube.com/watch?v=dKuz-_IGt7c
"5. ročník, 2. díl",https://www.matyskova-matematika.cz/5-rocnik-2-dil/video/str-10/,"5. ročník 2. díl, strana 10, cvičení 4",djVUS5iTvm0,https://www.youtube.com/watch?v=djVUS5iTvm0
"5. ročník, 2. díl",https://www.matyskova-matematika.cz/5-rocnik-2-dil/video/str-10/,"5. ročník 2. díl, strana 10, cvičení 5",lxowHbil-0k,https://www.youtube.com/watch?v=lxowHbil-0k
"5. ročník, 2. díl",https://www.matyskova-matematika.cz/5-rocnik-2-dil/video/str-10/,"5. ročník 2. díl, strana 10, cvičení 6",4k4eYaYh9ds,https://www.youtube.com/watch?v=4k4eYaYh9ds
"5. ročník, 2. díl",https://www.matyskova-matematika.cz/5-rocnik-2-dil/video/str-11/,"5. ročník 2. díl, strana 11, cvičení 1",V82wmdY62pc,https://www.youtube.com/watch?v=V82wmdY62pc
"5. ročník, 2. díl",https://www.matyskova-matematika.cz/5-rocnik-2-dil/video/str-11/,"5. ročník 2. díl, strana 11, cvičení 2",c14j2522_m0,https://www.youtube.com/watch?v=c14j2522_m0
"5. ročník, 2. díl",https://www.matyskova-matematika.cz/5-rocnik-2-dil/video/str-11/,"5. ročník 2. díl, strana 11, cvičení 3",t15w5hiqJ1U,https://www.youtube.com/watch?v=t15w5hiqJ1U
"5. ročník, 2. díl",https://www.matyskova-matematika.cz/5-rocnik-2-dil/video/str-11/,"5. ročník 2. díl, strana 11, cvičení 4",M9kefu5Rfbk,https://www.youtube.com/watch?v=M9kefu5Rfbk
"5. ročník, 2. díl",https://www.matyskova-matematika.cz/5-rocnik-2-dil/video/str-11/,"5. ročník 2. díl, strana 11, cvičení 5",JVbuktgXkFo,https://www.youtube.com/watch?v=JVbuktgXkFo
"5. ročník, 2. díl",https://www.matyskova-matematika.cz/5-rocnik-2-dil/video/str-11/,"5. ročník 2. díl, strana 11, cvičení 6",YBrIQmS3N-M,https://www.youtube.com/watch?v=YBrIQmS3N-M
"5. ročník, 2. díl",https://www.matyskova-matematika.cz/5-rocnik-2-dil/video/str-11/,"5. ročník 2. díl, strana 11, cvičení 7",bhpiYiPOyU8,https://www.youtube.com/watch?v=bhpiYiPOyU8
"5. ročník, 2. díl",https://www.matyskova-matematika.cz/5-rocnik-2-dil/video/str-12/,"5. ročník 2. díl, strana 12, cvičení 1",k3oYow_JB88,https://www.youtube.com/watch?v=k3oYow_JB88
"5. ročník, 2. díl",https://www.matyskova-matematika.cz/5-rocnik-2-dil/video/str-12/,"5. ročník 2. díl, strana 12, cvičení 2",cXQCBr3mOBU,https://www.youtube.com/watch?v=cXQCBr3mOBU
"5. ročník, 2. díl",https://www.matyskova-matematika.cz/5-rocnik-2-dil/video/str-12/,"5. ročník 2. díl, strana 12, cvičení 3",Yuwdg-Vgkck,https://www.youtube.com/watch?v=Yuwdg-Vgkck
"5. ročník, 2. díl",https://www.matyskova-matematika.cz/5-rocnik-2-dil/video/str-12/,"5. ročník 2. díl, strana 12, cvičení 4",J2RppEnSbIo,https://www.youtube.com/watch?v=J2RppEnSbIo
"5. ročník, 2. díl",https://www.matyskova-matematika.cz/5-rocnik-2-dil/video/str-12/,"5. ročník 2. díl, strana 12, cvičení 5",-_6E0xZGgs4,https://www.youtube.com/watch?v=-_6E0xZGgs4
"5. ročník, 2. díl",https://www.matyskova-matematika.cz/5-rocnik-2-dil/video/str-13/,"5. ročník 2. díl, strana 13, cvičení 1",y1OFv5n8EKA,https://www.youtube.com/watch?v=y1OFv5n8EKA
"5. ročník, 2. díl",https://www.matyskova-matematika.cz/5-rocnik-2-dil/video/str-13/,"5. ročník 2. díl, strana 13, cvičení 2",Om35pPz6PYk,https://www.youtube.com/watch?v=Om35pPz6PYk
"5. ročník, 2. díl",https://www.matyskova-matematika.cz/5-rocnik-2-dil/video/str-13/,"5. ročník 2. díl, strana 13, cvičení 3",XSOX6uMy0W0,https://www.youtube.com/watch?v=XSOX6uMy0W0
"5. ročník, 2. díl",https://www.matyskova-matematika.cz/5-rocnik-2-dil/video/str-13/,"5. ročník 2. díl, strana 13, cvičení 4",WsowqNjDXvE,https://www.youtube.com/watch?v=WsowqNjDXvE
"5. ročník, 2. díl",https://www.matyskova-matematika.cz/5-rocnik-2-dil/video/str-13/,"5. ročník 2. díl, strana 13, cvičení 5",cSjwaYb1yt8,https://www.youtube.com/watch?v=cSjwaYb1yt8
"5. ročník, 2. díl",https://www.matyskova-matematika.cz/5-rocnik-2-dil/video/str-14/,"5. ročník 2. díl, strana 14, cvičení 1",KT1xqtawg48,https://www.youtube.com/watch?v=KT1xqtawg48
"5. ročník, 2. díl",https://www.matyskova-matematika.cz/5-rocnik-2-dil/video/str-14/,"5. ročník 2. díl, strana 14, cvičení 2",zh_G68YiOAA,https://www.youtube.com/watch?v=zh_G68YiOAA
"5. ročník, 2. díl",https://www.matyskova-matematika.cz/5-rocnik-2-dil/video/str-14/,"5. ročník 2. díl, strana 14, cvičení 3",YUKBFCudTrM,https://www.youtube.com/watch?v=YUKBFCudTrM
"5. ročník, 2. díl",https://www.matyskova-matematika.cz/5-rocnik-2-dil/video/str-14/,"5. ročník 2. díl, strana 14, cvičení 4",hv_PkUV1X-k,https://www.youtube.com/watch?v=hv_PkUV1X-k
"5. ročník, 2. díl",https://www.matyskova-matematika.cz/5-rocnik-2-dil/video/str-14/,"5. ročník 2. díl, strana 14, cvičení 5",dYsjwHB-bME,https://www.youtube.com/watch?v=dYsjwHB-bME
"5. ročník, 2. díl",https://www.matyskova-matematika.cz/5-rocnik-2-dil/video/str-15/,"5. ročník 2. díl, strana 15, cvičení 1",avYgvAPDSu8,https://www.youtube.com/watch?v=avYgvAPDSu8
"5. ročník, 2. díl",https://www.matyskova-matematika.cz/5-rocnik-2-dil/video/str-15/,"5. ročník 2. díl, strana 15, cvičení 2",bXr5Kw0v33s,https://www.youtube.com/watch?v=bXr5Kw0v33s
"5. ročník, 2. díl",https://www.matyskova-matematika.cz/5-rocnik-2-dil/video/str-15/,"5. ročník 2. díl, strana 15, cvičení 3",WZkCpll-_9w,https://www.youtube.com/watch?v=WZkCpll-_9w
"5. ročník, 2. díl",https://www.matyskova-matematika.cz/5-rocnik-2-dil/video/str-15/,"5. ročník 2. díl, strana 15, cvičení 4",ILJMsjt7us4,https://www.youtube.com/watch?v=ILJMsjt7us4
"5. ročník, 2. díl",https://www.matyskova-matematika.cz/5-rocnik-2-dil/video/str-15/,"5. ročník 2. díl, strana 15, cvičení 5",9RXdSeYOvpo,https://www.youtube.com/watch?v=9RXdSeYOvpo
"5. ročník, 2. díl",https://www.matyskova-matematika.cz/5-rocnik-2-dil/video/str-15/,"5. ročník 2. díl, strana 15, cvičení 6",9nny1hNM7Rc,https://www.youtube.com/watch?v=9nny1hNM7Rc
"5. ročník, 2. díl",https://www.matyskova-matematika.cz/5-rocnik-2-dil/video/str-15/,"5. ročník 2. díl, strana 15, cvičení 7",60Q3yymIzuw,https://www.youtube.com/watch?v=60Q3yymIzuw
"5. ročník, 2. díl",https://www.matyskova-matematika.cz/5-rocnik-2-dil/video/str-16/,"5. ročník 2. díl, strana 16, cvičení 1",oyyxi9RseKc,https://www.youtube.com/watch?v=oyyxi9RseKc
"5. ročník, 2. díl",https://www.matyskova-matematika.cz/5-rocnik-2-dil/video/str-16/,"5. ročník 2. díl, strana 16, cvičení 2",M6rd-q_HjsA,https://www.youtube.com/watch?v=M6rd-q_HjsA
"5. ročník, 2. díl",https://www.matyskova-matematika.cz/5-rocnik-2-dil/video/str-16/,"5. ročník 2. díl, strana 16, cvičení 3",2Pt57qikmsY,https://www.youtube.com/watch?v=2Pt57qikmsY
"5. ročník, 2. díl",https://www.matyskova-matematika.cz/5-rocnik-2-dil/video/str-16/,"5. ročník 2. díl, strana 16, cvičení 4",43cAgak9j_8,https://www.youtube.com/watch?v=43cAgak9j_8
"5. ročník, 2. díl",https://www.matyskova-matematika.cz/5-rocnik-2-dil/video/str-16/,"5. ročník 2. díl, strana 16, cvičení 5",IysAJFiAhE0,https://www.youtube.com/watch?v=IysAJFiAhE0
"5. ročník, 2. díl",https://www.matyskova-matematika.cz/5-rocnik-2-dil/video/str-17/,"5. ročník 2. díl, strana 17, cvičení 1",blc4N07PmNw,https://www.youtube.com/watch?v=blc4N07PmNw
"5. ročník, 2. díl",https://www.matyskova-matematika.cz/5-rocnik-2-dil/video/str-17/,"5. ročník 2. díl, strana 17, cvičení 2",4SjaNYLTNCE,https://www.youtube.com/watch?v=4SjaNYLTNCE
"5. ročník, 2. díl",https://www.matyskova-matematika.cz/5-rocnik-2-dil/video/str-17/,"5. ročník 2. díl, strana 17, cvičení 3",At6zLU3HJi8,https://www.youtube.com/watch?v=At6zLU3HJi8
"5. ročník, 2. díl",https://www.matyskova-matematika.cz/5-rocnik-2-dil/video/str-18/,"5. ročník 2. díl, strana 18, cvičení 1",muycYgNM84g,https://www.youtube.com/watch?v=muycYgNM84g
"5. ročník, 2. díl",https://www.matyskova-matematika.cz/5-rocnik-2-dil/video/str-18/,"5. ročník 2. díl, strana 18, cvičení 2",36rUUlRWa7w,https://www.youtube.com/watch?v=36rUUlRWa7w
"5. ročník, 2. díl",https://www.matyskova-matematika.cz/5-rocnik-2-dil/video/str-18/,"5. ročník 2. díl, strana 18, cvičení 3",qbUcEsLVimA,https://www.youtube.com/watch?v=qbUcEsLVimA
"5. ročník, 2. díl",https://www.matyskova-matematika.cz/5-rocnik-2-dil/video/str-18/,"5. ročník 2. díl, strana 18, cvičení 4",pr4hv9ffAfw,https://www.youtube.com/watch?v=pr4hv9ffAfw
"5. ročník, 2. díl",https://www.matyskova-matematika.cz/5-rocnik-2-dil/video/str-18/,"5. ročník 2. díl, strana 18, cvičení 5",Omi4FWpGj_8,https://www.youtube.com/watch?v=Omi4FWpGj_8
"5. ročník, 2. díl",https://www.matyskova-matematika.cz/5-rocnik-2-dil/video/str-19/,"5. ročník 2. díl, strana 19, cvičení 1",NkN4uCIruXU,https://www.youtube.com/watch?v=NkN4uCIruXU
"5. ročník, 2. díl",https://www.matyskova-matematika.cz/5-rocnik-2-dil/video/str-19/,"5. ročník 2. díl, strana 19, cvičení 2",c89QpQ1UkrM,https://www.youtube.com/watch?v=c89QpQ1UkrM
"5. ročník, 2. díl",https://www.matyskova-matematika.cz/5-rocnik-2-dil/video/str-19/,"5. ročník 2. díl, strana 19, cvičení 3",LtGua3nOUPY,https://www.youtube.com/watch?v=LtGua3nOUPY
"5. ročník, 2. díl",https://www.matyskova-matematika.cz/5-rocnik-2-dil/video/str-19/,"5. ročník 2. díl, strana 19, cvičení 4",vDMZz-Hj8ts,https://www.youtube.com/watch?v=vDMZz-Hj8ts
"5. ročník, 2. díl",https://www.matyskova-matematika.cz/5-rocnik-2-dil/video/str-19/,"5. ročník 2. díl, strana 19, cvičení 5",8kepRG3nxHM,https://www.youtube.com/watch?v=8kepRG3nxHM
"5. ročník, 2. díl",https://www.matyskova-matematika.cz/5-rocnik-2-dil/video/str-19/,"5. ročník 2. díl, strana 19, cvičení 6",_FLsJOwN4QA,https://www.youtube.com/watch?v=_FLsJOwN4QA
"5. ročník, 2. díl",https://www.matyskova-matematika.cz/5-rocnik-2-dil/video/str-19/,"5. ročník 2. díl, strana 19, cvičení 7",DmI2LZC6IdI,https://www.youtube.com/watch?v=DmI2LZC6IdI
"5. ročník, 2. díl",https://www.matyskova-matematika.cz/5-rocnik-2-dil/video/str-20/,"5. ročník 2. ročník, strana 20, cvičení 1",_9qosHCrH7w,https://www.youtube.com/watch?v=_9qosHCrH7w
"5. ročník, 2. díl",https://www.matyskova-matematika.cz/5-rocnik-2-dil/video/str-20/,"5. ročník 2. ročník, strana 20, cvičení 2",7o9UYg90uAQ,https://www.youtube.com/watch?v=7o9UYg90uAQ
"5. ročník, 2. díl",https://www.matyskova-matematika.cz/5-rocnik-2-dil/video/str-20/,"5. ročník 2. ročník, strana 20, cvičení 3",tr5qkDtR3XA,https://www.youtube.com/watch?v=tr5qkDtR3XA
"5. ročník, 2. díl",https://www.matyskova-matematika.cz/5-rocnik-2-dil/video/str-20/,"5. ročník 2. ročník, strana 20, cvičení 4",CjzqhVpg8pc,https://www.youtube.com/watch?v=CjzqhVpg8pc
"5. ročník, 2. díl",https://www.matyskova-matematika.cz/5-rocnik-2-dil/video/str-20/,"5. ročník 2. ročník, strana 20, cvičení 5",gPMX0j3kaxg,https://www.youtube.com/watch?v=gPMX0j3kaxg
"5. ročník, 2. díl",https://www.matyskova-matematika.cz/5-rocnik-2-dil/video/str-20/,"5. ročník 2. ročník, strana 20, cvičení 6",7i8MhWRtKbY,https://www.youtube.com/watch?v=7i8MhWRtKbY
"5. ročník, 2. díl",https://www.matyskova-matematika.cz/5-rocnik-2-dil/video/str-20/,"5. ročník 2. ročník, strana 20, cvičení 7",8aGknJ-eclY,https://www.youtube.com/watch?v=8aGknJ-eclY
"5. ročník, 2. díl",https://www.matyskova-matematika.cz/5-rocnik-2-dil/video/str-21/,"5. ročník 2. díl, strana 21, cvičení 1",2IJHRB97Gqs,https://www.youtube.com/watch?v=2IJHRB97Gqs
"5. ročník, 2. díl",https://www.matyskova-matematika.cz/5-rocnik-2-dil/video/str-21/,"5. ročník 2. díl, strana 21, cvičení 2",IPLLUvWjsHs,https://www.youtube.com/watch?v=IPLLUvWjsHs
"5. ročník, 2. díl",https://www.matyskova-matematika.cz/5-rocnik-2-dil/video/str-21/,"5. ročník 2. díl, strana 21, cvičení 3",U-Pjm0_vuzQ,https://www.youtube.com/watch?v=U-Pjm0_vuzQ
"5. ročník, 2. díl",https://www.matyskova-matematika.cz/5-rocnik-2-dil/video/str-21/,"5. ročník 2. díl, strana 21, cvičení 4",Kb1TePMsgNI,https://www.youtube.com/watch?v=Kb1TePMsgNI
"5. ročník, 2. díl",https://www.matyskova-matematika.cz/5-rocnik-2-dil/video/str-21/,"5. ročník 2. díl, strana 21, cvičení 5",M0jxJ3GBs8c,https://www.youtube.com/watch?v=M0jxJ3GBs8c
"5. ročník, 2. díl",https://www.matyskova-matematika.cz/5-rocnik-2-dil/video/str-22/,"5. ročník 2. díl, strana 22, cvičení 1",Jhi3cVHaTQY,https://www.youtube.com/watch?v=Jhi3cVHaTQY
"5. ročník, 2. díl",https://www.matyskova-matematika.cz/5-rocnik-2-dil/video/str-22/,"5. ročník 2. díl, strana 22, cvičení 2",RZsQTMWrd4Q,https://www.youtube.com/watch?v=RZsQTMWrd4Q
"5. ročník, 2. díl",https://www.matyskova-matematika.cz/5-rocnik-2-dil/video/str-22/,"5. ročník 2. díl, strana 22, cvičení 3",6MW7L_CafAs,https://www.youtube.com/watch?v=6MW7L_CafAs
"5. ročník, 2. díl",https://www.matyskova-matematika.cz/5-rocnik-2-dil/video/str-22/,"5. ročník 2. díl, strana 22, cvičení 4",mpHRGpC18xM,https://www.youtube.com/watch?v=mpHRGpC18xM
"5. ročník, 2. díl",https://www.matyskova-matematika.cz/5-rocnik-2-dil/video/str-22/,"5. ročník 2. díl, strana 22, cvičení 5",vrtSGPgKOaE,https://www.youtube.com/watch?v=vrtSGPgKOaE
"5. ročník, 2. díl",https://www.matyskova-matematika.cz/5-rocnik-2-dil/video/str-22/,"5. ročník 2. díl, strana 22, cvičení 6",odF6VD9TRYE,https://www.youtube.com/watch?v=odF6VD9TRYE
"5. ročník, 2. díl",https://www.matyskova-matematika.cz/5-rocnik-2-dil/video/str-22/,"5. ročník 2. díl, strana 22, cvičení 7",9w4DISrMacU,https://www.youtube.com/watch?v=9w4DISrMacU
"5. ročník, 2. díl",https://www.matyskova-matematika.cz/5-rocnik-2-dil/video/str-22/,"5. ročník 2. díl, strana 22, cvičení 8",pf4Sl5p4E8M,https://www.youtube.com/watch?v=pf4Sl5p4E8M
"5. ročník, 2. díl",https://www.matyskova-matematika.cz/5-rocnik-2-dil/video/str-22/,"5. ročník 2. díl, strana 22, cvičení 9",-Mml5dsDsCE,https://www.youtube.com/watch?v=-Mml5dsDsCE
"5. ročník, 2. díl",https://www.matyskova-matematika.cz/5-rocnik-2-dil/video/str-23/,"5. ročník 2. díl, strana 23, cvičení 1",8qvPT3HF3s8,https://www.youtube.com/watch?v=8qvPT3HF3s8
"5. ročník, 2. díl",https://www.matyskova-matematika.cz/5-rocnik-2-dil/video/str-23/,"5. ročník 2. díl, strana 23, cvičení 2",rHXTqOCxrbA,https://www.youtube.com/watch?v=rHXTqOCxrbA
"5. ročník, 2. díl",https://www.matyskova-matematika.cz/5-rocnik-2-dil/video/str-23/,"5. ročník 2. díl, strana 23, cvičení 3",b94ffzdUPQU,https://www.youtube.com/watch?v=b94ffzdUPQU
"5. ročník, 2. díl",https://www.matyskova-matematika.cz/5-rocnik-2-dil/video/str-23/,"5. ročník 2. díl, strana 23, cvičení 4",S_OcQS_qz8c,https://www.youtube.com/watch?v=S_OcQS_qz8c
"5. ročník, 2. díl",https://www.matyskova-matematika.cz/5-rocnik-2-dil/video/str-24/,"5. ročník 2. díl, strana 24, cvičení 1",6Gioll1Lans,https://www.youtube.com/watch?v=6Gioll1Lans
"5. ročník, 2. díl",https://www.matyskova-matematika.cz/5-rocnik-2-dil/video/str-24/,"5. ročník 2. díl, strana 24, cvičení 2",9lHxvYuVEj4,https://www.youtube.com/watch?v=9lHxvYuVEj4
"5. ročník, 2. díl",https://www.matyskova-matematika.cz/5-rocnik-2-dil/video/str-24/,"5. ročník 2. díl, strana 24, cvičení 3",vCsidGEFOwk,https://www.youtube.com/watch?v=vCsidGEFOwk
"5. ročník, 2. díl",https://www.matyskova-matematika.cz/5-rocnik-2-dil/video/str-24/,"5. ročník 2. díl, strana 24, cvičení 4",51RtFei1Rzw,https://www.youtube.com/watch?v=51RtFei1Rzw
"5. ročník, 2. díl",https://www.matyskova-matematika.cz/5-rocnik-2-dil/video/str-24/,"5. ročník 2. díl, strana 24, cvičení 5",Dh3ScbJnOkE,https://www.youtube.com/watch?v=Dh3ScbJnOkE
"5. ročník, 2. díl",https://www.matyskova-matematika.cz/5-rocnik-2-dil/video/str-24/,"5. ročník 2. díl, strana 24, cvičení 6",HqRWGs2JUhE,https://www.youtube.com/watch?v=HqRWGs2JUhE
"5. ročník, 2. díl",https://www.matyskova-matematika.cz/5-rocnik-2-dil/video/str-24/,"5. ročník 2. díl, strana 24, cvičení 7",JntlaaR6PQ4,https://www.youtube.com/watch?v=JntlaaR6PQ4
"5. ročník, 2. díl",https://www.matyskova-matematika.cz/5-rocnik-2-dil/video/str-25/,"5. ročník 2. díl, strana 25, cvičení 1",YEv_PFZaKGo,https://www.youtube.com/watch?v=YEv_PFZaKGo
"5. ročník, 2. díl",https://www.matyskova-matematika.cz/5-rocnik-2-dil/video/str-25/,"5. ročník 2. díl, strana 25, cvičení 2",M_pWCv7mb7c,https://www.youtube.com/watch?v=M_pWCv7mb7c
"5. ročník, 2. díl",https://www.matyskova-matematika.cz/5-rocnik-2-dil/video/str-25/,"5. ročník 2. díl, strana 25, cvičení 3",PVUlq1u09JI,https://www.youtube.com/watch?v=PVUlq1u09JI
"5. ročník, 2. díl",https://www.matyskova-matematika.cz/5-rocnik-2-dil/video/str-25/,"5. ročník 2. díl, strana 25, cvičení 4",4Q-PzMinDFQ,https://www.youtube.com/watch?v=4Q-PzMinDFQ
"5. ročník, 2. díl",https://www.matyskova-matematika.cz/5-rocnik-2-dil/video/str-26/,"5. ročník 2. díl, strana 26, cvičení 1",Z4KXqtxuqto,https://www.youtube.com/watch?v=Z4KXqtxuqto
"5. ročník, 2. díl",https://www.matyskova-matematika.cz/5-rocnik-2-dil/video/str-26/,"5. ročník 2. díl, strana 26, cvičení 2",ZhCSUe3DIOI,https://www.youtube.com/watch?v=ZhCSUe3DIOI
"5. ročník, 2. díl",https://www.matyskova-matematika.cz/5-rocnik-2-dil/video/str-26/,"5. ročník 2. díl, strana 26, cvičení 3",h9t9hWvT_4Q,https://www.youtube.com/watch?v=h9t9hWvT_4Q
"5. ročník, 2. díl",https://www.matyskova-matematika.cz/5-rocnik-2-dil/video/str-26/,"5. ročník 2. díl, strana 26, cvičení 4",aHQGz5JMcyQ,https://www.youtube.com/watch?v=aHQGz5JMcyQ
"5. ročník, 2. díl",https://www.matyskova-matematika.cz/5-rocnik-2-dil/video/str-27/,"5. ročník 2. díl, strana 27, cvičení 1",UuqVl6RrHEA,https://www.youtube.com/watch?v=UuqVl6RrHEA
"5. ročník, 2. díl",https://www.matyskova-matematika.cz/5-rocnik-2-dil/video/str-27/,"5. ročník 2. díl, strana 27, cvičení 2",pk3Lm9ZeCxQ,https://www.youtube.com/watch?v=pk3Lm9ZeCxQ
"5. ročník, 2. díl",https://www.matyskova-matematika.cz/5-rocnik-2-dil/video/str-27/,"5. ročník 2. díl, strana 27, cvičení 3",5fU3hQDjxcw,https://www.youtube.com/watch?v=5fU3hQDjxcw
"5. ročník, 2. díl",https://www.matyskova-matematika.cz/5-rocnik-2-dil/video/str-27/,"5. ročník 2. díl, strana 27, cvičení 4",5kVD9TMccpk,https://www.youtube.com/watch?v=5kVD9TMccpk
"5. ročník, 2. díl",https://www.matyskova-matematika.cz/5-rocnik-2-dil/video/str-27/,"5. ročník 2. díl, strana 27, cvičení 5",Ca3utjeTpSA,https://www.youtube.com/watch?v=Ca3utjeTpSA
"5. ročník, 2. díl",https://www.matyskova-matematika.cz/5-rocnik-2-dil/video/str-28/,"5. ročník 2. díl, strana 28, cvičení 1",N6A_-kWxn9I,https://www.youtube.com/watch?v=N6A_-kWxn9I
"5. ročník, 2. díl",https://www.matyskova-matematika.cz/5-rocnik-2-dil/video/str-28/,"5. ročník 2. díl, strana 28, cvičení 2",pb-EmRWR51M,https://www.youtube.com/watch?v=pb-EmRWR51M
"5. ročník, 2. díl",https://www.matyskova-matematika.cz/5-rocnik-2-dil/video/str-28/,"5. ročník 2. díl, strana 28, cvičení 3",sw3uDdbrLnM,https://www.youtube.com/watch?v=sw3uDdbrLnM
"5. ročník, 2. díl",https://www.matyskova-matematika.cz/5-rocnik-2-dil/video/str-28/,"5. ročník 2. díl, strana 28, cvičení 4",iP00-iqWFzU,https://www.youtube.com/watch?v=iP00-iqWFzU
"5. ročník, 2. díl",https://www.matyskova-matematika.cz/5-rocnik-2-dil/video/str-28/,"5. ročník 2. díl, strana 28, cvičení 5",0yHibMfDVq8,https://www.youtube.com/watch?v=0yHibMfDVq8
"5. ročník, 2. díl",https://www.matyskova-matematika.cz/5-rocnik-2-dil/video/str-29/,"5. ročník 2. díl, strana 29, cvičení 1",FVBv2qQNGaw,https://www.youtube.com/watch?v=FVBv2qQNGaw
"5. ročník, 2. díl",https://www.matyskova-matematika.cz/5-rocnik-2-dil/video/str-29/,"5. ročník 2. díl, strana 29, cvičení 2",tDWGf83Q5ns,https://www.youtube.com/watch?v=tDWGf83Q5ns
"5. ročník, 2. díl",https://www.matyskova-matematika.cz/5-rocnik-2-dil/video/str-29/,"5. ročník 2. díl, strana 29, cvičení 3",Eh4n8NDUVx8,https://www.youtube.com/watch?v=Eh4n8NDUVx8
"5. ročník, 2. díl",https://www.matyskova-matematika.cz/5-rocnik-2-dil/video/str-29/,"5. ročník 2. díl, strana 29, cvičení 4",wEmhuH2cxdc,https://www.youtube.com/watch?v=wEmhuH2cxdc
"5. ročník, 2. díl",https://www.matyskova-matematika.cz/5-rocnik-2-dil/video/str-29/,"5. ročník 2. díl, strana 29, cvičení 5",48TlTEU7tZw,https://www.youtube.com/watch?v=48TlTEU7tZw
"5. ročník, 2. díl",https://www.matyskova-matematika.cz/5-rocnik-2-dil/video/str-29/,"5. ročník 2. díl, strana 29, cvičení 6",uNr8B5fShTw,https://www.youtube.com/watch?v=uNr8B5fShTw
"5. ročník, 2. díl",https://www.matyskova-matematika.cz/5-rocnik-2-dil/video/str-29/,"5. ročník 2. díl, strana 29, cvičení 7",2Xok0gn_sLE,https://www.youtube.com/watch?v=2Xok0gn_sLE
"5. ročník, 2. díl",https://www.matyskova-matematika.cz/5-rocnik-2-dil/video/str-30/,"5. ročník 2. díl, strana 30, cvičení 1",fpbLmqLNDGc,https://www.youtube.com/watch?v=fpbLmqLNDGc
"5. ročník, 2. díl",https://www.matyskova-matematika.cz/5-rocnik-2-dil/video/str-30/,"5. ročník 2. díl, strana 30, cvičení 2",aQ4W8dmtePs,https://www.youtube.com/watch?v=aQ4W8dmtePs
"5. ročník, 2. díl",https://www.matyskova-matematika.cz/5-rocnik-2-dil/video/str-30/,"5. ročník 2. díl, strana 30, cvičení 3",pzozQX9T3ig,https://www.youtube.com/watch?v=pzozQX9T3ig
"5. ročník, 2. díl",https://www.matyskova-matematika.cz/5-rocnik-2-dil/video/str-30/,"5. ročník 2. díl, strana 30, cvičení 4",cuwgD4jVJlk,https://www.youtube.com/watch?v=cuwgD4jVJlk
"5. ročník, 2. díl",https://www.matyskova-matematika.cz/5-rocnik-2-dil/video/str-30/,"5. ročník 2. díl, strana 30, cvičení 5",8GkM3IijXBE,https://www.youtube.com/watch?v=8GkM3IijXBE
"5. ročník, 2. díl",https://www.matyskova-matematika.cz/5-rocnik-2-dil/video/str-31/,"5. ročník 2. díl, strana 31, cvičení 1",tr1_F0yYPYo,https://www.youtube.com/watch?v=tr1_F0yYPYo
"5. ročník, 2. díl",https://www.matyskova-matematika.cz/5-rocnik-2-dil/video/str-31/,"5. ročník 2. díl, strana 31, cvičení 2",zA9KaMzmQz0,https://www.youtube.com/watch?v=zA9KaMzmQz0
"5. ročník, 2. díl",https://www.matyskova-matematika.cz/5-rocnik-2-dil/video/str-31/,"5. ročník 2. díl, strana 31, cvičení 3",wBK0KwYvZzI,https://www.youtube.com/watch?v=wBK0KwYvZzI
"5. ročník, 2. díl",https://www.matyskova-matematika.cz/5-rocnik-2-dil/video/str-31/,"5. ročník 2. díl, strana 31, cvičení 4",GJ_YZJbvI3o,https://www.youtube.com/watch?v=GJ_YZJbvI3o
"5. ročník, 2. díl",https://www.matyskova-matematika.cz/5-rocnik-2-dil/video/str-32/,"5. ročník 2. díl, strana 32, cvičení 1",v7F_nfIhUsI,https://www.youtube.com/watch?v=v7F_nfIhUsI
"5. ročník, 2. díl",https://www.matyskova-matematika.cz/5-rocnik-2-dil/video/str-32/,"5. ročník 2. díl, strana 32, cvičení 2",uXDNpnzEq7g,https://www.youtube.com/watch?v=uXDNpnzEq7g
"5. ročník, 2. díl",https://www.matyskova-matematika.cz/5-rocnik-2-dil/video/str-32/,"5. ročník 2. díl, strana 32, cvičení 3",UcaYrLYBPzs,https://www.youtube.com/watch?v=UcaYrLYBPzs
"5. ročník, 2. díl",https://www.matyskova-matematika.cz/5-rocnik-2-dil/video/str-32/,"5. ročník 2. díl, strana 32, cvičení 4",SbXS-qtJDKA,https://www.youtube.com/watch?v=SbXS-qtJDKA
"5. ročník, 2. díl",https://www.matyskova-matematika.cz/5-rocnik-2-dil/video/str-33/,"5. ročník 2. díl, strana 33, cvičení 1",nkh9CE7bn6A,https://www.youtube.com/watch?v=nkh9CE7bn6A
"5. ročník, 2. díl",https://www.matyskova-matematika.cz/5-rocnik-2-dil/video/str-33/,"5. ročník 2. díl, strana 33, cvičení 2",-oTTmaYg7I4,https://www.youtube.com/watch?v=-oTTmaYg7I4
"5. ročník, 2. díl",https://www.matyskova-matematika.cz/5-rocnik-2-dil/video/str-33/,"5. ročník 2. díl, strana 33, cvičení 3",JmDGAvAi92c,https://www.youtube.com/watch?v=JmDGAvAi92c
"5. ročník, 2. díl",https://www.matyskova-matematika.cz/5-rocnik-2-dil/video/str-33/,"5. ročník 2. díl, strana 33, cvičení 4",M_qKNUbzQXE,https://www.youtube.com/watch?v=M_qKNUbzQXE
"5. ročník, 2. díl",https://www.matyskova-matematika.cz/5-rocnik-2-dil/video/str-34/,"5. ročník 2. díl, strana 34, cvičení 1",jIZmCOVUtCg,https://www.youtube.com/watch?v=jIZmCOVUtCg
"5. ročník, 2. díl",https://www.matyskova-matematika.cz/5-rocnik-2-dil/video/str-34/,"5. ročník 2. díl, strana 34, cvičení 2",cOsOaGnA7lc,https://www.youtube.com/watch?v=cOsOaGnA7lc
"5. ročník, 2. díl",https://www.matyskova-matematika.cz/5-rocnik-2-dil/video/str-34/,"5. ročník 2. díl, strana 34, cvičení 3",6kAMFNspKBs,https://www.youtube.com/watch?v=6kAMFNspKBs
"5. ročník, 2. díl",https://www.matyskova-matematika.cz/5-rocnik-2-dil/video/str-34/,"5. ročník 2. díl, strana 34, cvičení 4",RlvSkVH-MA8,https://www.youtube.com/watch?v=RlvSkVH-MA8
"5. ročník, 2. díl",https://www.matyskova-matematika.cz/5-rocnik-2-dil/video/str-34/,"5. ročník 2. díl, strana 34, cvičení 5",Ms6STFFxlIA,https://www.youtube.com/watch?v=Ms6STFFxlIA
"5. ročník, 2. díl",https://www.matyskova-matematika.cz/5-rocnik-2-dil/video/str-34/,"5. ročník 2. díl, strana 34, cvičení 6",4u6skzqsPLU,https://www.youtube.com/watch?v=4u6skzqsPLU
"5. ročník, 2. díl",https://www.matyskova-matematika.cz/5-rocnik-2-dil/video/str-34/,"5. ročník 2. díl, strana 34, cvičení 7",ejigNK_zLAE,https://www.youtube.com/watch?v=ejigNK_zLAE
"5. ročník, 2. díl",https://www.matyskova-matematika.cz/5-rocnik-2-dil/video/str-35/,"5. ročník 2. díl, strana 35, cvičení 1",n_Gh6j3dwb4,https://www.youtube.com/watch?v=n_Gh6j3dwb4
"5. ročník, 2. díl",https://www.matyskova-matematika.cz/5-rocnik-2-dil/video/str-35/,"5. ročník 2. díl, strana 35, cvičení 2",HCMF8MLTz74,https://www.youtube.com/watch?v=HCMF8MLTz74
"5. ročník, 2. díl",https://www.matyskova-matematika.cz/5-rocnik-2-dil/video/str-35/,"5. ročník 2. díl, strana 35, cvičení 3",gtjeqd_ZOYo,https://www.youtube.com/watch?v=gtjeqd_ZOYo
"5. ročník, 2. díl",https://www.matyskova-matematika.cz/5-rocnik-2-dil/video/str-35/,"5. ročník 2. díl, strana 35, cvičení 4",LIgIVP7x3B8,https://www.youtube.com/watch?v=LIgIVP7x3B8
"5. ročník, 2. díl",https://www.matyskova-matematika.cz/5-rocnik-2-dil/video/str-35/,"5. ročník 2. díl, strana 35, cvičení 5",-Zh3KWNam4k,https://www.youtube.com/watch?v=-Zh3KWNam4k
"5. ročník, 2. díl",https://www.matyskova-matematika.cz/5-rocnik-2-dil/video/str-36/,"5. ročník 2. díl, strana 36, cvičení 1",mPDZyxGh3Bw,https://www.youtube.com/watch?v=mPDZyxGh3Bw
"5. ročník, 2. díl",https://www.matyskova-matematika.cz/5-rocnik-2-dil/video/str-36/,"5. ročník 2. díl, strana 36, cvičení 2",Gp6Q6sR0OuA,https://www.youtube.com/watch?v=Gp6Q6sR0OuA
"5. ročník, 2. díl",https://www.matyskova-matematika.cz/5-rocnik-2-dil/video/str-36/,"5. ročník 2. díl, strana 36, cvičení 3",vzjhnm1Q9_Q,https://www.youtube.com/watch?v=vzjhnm1Q9_Q
"5. ročník, 2. díl",https://www.matyskova-matematika.cz/5-rocnik-2-dil/video/str-36/,"5. ročník 2. díl, strana 36, cvičení 4",5uUnF2CZOBY,https://www.youtube.com/watch?v=5uUnF2CZOBY
"5. ročník, 2. díl",https://www.matyskova-matematika.cz/5-rocnik-2-dil/video/str-37/,"5. ročník 2. díl, strana 37, cvičení 1",bPRPylOVPd8,https://www.youtube.com/watch?v=bPRPylOVPd8
"5. ročník, 2. díl",https://www.matyskova-matematika.cz/5-rocnik-2-dil/video/str-37/,"5. ročník 2. díl, strana 37, cvičení 2",wjS3-XII_nc,https://www.youtube.com/watch?v=wjS3-XII_nc
"5. ročník, 2. díl",https://www.matyskova-matematika.cz/5-rocnik-2-dil/video/str-37/,"5. ročník 2. díl, strana 37, cvičení 3",D9NI-cALr7w,https://www.youtube.com/watch?v=D9NI-cALr7w
"5. ročník, 2. díl",https://www.matyskova-matematika.cz/5-rocnik-2-dil/video/str-37/,"5. ročník 2. díl, strana 37, cvičení 4",uSY5HJsvcqs,https://www.youtube.com/watch?v=uSY5HJsvcqs
"5. ročník, 2. díl",https://www.matyskova-matematika.cz/5-rocnik-2-dil/video/str-38/,"5. ročník 2. díl, strana 38, cvičení 1",PfV0xMkAO0k,https://www.youtube.com/watch?v=PfV0xMkAO0k
"5. ročník, 2. díl",https://www.matyskova-matematika.cz/5-rocnik-2-dil/video/str-38/,"5. ročník 2. díl, strana 38, cvičení 2",8g7ljST7RJk,https://www.youtube.com/watch?v=8g7ljST7RJk
"5. ročník, 2. díl",https://www.matyskova-matematika.cz/5-rocnik-2-dil/video/str-38/,"5. ročník 2. díl, strana 38, cvičení 3",iSfOvspfaQU,https://www.youtube.com/watch?v=iSfOvspfaQU
"5. ročník, 2. díl",https://www.matyskova-matematika.cz/5-rocnik-2-dil/video/str-38/,"5. ročník 2. díl, strana 38, cvičení 4",gn5purgRyNE,https://www.youtube.com/watch?v=gn5purgRyNE
"5. ročník, 2. díl",https://www.matyskova-matematika.cz/5-rocnik-2-dil/video/str-38/,"5. ročník 2. díl, strana 38, cvičení 5",GRlQkYm4d5Y,https://www.youtube.com/watch?v=GRlQkYm4d5Y
"5. ročník, 2. díl",https://www.matyskova-matematika.cz/5-rocnik-2-dil/video/str-39/,"5. ročník 2. díl, strana 39, cvičení 1",As0lF_c8s84,https://www.youtube.com/watch?v=As0lF_c8s84
"5. ročník, 2. díl",https://www.matyskova-matematika.cz/5-rocnik-2-dil/video/str-39/,"5. ročník 2. díl, strana 39, cvičení 2",DzNB6SDpEDk,https://www.youtube.com/watch?v=DzNB6SDpEDk
"5. ročník, 2. díl",https://www.matyskova-matematika.cz/5-rocnik-2-dil/video/str-39/,"5. ročník 2. díl, strana 39, cvičení 3",EM_X5yZea_U,https://www.youtube.com/watch?v=EM_X5yZea_U
"5. ročník, 2. díl",https://www.matyskova-matematika.cz/5-rocnik-2-dil/video/str-39/,"5. ročník 2. díl, strana 39, cvičení 4",FTUvFMY7Q7I,https://www.youtube.com/watch?v=FTUvFMY7Q7I
"5. ročník, 2. díl",https://www.matyskova-matematika.cz/5-rocnik-2-dil/video/str-39/,"5. ročník 2. díl, strana 39, cvičení 5",80EMbzIKMm8,https://www.youtube.com/watch?v=80EMbzIKMm8
"5. ročník, 2. díl",https://www.matyskova-matematika.cz/5-rocnik-2-dil/video/str-39/,"5. ročník 2. díl, strana 39, cvičení 6",mENPquZfCWQ,https://www.youtube.com/watch?v=mENPquZfCWQ
"5. ročník, 2. díl",https://www.matyskova-matematika.cz/5-rocnik-2-dil/video/str-39/,"5. ročník 2. díl, strana 39, cvičení 7",ZuBkBlJXwRk,https://www.youtube.com/watch?v=ZuBkBlJXwRk
"5. ročník, 2. díl",https://www.matyskova-matematika.cz/5-rocnik-2-dil/video/str-40/,"5. ročník 2. díl, strana 40, cvičení 1",1hWuG0Xuq_E,https://www.youtube.com/watch?v=1hWuG0Xuq_E
"5. ročník, 2. díl",https://www.matyskova-matematika.cz/5-rocnik-2-dil/video/str-40/,"5. ročník 2. díl, strana 40, cvičení 2",qsVbcA0hoiU,https://www.youtube.com/watch?v=qsVbcA0hoiU
"5. ročník, 2. díl",https://www.matyskova-matematika.cz/5-rocnik-2-dil/video/str-41/,"5. ročník 2. díl, strana 41, cvičení 1",Fp9AlI7H4-k,https://www.youtube.com/watch?v=Fp9AlI7H4-k
"5. ročník, 2. díl",https://www.matyskova-matematika.cz/5-rocnik-2-dil/video/str-41/,"5. ročník 2. díl, strana 41, cvičení 2",frN_SnVRtXc,https://www.youtube.com/watch?v=frN_SnVRtXc
"5. ročník, 2. díl",https://www.matyskova-matematika.cz/5-rocnik-2-dil/video/str-41/,"5. ročník 2. díl, strana 41, cvičení 3",TQPhsEEYucc,https://www.youtube.com/watch?v=TQPhsEEYucc
"5. ročník, 2. díl",https://www.matyskova-matematika.cz/5-rocnik-2-dil/video/str-41/,"5. ročník 2. díl, strana 41, cvičení 4",FHsdHBrdLNw,https://www.youtube.com/watch?v=FHsdHBrdLNw
"5. ročník, 2. díl",https://www.matyskova-matematika.cz/5-rocnik-2-dil/video/str-42/,"5. ročník, 2. díl, strana 42, cvičení 1",fl4d0LDThEg,https://www.youtube.com/watch?v=fl4d0LDThEg
"5. ročník, 2. díl",https://www.matyskova-matematika.cz/5-rocnik-2-dil/video/str-42/,"5. ročník, 2. díl, strana 42, cvičení 2",ked0FfhKsGA,https://www.youtube.com/watch?v=ked0FfhKsGA
"5. ročník, 2. díl",https://www.matyskova-matematika.cz/5-rocnik-2-dil/video/str-43/,"5. ročník, 2. díl, strana 43, cvičení 1",5SDz0oc1Awc,https://www.youtube.com/watch?v=5SDz0oc1Awc
"5. ročník, 2. díl",https://www.matyskova-matematika.cz/5-rocnik-2-dil/video/str-43/,"5. ročník, 2. díl, strana 43, cvičení 2",-89rbJsafxQ,https://www.youtube.com/watch?v=-89rbJsafxQ
"5. ročník, 2. díl",https://www.matyskova-matematika.cz/5-rocnik-2-dil/video/str-43/,"5. ročník, 2. díl, strana 43, cvičení 3",VHoDQY0nZeM,https://www.youtube.com/watch?v=VHoDQY0nZeM
"5. ročník, 2. díl",https://www.matyskova-matematika.cz/5-rocnik-2-dil/video/str-44/,"5. ročník, 2. díl, strana 44, cvičení 1",LtukOJlN2tw,https://www.youtube.com/watch?v=LtukOJlN2tw
"5. ročník, 2. díl",https://www.matyskova-matematika.cz/5-rocnik-2-dil/video/str-44/,"5. ročník, 2. díl, strana 44, cvičení 2",Q3fAAmx1fIw,https://www.youtube.com/watch?v=Q3fAAmx1fIw
"5. ročník, 2. díl",https://www.matyskova-matematika.cz/5-rocnik-2-dil/video/str-44/,"5. ročník, 2. díl, strana 44, cvičení 3",8hOjofEX30Y,https://www.youtube.com/watch?v=8hOjofEX30Y
"5. ročník, 2. díl",https://www.matyskova-matematika.cz/5-rocnik-2-dil/video/str-45/,"5. ročník, 2. díl, strana 45, cvičení 1",TJDK0YCDbN0,https://www.youtube.com/watch?v=TJDK0YCDbN0
"5. ročník, 2. díl",https://www.matyskova-matematika.cz/5-rocnik-2-dil/video/str-45/,"5. ročník, 2. díl, strana 45, cvičení 2",c9AuNU85qJc,https://www.youtube.com/watch?v=c9AuNU85qJc
"5. ročník, 2. díl",https://www.matyskova-matematika.cz/5-rocnik-2-dil/video/str-45/,"5. ročník, 2. díl, strana 45, cvičení 3",saMmZC8b4No,https://www.youtube.com/watch?v=saMmZC8b4No
"5. ročník, 2. díl",https://www.matyskova-matematika.cz/5-rocnik-2-dil/video/str-46/,"5. ročník, 2. díl, strana 46, cvičení 1",ELSFldzMBuo,https://www.youtube.com/watch?v=ELSFldzMBuo
"5. ročník, 2. díl",https://www.matyskova-matematika.cz/5-rocnik-2-dil/video/str-46/,"5. ročník, 2. díl, strana 46, cvičení 2",WHuWho8Gkvc,https://www.youtube.com/watch?v=WHuWho8Gkvc
"5. ročník, 2. díl",https://www.matyskova-matematika.cz/5-rocnik-2-dil/video/str-46/,"5. ročník, 2. díl, strana 46, cvičení 3",l380hQANq-0,https://www.youtube.com/watch?v=l380hQANq-0
"5. ročník, 2. díl",https://www.matyskova-matematika.cz/5-rocnik-2-dil/video/str-46/,"5. ročník, 2. díl, strana 46, cvičení 4",C6Awm36oGbU,https://www.youtube.com/watch?v=C6Awm36oGbU
"5. ročník, 2. díl",https://www.matyskova-matematika.cz/5-rocnik-2-dil/video/str-46/,"5. ročník, 2. díl, strana 46, cvičení 5",7cQTiciM9uk,https://www.youtube.com/watch?v=7cQTiciM9uk
"5. ročník, 2. díl",https://www.matyskova-matematika.cz/5-rocnik-2-dil/video/str-46/,"5. ročník, 2. díl, strana 46, cvičení 6",vub3ocJh6qY,https://www.youtube.com/watch?v=vub3ocJh6qY
"5. ročník, 2. díl",https://www.matyskova-matematika.cz/5-rocnik-2-dil/video/str-46/,"5. ročník, 2. díl, strana 46, cvičení 7",JORw8o5_H2A,https://www.youtube.com/watch?v=JORw8o5_H2A
"5. ročník, 2. díl",https://www.matyskova-matematika.cz/5-rocnik-2-dil/video/str-47/,"5. ročník, 2. díl, strana 47, cvičení 1",il_QslODFng,https://www.youtube.com/watch?v=il_QslODFng
"5. ročník, 2. díl",https://www.matyskova-matematika.cz/5-rocnik-2-dil/video/str-47/,"5. ročník, 2. díl, strana 47, cvičení 2",DbjFwNAHnvo,https://www.youtube.com/watch?v=DbjFwNAHnvo
"5. ročník, 2. díl",https://www.matyskova-matematika.cz/5-rocnik-2-dil/video/str-47/,"5. ročník, 2. díl, strana 47, cvičení 3",0jBI6ptnwM8,https://www.youtube.com/watch?v=0jBI6ptnwM8
"5. ročník, 2. díl",https://www.matyskova-matematika.cz/5-rocnik-2-dil/video/str-47/,"5. ročník, 2. díl, strana 47, cvičení 4",q9r1W6yDbsk,https://www.youtube.com/watch?v=q9r1W6yDbsk
"5. ročník, 2. díl",https://www.matyskova-matematika.cz/5-rocnik-2-dil/video/str-47/,"5. ročník, 2. díl, strana 47, cvičení 5",zf3c6a2J9QA,https://www.youtube.com/watch?v=zf3c6a2J9QA
"5. ročník, 2. díl",https://www.matyskova-matematika.cz/5-rocnik-2-dil/video/str-48/,"5. ročník, 2. ročník, strana 48, cvičení 1 úvod",An1uk1_q6po,https://www.youtube.com/watch?v=An1uk1_q6po
"5. ročník, 2. díl",https://www.matyskova-matematika.cz/5-rocnik-2-dil/video/str-48/,"5. ročník, 2. ročník, strana 48, cvičení 1 a",I7TH_cZrN10,https://www.youtube.com/watch?v=I7TH_cZrN10
"5. ročník, 2. díl",https://www.matyskova-matematika.cz/5-rocnik-2-dil/video/str-48/,"5. ročník, 2. ročník, strana 48, cvičení 1 b",oMgtiic30io,https://www.youtube.com/watch?v=oMgtiic30io
"5. ročník, 2. díl",https://www.matyskova-matematika.cz/5-rocnik-2-dil/video/str-48/,"5. ročník, 2. ročník, strana 48, cvičení 1 c",6EXCM6F2Lnc,https://www.youtube.com/watch?v=6EXCM6F2Lnc
"5. ročník, 2. díl",https://www.matyskova-matematika.cz/5-rocnik-2-dil/video/str-48/,"5. ročník, 2. ročník, strana 48, cvičení 1 d",1_Pg0tfeaLw,https://www.youtube.com/watch?v=1_Pg0tfeaLw
"5. ročník, 2. díl",https://www.matyskova-matematika.cz/5-rocnik-2-dil/video/str-48/,"5. ročník, 2. ročník, strana 48, cvičení 2",37N2AUMiCq8,https://www.youtube.com/watch?v=37N2AUMiCq8
"5. ročník, 2. díl",https://www.matyskova-matematika.cz/5-rocnik-2-dil/video/str-48/,"5. ročník, 2. ročník, strana 48, cvičení 3 úvod",l4VMKxTIiig,https://www.youtube.com/watch?v=l4VMKxTIiig
"5. ročník, 2. díl",https://www.matyskova-matematika.cz/5-rocnik-2-dil/video/str-48/,"5. ročník, 2. ročník, strana 48, cvičení 3",TyEakZBrgFk,https://www.youtube.com/watch?v=TyEakZBrgFk
"5. ročník, 2. díl",https://www.matyskova-matematika.cz/5-rocnik-2-dil/video/str-49/,"5. ročník, 2. díl, strana 49, cvičení 1",cBkjj2JSNSU,https://www.youtube.com/watch?v=cBkjj2JSNSU
"5. ročník, 2. díl",https://www.matyskova-matematika.cz/5-rocnik-2-dil/video/str-49/,"5. ročník, 2. díl, strana 49, cvičení 2",fj0XPCcA2Jw,https://www.youtube.com/watch?v=fj0XPCcA2Jw
"5. ročník, 2. díl",https://www.matyskova-matematika.cz/5-rocnik-2-dil/video/str-49/,"5. ročník, 2. díl, strana 49, cvičení 3",yqt9hrGvD5Q,https://www.youtube.com/watch?v=yqt9hrGvD5Q
"5. ročník, 2. díl",https://www.matyskova-matematika.cz/5-rocnik-2-dil/video/str-49/,"5. ročník, 2. díl, strana 49, cvičení 4",MHMruWCimjo,https://www.youtube.com/watch?v=MHMruWCimjo
"5. ročník, 2. díl",https://www.matyskova-matematika.cz/5-rocnik-2-dil/video/str-49/,"5. ročník, 2. díl, strana 49, cvičení 5",80xcd0eN8pc,https://www.youtube.com/watch?v=80xcd0eN8pc
"5. ročník, 2. díl",https://www.matyskova-matematika.cz/5-rocnik-2-dil/video/str-49/,"5. ročník, 2. díl, strana 49, cvičení 6",E-Ig2Tk43gY,https://www.youtube.com/watch?v=E-Ig2Tk43gY
"5. ročník, 2. díl",https://www.matyskova-matematika.cz/5-rocnik-2-dil/video/str-50/,"5. ročník, 2. díl, strana 50, cvičení 1 úvod",yNhNW129HU8,https://www.youtube.com/watch?v=yNhNW129HU8
"5. ročník, 2. díl",https://www.matyskova-matematika.cz/5-rocnik-2-dil/video/str-50/,"5. ročník, 2. díl, strana 50, cvičení 1",dX8dIq6D3_4,https://www.youtube.com/watch?v=dX8dIq6D3_4
"5. ročník, 2. díl",https://www.matyskova-matematika.cz/5-rocnik-2-dil/video/str-50/,"5. ročník, 2. díl, strana 50, cvičení 2",ZKFUUydU1t8,https://www.youtube.com/watch?v=ZKFUUydU1t8
"5. ročník, 2. díl",https://www.matyskova-matematika.cz/5-rocnik-2-dil/video/str-50/,"5. ročník, 2. díl, strana 50, cvičení 3",bR64rKZXawQ,https://www.youtube.com/watch?v=bR64rKZXawQ
"5. ročník, 2. díl",https://www.matyskova-matematika.cz/5-rocnik-2-dil/video/str-50/,"5. ročník, 2. díl, strana 50, cvičení 4",lxbAgLplj6o,https://www.youtube.com/watch?v=lxbAgLplj6o
"5. ročník, 2. díl",https://www.matyskova-matematika.cz/5-rocnik-2-dil/video/str-50/,"5. ročník, 2. díl, strana 50, cvičení 5",NP8VDRElDko,https://www.youtube.com/watch?v=NP8VDRElDko
"5. ročník, 2. díl",https://www.matyskova-matematika.cz/5-rocnik-2-dil/video/str-51/,"5. ročník, 2. díl, strana 51, cvičení 1",RoFOIKIlwYU,https://www.youtube.com/watch?v=RoFOIKIlwYU
"5. ročník, 2. díl",https://www.matyskova-matematika.cz/5-rocnik-2-dil/video/str-51/,"5. ročník, 2. díl, strana 51, cvičení 2",mXeNV_vdaCg,https://www.youtube.com/watch?v=mXeNV_vdaCg
"5. ročník, 2. díl",https://www.matyskova-matematika.cz/5-rocnik-2-dil/video/str-51/,"5. ročník, 2. díl, strana 51, cvičení 3",JWJk2j1aNx0,https://www.youtube.com/watch?v=JWJk2j1aNx0
"5. ročník, 2. díl",https://www.matyskova-matematika.cz/5-rocnik-2-dil/video/str-51/,"5. ročník, 2. díl, strana 51, cvičení 4",F7Zldt_sar0,https://www.youtube.com/watch?v=F7Zldt_sar0
"5. ročník, 2. díl",https://www.matyskova-matematika.cz/5-rocnik-2-dil/video/str-51/,"5. ročník, 2. díl, strana 51, cvičení 5",Wl4q0RIyhD8,https://www.youtube.com/watch?v=Wl4q0RIyhD8
"5. ročník, 2. díl",https://www.matyskova-matematika.cz/5-rocnik-2-dil/video/str-52/,"5. ročník, 2. díl, strana 52, cvičení 1",Amf-Zxd_jvU,https://www.youtube.com/watch?v=Amf-Zxd_jvU
"5. ročník, 2. díl",https://www.matyskova-matematika.cz/5-rocnik-2-dil/video/str-52/,"5. ročník, 2. díl, strana 52, cvičení 2",m9lwBnaJVGs,https://www.youtube.com/watch?v=m9lwBnaJVGs
"5. ročník, 2. díl",https://www.matyskova-matematika.cz/5-rocnik-2-dil/video/str-52/,"5. ročník, 2. díl, strana 52, cvičení 3",zJ1bgy42gO4,https://www.youtube.com/watch?v=zJ1bgy42gO4
"5. ročník, 2. díl",https://www.matyskova-matematika.cz/5-rocnik-2-dil/video/str-52/,"5. ročník, 2. díl, strana 52, cvičení 4",zcgMps45iCw,https://www.youtube.com/watch?v=zcgMps45iCw
"5. ročník, 2. díl",https://www.matyskova-matematika.cz/5-rocnik-2-dil/video/str-52/,"5. ročník, 2. díl, strana 52, cvičení 5",0VkOefwruyk,https://www.youtube.com/watch?v=0VkOefwruyk
"5. ročník, 2. díl",https://www.matyskova-matematika.cz/5-rocnik-2-dil/video/str-52/,"5. ročník, 2. díl, strana 52, cvičení 6",G8G-Qg9AZRo,https://www.youtube.com/watch?v=G8G-Qg9AZRo
"5. ročník, 2. díl",https://www.matyskova-matematika.cz/5-rocnik-2-dil/video/str-52/,"5. ročník, 2. díl, strana 52, cvičení 7",IfDpBrj3zRY,https://www.youtube.com/watch?v=IfDpBrj3zRY
"5. ročník, 2. díl",https://www.matyskova-matematika.cz/5-rocnik-2-dil/video/str-53/,"5. ročník, 2. díl, strana 53, cvičení 1",qEW5Bhzjblo,https://www.youtube.com/watch?v=qEW5Bhzjblo
"5. ročník, 2. díl",https://www.matyskova-matematika.cz/5-rocnik-2-dil/video/str-53/,"5. ročník, 2. díl, strana 53, cvičení 2",lxFEgeA4adw,https://www.youtube.com/watch?v=lxFEgeA4adw
"5. ročník, 2. díl",https://www.matyskova-matematika.cz/5-rocnik-2-dil/video/str-53/,"5. ročník, 2. díl, strana 53, cvičení 3",6Hkq7hts6Js,https://www.youtube.com/watch?v=6Hkq7hts6Js
"5. ročník, 2. díl",https://www.matyskova-matematika.cz/5-rocnik-2-dil/video/str-53/,"5. ročník, 2. díl, strana 53, cvičení 4",B3PvmNatUpU,https://www.youtube.com/watch?v=B3PvmNatUpU
"5. ročník, 2. díl",https://www.matyskova-matematika.cz/5-rocnik-2-dil/video/str-53/,"5. ročník, 2. díl, strana 53, cvičení 5",1_HOffSpSz8,https://www.youtube.com/watch?v=1_HOffSpSz8
"5. ročník, 2. díl",https://www.matyskova-matematika.cz/5-rocnik-2-dil/video/str-53/,"5. ročník, 2. díl, strana 53, cvičení 6",KCpvW7YQNJ4,https://www.youtube.com/watch?v=KCpvW7YQNJ4
"5. ročník, 2. díl",https://www.matyskova-matematika.cz/5-rocnik-2-dil/video/str-53/,"5. ročník, 2. díl, strana 53, cvičení 7",wLaW55Kh0mI,https://www.youtube.com/watch?v=wLaW55Kh0mI
"5. ročník, 2. díl",https://www.matyskova-matematika.cz/5-rocnik-2-dil/video/str-54/,"5. ročník, 2. díl, strana 54, cvičení 1",hsomQG-1vEw,https://www.youtube.com/watch?v=hsomQG-1vEw
"5. ročník, 2. díl",https://www.matyskova-matematika.cz/5-rocnik-2-dil/video/str-54/,"5. ročník, 2. díl, strana 54, cvičení 2",39ngyQDdVPA,https://www.youtube.com/watch?v=39ngyQDdVPA
"5. ročník, 2. díl",https://www.matyskova-matematika.cz/5-rocnik-2-dil/video/str-54/,"5. ročník, 2. díl, strana 54, cvičení 3",cHcjCN_uNbk,https://www.youtube.com/watch?v=cHcjCN_uNbk
"5. ročník, 2. díl",https://www.matyskova-matematika.cz/5-rocnik-2-dil/video/str-54/,"5. ročník, 2. díl, strana 54, cvičení 4",jm6M5hDyS-U,https://www.youtube.com/watch?v=jm6M5hDyS-U
"5. ročník, 2. díl",https://www.matyskova-matematika.cz/5-rocnik-2-dil/video/str-54/,"5. ročník, 2. díl, strana 54, cvičení 5",0vzECzYaV_U,https://www.youtube.com/watch?v=0vzECzYaV_U
"5. ročník, 2. díl",https://www.matyskova-matematika.cz/5-rocnik-2-dil/video/str-54/,"5. ročník, 2. díl, strana 54, cvičení 6",X9Q3BGSt8ic,https://www.youtube.com/watch?v=X9Q3BGSt8ic
"5. ročník, 2. díl",https://www.matyskova-matematika.cz/5-rocnik-2-dil/video/str-54/,"5. ročník, 2. díl, strana 54, cvičení 7",lcjnbvopPZw,https://www.youtube.com/watch?v=lcjnbvopPZw
"5. ročník, 2. díl",https://www.matyskova-matematika.cz/5-rocnik-2-dil/video/str-55/,"5. ročník, 2. díl, strana 55, cvičení 1 úvod",3C9wt05OmSE,https://www.youtube.com/watch?v=3C9wt05OmSE
"5. ročník, 2. díl",https://www.matyskova-matematika.cz/5-rocnik-2-dil/video/str-55/,"5. ročník, 2. díl, strana 55, cvičení 1",mBNzsLZF5H8,https://www.youtube.com/watch?v=mBNzsLZF5H8
"5. ročník, 2. díl",https://www.matyskova-matematika.cz/5-rocnik-2-dil/video/str-56/,"5. ročník, 2. díl, strana 56, cvičení 1 úvod",RgBPEJl0Nmg,https://www.youtube.com/watch?v=RgBPEJl0Nmg
"5. ročník, 2. díl",https://www.matyskova-matematika.cz/5-rocnik-2-dil/video/str-56/,"5. ročník, 2. díl, strana 56, cvičení 1",BI-3dra9T08,https://www.youtube.com/watch?v=BI-3dra9T08
"5. ročník, 2. díl",https://www.matyskova-matematika.cz/5-rocnik-2-dil/video/str-56/,"5. ročník, 2. díl, strana 56, cvičení 2",yjm9QAsPKNM,https://www.youtube.com/watch?v=yjm9QAsPKNM
"5. ročník, 2. díl",https://www.matyskova-matematika.cz/5-rocnik-2-dil/video/str-57/,"5. ročník, 2. díl, strana 57, cvičení 1 úvod",hDbNdS_u3Us,https://www.youtube.com/watch?v=hDbNdS_u3Us
"5. ročník, 2. díl",https://www.matyskova-matematika.cz/5-rocnik-2-dil/video/str-57/,"5. ročník, 2. díl, strana 57, cvičení 1",fGJnstULTsc,https://www.youtube.com/watch?v=fGJnstULTsc
"5. ročník, 2. díl",https://www.matyskova-matematika.cz/5-rocnik-2-dil/video/str-57/,"5. ročník, 2. díl, strana 57, cvičení 2 úvod",77p0BnoacbE,https://www.youtube.com/watch?v=77p0BnoacbE
"5. ročník, 2. díl",https://www.matyskova-matematika.cz/5-rocnik-2-dil/video/str-57/,"5. ročník, 2. díl, strana 57, cvičení 2",lkKAWp9P_c8,https://www.youtube.com/watch?v=lkKAWp9P_c8
"5. ročník, 2. díl",https://www.matyskova-matematika.cz/5-rocnik-2-dil/video/str-58/,"5. ročník, 2. díl, strana 58, cvičení 1 úvod",T8duAEVhv70,https://www.youtube.com/watch?v=T8duAEVhv70
"5. ročník, 2. díl",https://www.matyskova-matematika.cz/5-rocnik-2-dil/video/str-58/,"5. ročník, 2. díl, strana 58, cvičení 1",aQBlW6etdKk,https://www.youtube.com/watch?v=aQBlW6etdKk
"5. ročník, 2. díl",https://www.matyskova-matematika.cz/5-rocnik-2-dil/video/str-58/,"5. ročník, 2. díl, strana 58, cvičení 2 úvod",cR0tYY3Lxg4,https://www.youtube.com/watch?v=cR0tYY3Lxg4
"5. ročník, 2. díl",https://www.matyskova-matematika.cz/5-rocnik-2-dil/video/str-58/,"5. ročník, 2. díl, strana 58, cvičení 2",-vMNp818l7w,https://www.youtube.com/watch?v=-vMNp818l7w
"5. ročník, 2. díl",https://www.matyskova-matematika.cz/5-rocnik-2-dil/video/str-59/,"5. ročník, 2. díl, strana 59, cvičení 1 úvod",P_XKmyWcE-o,https://www.youtube.com/watch?v=P_XKmyWcE-o
"5. ročník, 2. díl",https://www.matyskova-matematika.cz/5-rocnik-2-dil/video/str-59/,"5. ročník, 2. díl, strana 59, cvičení 1",rxFk8UOtroY,https://www.youtube.com/watch?v=rxFk8UOtroY
"5. ročník, 2. díl",https://www.matyskova-matematika.cz/5-rocnik-2-dil/video/str-59/,"5. ročník, 2. díl, strana 59, cvičení 2",CRN2Wjpt-R4,https://www.youtube.com/watch?v=CRN2Wjpt-R4
"5. ročník, 2. díl",https://www.matyskova-matematika.cz/5-rocnik-2-dil/video/str-59/,"5. ročník, 2. díl, strana 59, cvičení 3",rRCdlCMzO1k,https://www.youtube.com/watch?v=rRCdlCMzO1k
"5. ročník, 2. díl",https://www.matyskova-matematika.cz/5-rocnik-2-dil/video/str-60/,"5. ročník, 2. díl, strana 60, cvičení 1 úvod",vBxri0LzbsA,https://www.youtube.com/watch?v=vBxri0LzbsA
"5. ročník, 2. díl",https://www.matyskova-matematika.cz/5-rocnik-2-dil/video/str-60/,"5. ročník, 2. díl, strana 60, cvičení 1",eFgURFaotd4,https://www.youtube.com/watch?v=eFgURFaotd4
"5. ročník, 2. díl",https://www.matyskova-matematika.cz/5-rocnik-2-dil/video/str-60/,"5. ročník, 2. díl, strana 60, cvičení 2",bm_zXpGbfCE,https://www.youtube.com/watch?v=bm_zXpGbfCE
"5. ročník, 2. díl",https://www.matyskova-matematika.cz/5-rocnik-2-dil/video/str-61/,"5. ročník, 2. díl, strana 61, cvičení 1 úvod",WzT834nkrEY,https://www.youtube.com/watch?v=WzT834nkrEY
"5. ročník, 2. díl",https://www.matyskova-matematika.cz/5-rocnik-2-dil/video/str-61/,"5. ročník, 2. díl, strana 61, cvičení 1",L8KBYDcfBws,https://www.youtube.com/watch?v=L8KBYDcfBws
"5. ročník, 2. díl",https://www.matyskova-matematika.cz/5-rocnik-2-dil/video/str-61/,"5. ročník, 2. díl, strana 61, cvičení 2",TvXUQyfSjcQ,https://www.youtube.com/watch?v=TvXUQyfSjcQ
"5. ročník, 2. díl",https://www.matyskova-matematika.cz/5-rocnik-2-dil/video/str-62/,"5. ročník, 2. díl, strana 62, cvičení 1 úvod",vpCmk0EuMH8,https://www.youtube.com/watch?v=vpCmk0EuMH8
"5. ročník, 2. díl",https://www.matyskova-matematika.cz/5-rocnik-2-dil/video/str-62/,"5. ročník, 2. díl, strana 62, cvičení 1",EF22WnNqYs8,https://www.youtube.com/watch?v=EF22WnNqYs8
"5. ročník, 2. díl",https://www.matyskova-matematika.cz/5-rocnik-2-dil/video/str-62/,"5. ročník, 2. díl, strana 62, cvičení 2",_UBmWec7Dm4,https://www.youtube.com/watch?v=_UBmWec7Dm4
"5. ročník, 2. díl",https://www.matyskova-matematika.cz/5-rocnik-2-dil/video/str-63/,"5. ročník, 2. díl, strana 63, cvičení 1 úvod",gOhiMfsk1xI,https://www.youtube.com/watch?v=gOhiMfsk1xI
"5. ročník, 2. díl",https://www.matyskova-matematika.cz/5-rocnik-2-dil/video/str-63/,"5. ročník, 2. díl, strana 63, cvičení 1",lBZjFekzQew,https://www.youtube.com/watch?v=lBZjFekzQew
"5. ročník, 2. díl",https://www.matyskova-matematika.cz/5-rocnik-2-dil/video/str-63/,"5. ročník, 2. díl, strana 63, cvičení 2",psKehweuK6Q,https://www.youtube.com/watch?v=psKehweuK6Q
"5. ročník, 2. díl",https://www.matyskova-matematika.cz/5-rocnik-2-dil/video/str-64/,"5. ročník, 2. díl, strana 64, cvičení 1 úvod",0awLnVVp9E4,https://www.youtube.com/watch?v=0awLnVVp9E4
"5. ročník, 2. díl",https://www.matyskova-matematika.cz/5-rocnik-2-dil/video/str-64/,"5. ročník, 2. díl, strana 64, cvičení 1",erKL9U-5JR4,https://www.youtube.com/watch?v=erKL9U-5JR4
"5. ročník, 2. díl",https://www.matyskova-matematika.cz/5-rocnik-2-dil/video/str-64/,"5. ročník, 2. díl, strana 64, cvičení 2",jWES4ShmoQQ,https://www.youtube.com/watch?v=jWES4ShmoQQ
6. díl (aktualiz.),https://www.matyskova-matematika.cz/matyskova-matematika-6-dil-strana-1/,"Matýskova matematika, 6. díl, strana 1, cvičení 1",xe6pI7dfXMQ,https://www.youtube.com/watch?v=xe6pI7dfXMQ
6. díl (aktualiz.),https://www.matyskova-matematika.cz/matyskova-matematika-6-dil-strana-2/,"Matýskova matematika, 6. díl, strana 2, cvičení 1, úvod",oYVP5ca_N6I,https://www.youtube.com/watch?v=oYVP5ca_N6I
6. díl (aktualiz.),https://www.matyskova-matematika.cz/matyskova-matematika-6-dil-strana-2/,"Matýskova matematika, 6. díl, strana 2, cvičení 1",lbHwIyObo2Y,https://www.youtube.com/watch?v=lbHwIyObo2Y
6. díl (aktualiz.),https://www.matyskova-matematika.cz/matyskova-matematika-6-dil-strana-2/,"Matýskova matematika, 6. díl, strana 2, cvičení 2",xHyF3Ivf2yA,https://www.youtube.com/watch?v=xHyF3Ivf2yA
6. díl (aktualiz.),https://www.matyskova-matematika.cz/matyskova-matematika-6-dil-strana-2/,"Matýskova matematika, 6. díl, strana 2, cvičení 3",eVRMfxSJ8tk,https://www.youtube.com/watch?v=eVRMfxSJ8tk
6. díl (aktualiz.),https://www.matyskova-matematika.cz/matyskova-matematika-6-dil-strana-3/,"Matýskova matematika, 6. díl, strana 3, cvičení 1",qjbyuUim-B0,https://www.youtube.com/watch?v=qjbyuUim-B0
6. díl (aktualiz.),https://www.matyskova-matematika.cz/matyskova-matematika-6-dil-strana-3/,"Matýskova matematika, 6. díl, strana 3, cvičení 2",2Zz2gCQn6qI,https://www.youtube.com/watch?v=2Zz2gCQn6qI
6. díl (aktualiz.),https://www.matyskova-matematika.cz/matyskova-matematika-6-dil-strana-3/,"Matýskova matematika, 6. díl, strana 3, cvičení 3",pkazmrxqt5c,https://www.youtube.com/watch?v=pkazmrxqt5c
6. díl (aktualiz.),https://www.matyskova-matematika.cz/matyskova-matematika-6-dil-strana-3/,"Matýskova matematika, 6. díl, strana 3, cvičení 4",1fA2pBaRp0c,https://www.youtube.com/watch?v=1fA2pBaRp0c
6. díl (aktualiz.),https://www.matyskova-matematika.cz/matyskova-matematika-6-dil-strana-4/,"Matýskova matematika, 6. díl, strana 4, cvičení 1",KD6tvbapLvs,https://www.youtube.com/watch?v=KD6tvbapLvs
6. díl (aktualiz.),https://www.matyskova-matematika.cz/matyskova-matematika-6-dil-strana-4/,"Matýskova matematika, 6. díl, strana 4, cvičení 2",LRtWht-P95o,https://www.youtube.com/watch?v=LRtWht-P95o
6. díl (aktualiz.),https://www.matyskova-matematika.cz/matyskova-matematika-6-dil-strana-4/,"Matýskova matematika, 6. díl, strana 4, cvičení 3",7XpRDzWz99s,https://www.youtube.com/watch?v=7XpRDzWz99s
6. díl (aktualiz.),https://www.matyskova-matematika.cz/matyskova-matematika-6-dil-strana-5/,"Matýskova matematika, 6. díl, strana 5, cvičení 1, úvod",RaxRNRpzSNU,https://www.youtube.com/watch?v=RaxRNRpzSNU
6. díl (aktualiz.),https://www.matyskova-matematika.cz/matyskova-matematika-6-dil-strana-5/,"Matýskova matematika, 6. díl, strana 5, cvičení 1",XTRy8CEtdb0,https://www.youtube.com/watch?v=XTRy8CEtdb0
6. díl (aktualiz.),https://www.matyskova-matematika.cz/matyskova-matematika-6-dil-strana-5/,"Matýskova matematika, 6. díl, strana 5, cvičení 2",rOFhSvZJxlo,https://www.youtube.com/watch?v=rOFhSvZJxlo
6. díl (aktualiz.),https://www.matyskova-matematika.cz/matyskova-matematika-6-dil-strana-5/,"Matýskova matematika, 6. díl, strana 5, cvičení 3",DZ0lD_asedE,https://www.youtube.com/watch?v=DZ0lD_asedE
6. díl (aktualiz.),https://www.matyskova-matematika.cz/matyskova-matematika-6-dil-strana-5/,"Matýskova matematika, 6. díl, strana 5, cvičení 4",dh7mcv0eyrY,https://www.youtube.com/watch?v=dh7mcv0eyrY
6. díl (aktualiz.),https://www.matyskova-matematika.cz/matyskova-matematika-6-dil-strana-6/,"Matýskova matematika, 6. díl, strana 6, cvičení 1",7mjYUZyURPs,https://www.youtube.com/watch?v=7mjYUZyURPs
6. díl (aktualiz.),https://www.matyskova-matematika.cz/matyskova-matematika-6-dil-strana-7/,"Matýskova matematika, 6. díl, strana 7, cvičení 1, úvod",WK7uuOUzv1w,https://www.youtube.com/watch?v=WK7uuOUzv1w
6. díl (aktualiz.),https://www.matyskova-matematika.cz/matyskova-matematika-6-dil-strana-7/,"Matýskova matematika, 6. díl, strana 7, cvičení 1",XWe66FOfaRc,https://www.youtube.com/watch?v=XWe66FOfaRc
6. díl (aktualiz.),https://www.matyskova-matematika.cz/matyskova-matematika-6-dil-strana-7/,"Matýskova matematika, 6. díl, strana 7, cvičení 2",7kRkLyPFE2s,https://www.youtube.com/watch?v=7kRkLyPFE2s
6. díl (aktualiz.),https://www.matyskova-matematika.cz/matyskova-matematika-6-dil-strana-7/,"Matýskova matematika, 6. díl, strana 7, cvičení 3",2xum6eAWRi0,https://www.youtube.com/watch?v=2xum6eAWRi0
6. díl (aktualiz.),https://www.matyskova-matematika.cz/matyskova-matematika-6-dil-strana-8/,"Matýskova matematika, 6. díl, strana 8, cvičení 1",zQX6tdOwCkc,https://www.youtube.com/watch?v=zQX6tdOwCkc
6. díl (aktualiz.),https://www.matyskova-matematika.cz/matyskova-matematika-6-dil-strana-8/,"Matýskova matematika, 6. díl, strana 8, cvičení 2",hjXrWsD_MQE,https://www.youtube.com/watch?v=hjXrWsD_MQE
6. díl (aktualiz.),https://www.matyskova-matematika.cz/matyskova-matematika-6-dil-strana-9/,"Matýskova matematika, 6. díl, strana 9, cvičení 1, úvod",jEojpjvH8UU,https://www.youtube.com/watch?v=jEojpjvH8UU
6. díl (aktualiz.),https://www.matyskova-matematika.cz/matyskova-matematika-6-dil-strana-9/,"Matýskova matematika, 6. díl, strana 9, cvičení 1",fXVcMMQ4Ac0,https://www.youtube.com/watch?v=fXVcMMQ4Ac0
6. díl (aktualiz.),https://www.matyskova-matematika.cz/matyskova-matematika-6-dil-strana-9/,"Matýskova matematika, 6. díl, strana 9, cvičení 2",jkgkhJrYAXs,https://www.youtube.com/watch?v=jkgkhJrYAXs
6. díl (aktualiz.),https://www.matyskova-matematika.cz/matyskova-matematika-6-dil-strana-9/,"Matýskova matematika, 6. díl, strana 9, cvičení 3",ncHP6_fKsQY,https://www.youtube.com/watch?v=ncHP6_fKsQY
6. díl (aktualiz.),https://www.matyskova-matematika.cz/matyskova-matematika-6-dil-strana-10/,"Matýskova matematika, 6. díl, strana 10, cvičení 1, úvod",pbq966UXGW4,https://www.youtube.com/watch?v=pbq966UXGW4
6. díl (aktualiz.),https://www.matyskova-matematika.cz/matyskova-matematika-6-dil-strana-10/,"Matýskova matematika, 6. díl, strana 10, cvičení 1",VqFbMYmPxzU,https://www.youtube.com/watch?v=VqFbMYmPxzU
6. díl (aktualiz.),https://www.matyskova-matematika.cz/matyskova-matematika-6-dil-strana-10/,"Matýskova matematika, 6. díl, strana 10, cvičení 2",CEtQJ8UcRB0,https://www.youtube.com/watch?v=CEtQJ8UcRB0
6. díl (aktualiz.),https://www.matyskova-matematika.cz/matyskova-matematika-6-dil-strana-10/,"Matýskova matematika, 6. díl, strana 10, cvičení 3",XxkBI7FHILo,https://www.youtube.com/watch?v=XxkBI7FHILo
6. díl (aktualiz.),https://www.matyskova-matematika.cz/matyskova-matematika-6-dil-strana-10/,"Matýskova matematika, 6. díl, strana 10, cvičení 4",lIaXyTLU2wM,https://www.youtube.com/watch?v=lIaXyTLU2wM
6. díl (aktualiz.),https://www.matyskova-matematika.cz/matyskova-matematika-6-dil-strana-11/,"Matýskova matematika, 6. díl, strana 11, cvičení 1, úvod",YGjQ-n8oPnw,https://www.youtube.com/watch?v=YGjQ-n8oPnw
6. díl (aktualiz.),https://www.matyskova-matematika.cz/matyskova-matematika-6-dil-strana-11/,"Matýskova matematika, 6. díl, strana 11, cvičení 1",lnD8-AruRaA,https://www.youtube.com/watch?v=lnD8-AruRaA
6. díl (aktualiz.),https://www.matyskova-matematika.cz/matyskova-matematika-6-dil-strana-11/,"Matýskova matematika, 6. díl, strana 11, cvičení 2",uFh5BD7hI5g,https://www.youtube.com/watch?v=uFh5BD7hI5g
6. díl (aktualiz.),https://www.matyskova-matematika.cz/matyskova-matematika-6-dil-strana-11/,"Matýskova matematika, 6. díl, strana 11, cvičení 3",eB4EGDBYj_A,https://www.youtube.com/watch?v=eB4EGDBYj_A
6. díl (aktualiz.),https://www.matyskova-matematika.cz/matyskova-matematika-6-dil-strana-12/,"Matýskova matematika, 6. díl, strana 12, cvičení 1",eTQIDU9G84k,https://www.youtube.com/watch?v=eTQIDU9G84k
6. díl (aktualiz.),https://www.matyskova-matematika.cz/matyskova-matematika-6-dil-strana-12/,"Matýskova matematika, 6. díl, strana 12, cvičení 2",2JfO4l5ZDFg,https://www.youtube.com/watch?v=2JfO4l5ZDFg
6. díl (aktualiz.),https://www.matyskova-matematika.cz/matyskova-matematika-6-dil-strana-12/,"Matýskova matematika, 6. díl, strana 12, cvičení 3",g1xnK3rXZHY,https://www.youtube.com/watch?v=g1xnK3rXZHY
6. díl (aktualiz.),https://www.matyskova-matematika.cz/matyskova-matematika-6-dil-strana-12/,"Matýskova matematika, 6. díl, strana 12, cvičení 4",vAUNAWeqZBM,https://www.youtube.com/watch?v=vAUNAWeqZBM
6. díl (aktualiz.),https://www.matyskova-matematika.cz/matyskova-matematika-6-dil-strana-13/,"Matýskova matematika, 6. díl, strana 13, cvičení 1, úvod",Rdnp7p_8cv0,https://www.youtube.com/watch?v=Rdnp7p_8cv0
6. díl (aktualiz.),https://www.matyskova-matematika.cz/matyskova-matematika-6-dil-strana-13/,"Matýskova matematika, 6. díl, strana 13, cvičení 1",hmc7QVE2fIE,https://www.youtube.com/watch?v=hmc7QVE2fIE
6. díl (aktualiz.),https://www.matyskova-matematika.cz/matyskova-matematika-6-dil-strana-13/,"Matýskova matematika, 6. díl, strana 13, cvičení 2",gcPtDgvTj88,https://www.youtube.com/watch?v=gcPtDgvTj88
6. díl (aktualiz.),https://www.matyskova-matematika.cz/matyskova-matematika-6-dil-strana-13/,"Matýskova matematika, 6. díl, strana 13, cvičení 3",NcGZ7m4UDDo,https://www.youtube.com/watch?v=NcGZ7m4UDDo
6. díl (aktualiz.),https://www.matyskova-matematika.cz/matyskova-matematika-6-dil-strana-13/,"Matýskova matematika, 6. díl, strana 13, cvičení 4",di4iYeTplV8,https://www.youtube.com/watch?v=di4iYeTplV8
6. díl (aktualiz.),https://www.matyskova-matematika.cz/matyskova-matematika-6-dil-strana-14/,"Matýskova matematika, 6. díl, strana 14, cvičení 1, úvod",c-iWY4FqRec,https://www.youtube.com/watch?v=c-iWY4FqRec
6. díl (aktualiz.),https://www.matyskova-matematika.cz/matyskova-matematika-6-dil-strana-14/,"Matýskova matematika, 6. díl, strana 14, cvičení 1",t6-lxbDqi4s,https://www.youtube.com/watch?v=t6-lxbDqi4s
6. díl (aktualiz.),https://www.matyskova-matematika.cz/matyskova-matematika-6-dil-strana-14/,"Matýskova matematika, 6. díl, strana 14, cvičení 2",LrZ2dsqOAbY,https://www.youtube.com/watch?v=LrZ2dsqOAbY
6. díl (aktualiz.),https://www.matyskova-matematika.cz/matyskova-matematika-6-dil-strana-14/,"Matýskova matematika, 6. díl, strana 14, cvičení 3",qBu_ou4Hjdc,https://www.youtube.com/watch?v=qBu_ou4Hjdc
6. díl (aktualiz.),https://www.matyskova-matematika.cz/matyskova-matematika-6-dil-strana-15/,"Matýskova matematika, 6. díl, strana 15, cvičení 1, úvod",qeB3IBYRLdo,https://www.youtube.com/watch?v=qeB3IBYRLdo
6. díl (aktualiz.),https://www.matyskova-matematika.cz/matyskova-matematika-6-dil-strana-15/,"Matýskova matematika, 6. díl, strana 15, cvičení 1",-9PdXxLJj3o,https://www.youtube.com/watch?v=-9PdXxLJj3o
6. díl (aktualiz.),https://www.matyskova-matematika.cz/matyskova-matematika-6-dil-strana-15/,"Matýskova matematika, 6. díl, strana 15, cvičení 2",_w2vlFezl1M,https://www.youtube.com/watch?v=_w2vlFezl1M
6. díl (aktualiz.),https://www.matyskova-matematika.cz/matyskova-matematika-6-dil-strana-15/,"Matýskova matematika, 6. díl, strana 15, cvičení 3",dWEgHTz2iQc,https://www.youtube.com/watch?v=dWEgHTz2iQc
6. díl (aktualiz.),https://www.matyskova-matematika.cz/matyskova-matematika-6-dil-strana-16/,"Matýskova matematika, 6. díl, strana 16, cvičení 1, úvod",f3-vUZiDIXo,https://www.youtube.com/watch?v=f3-vUZiDIXo
6. díl (aktualiz.),https://www.matyskova-matematika.cz/matyskova-matematika-6-dil-strana-16/,"Matýskova matematika, 6. díl, strana 16, cvičení 1",OtjTewPJvd8,https://www.youtube.com/watch?v=OtjTewPJvd8
6. díl (aktualiz.),https://www.matyskova-matematika.cz/matyskova-matematika-6-dil-strana-16/,"Matýskova matematika, 6. díl, strana 16, cvičení 2",VFMY2CZXcvA,https://www.youtube.com/watch?v=VFMY2CZXcvA
6. díl (aktualiz.),https://www.matyskova-matematika.cz/matyskova-matematika-6-dil-strana-16/,"Matýskova matematika, 6. díl, strana 16, cvičení 3",rX3Matb8wWA,https://www.youtube.com/watch?v=rX3Matb8wWA
6. díl (aktualiz.),https://www.matyskova-matematika.cz/matyskova-matematika-6-dil-strana-16/,"Matýskova matematika, 6. díl, strana 16, cvičení 4",5ZVaokAGBlc,https://www.youtube.com/watch?v=5ZVaokAGBlc
6. díl (aktualiz.),https://www.matyskova-matematika.cz/matyskova-matematika-6-dil-strana-17/,"Matýskova matematika, 6. díl, strana 17, cvičení 1",fidnHoaDiOs,https://www.youtube.com/watch?v=fidnHoaDiOs
6. díl (aktualiz.),https://www.matyskova-matematika.cz/matyskova-matematika-6-dil-strana-17/,"Matýskova matematika, 6. díl, strana 17, cvičení 2",jCOUEoPE_Bw,https://www.youtube.com/watch?v=jCOUEoPE_Bw
6. díl (aktualiz.),https://www.matyskova-matematika.cz/matyskova-matematika-6-dil-strana-17/,"Matýskova matematika, 6. díl, strana 17, cvičení 3",WDGIVbbEvo4,https://www.youtube.com/watch?v=WDGIVbbEvo4
6. díl,https://www.matyskova-matematika.cz/matyskova-matematika-6-dil/video/str-1/,"Matýskova matematika, 6. díl, strana 1, úvod",xiZ7G8_WKwI,https://www.youtube.com/watch?v=xiZ7G8_WKwI
6. díl,https://www.matyskova-matematika.cz/matyskova-matematika-6-dil/video/str-1/,"Matýskova matematika, 6. díl, strana 1, cvičení 1",d1Rx5vNXo1s,https://www.youtube.com/watch?v=d1Rx5vNXo1s
6. díl,https://www.matyskova-matematika.cz/matyskova-matematika-6-dil/video/str-2/,"Matýskova matematika, 6. díl, strana 2, úvod",KMM03ACLkZc,https://www.youtube.com/watch?v=KMM03ACLkZc
6. díl,https://www.matyskova-matematika.cz/matyskova-matematika-6-dil/video/str-2/,"Matýskova matematika, 6. díl, strana 2, cvičení 1",iABQmnapj-E,https://www.youtube.com/watch?v=iABQmnapj-E
6. díl,https://www.matyskova-matematika.cz/matyskova-matematika-6-dil/video/str-2/,"Matýskova matematika, 6. díl, strana 2, cvičení 2",8FIWH9wbazU,https://www.youtube.com/watch?v=8FIWH9wbazU
6. díl,https://www.matyskova-matematika.cz/matyskova-matematika-6-dil/video/str-2/,"Matýskova matematika, 6. díl, strana 2, cvičení 3",mRTOuyX9Cgg,https://www.youtube.com/watch?v=mRTOuyX9Cgg
6. díl,https://www.matyskova-matematika.cz/matyskova-matematika-6-dil/video/str-3/,"Matýskova matematika, 6. díl, strana 3, cvičení 1",VF30B3nB6s4,https://www.youtube.com/watch?v=VF30B3nB6s4
6. díl,https://www.matyskova-matematika.cz/matyskova-matematika-6-dil/video/str-3/,"Matýskova matematika, 6. díl, strana 3, cvičení 2",HFsB1pJS6a0,https://www.youtube.com/watch?v=HFsB1pJS6a0
6. díl,https://www.matyskova-matematika.cz/matyskova-matematika-6-dil/video/str-3/,"Matýskova matematika, 6. díl, strana 3, cvičení 3",ZTkEM_AGtkA,https://www.youtube.com/watch?v=ZTkEM_AGtkA
6. díl,https://www.matyskova-matematika.cz/matyskova-matematika-6-dil/video/str-3/,"Matýskova matematika, 6. díl, strana 3, cvičení 4A",rdu605CFib4,https://www.youtube.com/watch?v=rdu605CFib4
6. díl,https://www.matyskova-matematika.cz/matyskova-matematika-6-dil/video/str-3/,"Matýskova matematika, 6. díl, strana 3, cvičení 4B",XLpOhej1A6g,https://www.youtube.com/watch?v=XLpOhej1A6g
6. díl,https://www.matyskova-matematika.cz/matyskova-matematika-6-dil/video/str-4/,"Matýskova matematika, 6. díl, strana 4, cvičení 1",IPjkToPkZK4,https://www.youtube.com/watch?v=IPjkToPkZK4
6. díl,https://www.matyskova-matematika.cz/matyskova-matematika-6-dil/video/str-4/,"Matýskova matematika, 6. díl, strana 4, cvičení 2",XtkTfZa52UI,https://www.youtube.com/watch?v=XtkTfZa52UI
6. díl,https://www.matyskova-matematika.cz/matyskova-matematika-6-dil/video/str-4/,"Matýskova matematika, 6. díl, strana 4, cvičení 3A",67NY2OOh-Aw,https://www.youtube.com/watch?v=67NY2OOh-Aw
6. díl,https://www.matyskova-matematika.cz/matyskova-matematika-6-dil/video/str-4/,"Matýskova matematika, 6. díl, strana 4, cvičení 3B",Nv1FydhTIYA,https://www.youtube.com/watch?v=Nv1FydhTIYA
6. díl,https://www.matyskova-matematika.cz/matyskova-matematika-6-dil/video/str-4/,"Matýskova matematika, 6. díl, strana 4, cvičení 3C",ZrqEGC9IAu4,https://www.youtube.com/watch?v=ZrqEGC9IAu4
6. díl,https://www.matyskova-matematika.cz/matyskova-matematika-6-dil/video/str-5/,"Matýskova matematika, 6. díl, strana 5, cvičení 1",eqF5HyLHMeU,https://www.youtube.com/watch?v=eqF5HyLHMeU
6. díl,https://www.matyskova-matematika.cz/matyskova-matematika-6-dil/video/str-5/,"Matýskova matematika, 6. díl, strana 5, cvičení 2",aH0NZFHl9SQ,https://www.youtube.com/watch?v=aH0NZFHl9SQ
6. díl,https://www.matyskova-matematika.cz/matyskova-matematika-6-dil/video/str-5/,"Matýskova matematika, 6. díl, strana 5, cvičení 3",CRQa8clOxVs,https://www.youtube.com/watch?v=CRQa8clOxVs
6. díl,https://www.matyskova-matematika.cz/matyskova-matematika-6-dil/video/str-5/,"Matýskova matematika, 6. díl, strana 5, cvičení 4",g77eqHyRwuI,https://www.youtube.com/watch?v=g77eqHyRwuI
6. díl,https://www.matyskova-matematika.cz/matyskova-matematika-6-dil/video/str-6/,"Matýskova matematika, 6. díl, strana 6, úvod",g07ppGc-e1A,https://www.youtube.com/watch?v=g07ppGc-e1A
6. díl,https://www.matyskova-matematika.cz/matyskova-matematika-6-dil/video/str-6/,"Matýskova matematika, 6. díl, strana 6, cvičení 1",jlC4qJ06WoI,https://www.youtube.com/watch?v=jlC4qJ06WoI
6. díl,https://www.matyskova-matematika.cz/matyskova-matematika-6-dil/video/str-7/,"Matýskova matematika, 6. díl, strana 7, úvod",N0_YqUl-aG4,https://www.youtube.com/watch?v=N0_YqUl-aG4
6. díl,https://www.matyskova-matematika.cz/matyskova-matematika-6-dil/video/str-7/,"Matýskova matematika, 6. díl, strana 7, cvičení 1",lRqM3l79fO4,https://www.youtube.com/watch?v=lRqM3l79fO4
6. díl,https://www.matyskova-matematika.cz/matyskova-matematika-6-dil/video/str-7/,"Matýskova matematika, 6. díl, strana 7, cvičení 2",u21PdCFftkQ,https://www.youtube.com/watch?v=u21PdCFftkQ
6. díl,https://www.matyskova-matematika.cz/matyskova-matematika-6-dil/video/str-7/,"Matýskova matematika, 6. díl, strana 7, cvičení 3",4EGQLwqtrms,https://www.youtube.com/watch?v=4EGQLwqtrms
6. díl,https://www.matyskova-matematika.cz/matyskova-matematika-6-dil/video/str-8/,"Matýskova matematika, 6. díl, strana 8, cvičení 1",oqGnsV2pOA8,https://www.youtube.com/watch?v=oqGnsV2pOA8
6. díl,https://www.matyskova-matematika.cz/matyskova-matematika-6-dil/video/str-8/,"Matýskova matematika, 6. díl, strana 8, cvičení 2A",mGLJs9HD3DQ,https://www.youtube.com/watch?v=mGLJs9HD3DQ
6. díl,https://www.matyskova-matematika.cz/matyskova-matematika-6-dil/video/str-8/,"Matýskova matematika, 6. díl, strana 8, cvičení 2B",QX1U95XZjFA,https://www.youtube.com/watch?v=QX1U95XZjFA
6. díl,https://www.matyskova-matematika.cz/matyskova-matematika-6-dil/video/str-8/,"Matýskova matematika, 6. díl, strana 8, cvičení 2C",g-qdWP0Q9q0,https://www.youtube.com/watch?v=g-qdWP0Q9q0
6. díl,https://www.matyskova-matematika.cz/matyskova-matematika-6-dil/video/str-8/,"Matýskova matematika, 6. díl, strana 8, cvičení 2D",nH_J4AcbQZ8,https://www.youtube.com/watch?v=nH_J4AcbQZ8
6. díl,https://www.matyskova-matematika.cz/matyskova-matematika-6-dil/video/str-9/,"Matýskova matematika, 6. díl, strana 9, cvičení 1",IS3Wx_xAZLs,https://www.youtube.com/watch?v=IS3Wx_xAZLs
6. díl,https://www.matyskova-matematika.cz/matyskova-matematika-6-dil/video/str-9/,"Matýskova matematika, 6. díl, strana 9, cvičení 2",KO9nbmhWJaU,https://www.youtube.com/watch?v=KO9nbmhWJaU
6. díl,https://www.matyskova-matematika.cz/matyskova-matematika-6-dil/video/str-9/,"Matýskova matematika, 6. díl, strana 9, cvičení 3",anTzn1LK-nk,https://www.youtube.com/watch?v=anTzn1LK-nk
6. díl,https://www.matyskova-matematika.cz/matyskova-matematika-6-dil/video/str-10/,"Matýskova matematika, 6. díl, strana 10, cvičení 1",BbxAOR46OlQ,https://www.youtube.com/watch?v=BbxAOR46OlQ
6. díl,https://www.matyskova-matematika.cz/matyskova-matematika-6-dil/video/str-10/,"Matýskova matematika, 6. díl, strana 10, cvičení 2",77xzFU5ZFfo,https://www.youtube.com/watch?v=77xzFU5ZFfo
6. díl,https://www.matyskova-matematika.cz/matyskova-matematika-6-dil/video/str-10/,"Matýskova matematika, 6. díl, strana 10, cvičení 3",F7ll3te8zKM,https://www.youtube.com/watch?v=F7ll3te8zKM
6. díl,https://www.matyskova-matematika.cz/matyskova-matematika-6-dil/video/str-10/,"Matýskova matematika, 6. díl, strana 10, cvičení 4",rgnWeXoCymk,https://www.youtube.com/watch?v=rgnWeXoCymk
6. díl,https://www.matyskova-matematika.cz/matyskova-matematika-6-dil/video/str-11/,"Matýskova matematika, 6. díl, strana 11, úvod",6xMpLYLFm3Y,https://www.youtube.com/watch?v=6xMpLYLFm3Y
6. díl,https://www.matyskova-matematika.cz/matyskova-matematika-6-dil/video/str-11/,"Matýskova matematika, 6. díl, strana 11, cvičení 1",dgQNzYr1H9o,https://www.youtube.com/watch?v=dgQNzYr1H9o
6. díl,https://www.matyskova-matematika.cz/matyskova-matematika-6-dil/video/str-11/,"Matýskova matematika, 6. díl, strana 11, cvičení 2",DzHCqKOoV04,https://www.youtube.com/watch?v=DzHCqKOoV04
6. díl,https://www.matyskova-matematika.cz/matyskova-matematika-6-dil/video/str-11/,"Matýskova matematika, 6. díl, strana 11, cvičení 3",34qWwaM-o3Y,https://www.youtube.com/watch?v=34qWwaM-o3Y
6. díl,https://www.matyskova-matematika.cz/matyskova-matematika-6-dil/video/str-12/,"Matýskova matematika, 6. díl, strana 12, cvičení 1",8qlO52pQi94,https://www.youtube.com/watch?v=8qlO52pQi94
6. díl,https://www.matyskova-matematika.cz/matyskova-matematika-6-dil/video/str-12/,"Matýskova matematika, 6. díl, strana 12, cvičení 2",IYACRa-VWBw,https://www.youtube.com/watch?v=IYACRa-VWBw
6. díl,https://www.matyskova-matematika.cz/matyskova-matematika-6-dil/video/str-12/,"Matýskova matematika, 6. díl, strana 12, cvičení 3",iviKAvatZS4,https://www.youtube.com/watch?v=iviKAvatZS4
6. díl,https://www.matyskova-matematika.cz/matyskova-matematika-6-dil/video/str-12/,"Matýskova matematika, 6. díl, strana 12, cvičení 4A",7r44snPxbGo,https://www.youtube.com/watch?v=7r44snPxbGo
6. díl,https://www.matyskova-matematika.cz/matyskova-matematika-6-dil/video/str-12/,"Matýskova matematika, 6. díl, strana 12, cvičení 4B",AzjwFnIkxOM,https://www.youtube.com/watch?v=AzjwFnIkxOM
6. díl,https://www.matyskova-matematika.cz/matyskova-matematika-6-dil/video/str-13/,"Matýskova matematika, 6. díl, strana 13, cvičení 1",sgE4iz_JBnk,https://www.youtube.com/watch?v=sgE4iz_JBnk
6. díl,https://www.matyskova-matematika.cz/matyskova-matematika-6-dil/video/str-13/,"Matýskova matematika, 6. díl, strana 13, cvičení 2",R0Elq-2CzLY,https://www.youtube.com/watch?v=R0Elq-2CzLY
6. díl,https://www.matyskova-matematika.cz/matyskova-matematika-6-dil/video/str-13/,"Matýskova matematika, 6. díl, strana 13, cvičení 3",a35LLdivho8,https://www.youtube.com/watch?v=a35LLdivho8
6. díl,https://www.matyskova-matematika.cz/matyskova-matematika-6-dil/video/str-13/,"Matýskova matematika, 6. díl, strana 13, cvičení 4",Y5pt-YoJa8g,https://www.youtube.com/watch?v=Y5pt-YoJa8g
6. díl,https://www.matyskova-matematika.cz/matyskova-matematika-6-dil/video/str-14/,"Matýskova matematika, 6. díl, strana 14, úvod",DwtIx6ox5UU,https://www.youtube.com/watch?v=DwtIx6ox5UU
6. díl,https://www.matyskova-matematika.cz/matyskova-matematika-6-dil/video/str-14/,"Matýskova matematika, 6. díl, strana 14, cvičení 1",FsW1PQTf43w,https://www.youtube.com/watch?v=FsW1PQTf43w
6. díl,https://www.matyskova-matematika.cz/matyskova-matematika-6-dil/video/str-14/,"Matýskova matematika, 6. díl, strana 14, cvičení 2A",VvMNjUEZeDA,https://www.youtube.com/watch?v=VvMNjUEZeDA
6. díl,https://www.matyskova-matematika.cz/matyskova-matematika-6-dil/video/str-14/,"Matýskova matematika, 6. díl, strana 14, cvičení 2B",X6Je-y7gcio,https://www.youtube.com/watch?v=X6Je-y7gcio
6. díl,https://www.matyskova-matematika.cz/matyskova-matematika-6-dil/video/str-14/,"Matýskova matematika, 6. díl, strana 14, cvičení 3",J9MlvWYv-c8,https://www.youtube.com/watch?v=J9MlvWYv-c8
6. díl,https://www.matyskova-matematika.cz/matyskova-matematika-6-dil/video/str-15/,"Matýskova matematika, 6. díl, strana 15, cvičení 1",Bs7eTg1Z9q0,https://www.youtube.com/watch?v=Bs7eTg1Z9q0
6. díl,https://www.matyskova-matematika.cz/matyskova-matematika-6-dil/video/str-15/,"Matýskova matematika, 6. díl, strana 15, cvičení 2",SajICoZGqVA,https://www.youtube.com/watch?v=SajICoZGqVA
6. díl,https://www.matyskova-matematika.cz/matyskova-matematika-6-dil/video/str-15/,"Matýskova matematika, 6. díl, strana 15, cvičení 3",gyLLOrp42XI,https://www.youtube.com/watch?v=gyLLOrp42XI
6. díl,https://www.matyskova-matematika.cz/matyskova-matematika-6-dil/video/str-16/,"Matýskova matematika, 6. díl, strana 16, cvičení 1",bhM2e-X4pEU,https://www.youtube.com/watch?v=bhM2e-X4pEU
6. díl,https://www.matyskova-matematika.cz/matyskova-matematika-6-dil/video/str-16/,"Matýskova matematika, 6. díl, strana 16, cvičení 2",t9BKbKceyvE,https://www.youtube.com/watch?v=t9BKbKceyvE
6. díl,https://www.matyskova-matematika.cz/matyskova-matematika-6-dil/video/str-16/,"Matýskova matematika, 6. díl, strana 16, cvičení 3",pOwQFDgeHiY,https://www.youtube.com/watch?v=pOwQFDgeHiY
6. díl,https://www.matyskova-matematika.cz/matyskova-matematika-6-dil/video/str-16/,"Matýskova matematika, 6. díl, strana 16, cvičení 4",ViVby9hip54,https://www.youtube.com/watch?v=ViVby9hip54
6. díl,https://www.matyskova-matematika.cz/matyskova-matematika-6-dil/video/str-17/,"Matýskova matematika, 6. díl, strana 17, cvičení 1",RtQg2RW-puM,https://www.youtube.com/watch?v=RtQg2RW-puM
6. díl,https://www.matyskova-matematika.cz/matyskova-matematika-6-dil/video/str-17/,"Matýskova matematika, 6. díl, strana 17, cvičení 2",K-T-SWm0Pgg,https://www.youtube.com/watch?v=K-T-SWm0Pgg
6. díl,https://www.matyskova-matematika.cz/matyskova-matematika-6-dil/video/str-17/,"Matýskova matematika, 6. díl, strana 17, cvičení 4",kK_7Le_SABE,https://www.youtube.com/watch?v=kK_7Le_SABE
6. díl,https://www.matyskova-matematika.cz/matyskova-matematika-6-dil/video/str-18/,"Matýskova matematika, 6. díl, strana 18, cvičení 1A",DBe7f5-rzM0,https://www.youtube.com/watch?v=DBe7f5-rzM0
6. díl,https://www.matyskova-matematika.cz/matyskova-matematika-6-dil/video/str-18/,"Matýskova matematika, 6. díl, strana 18, cvičení 1B",t9l9nF7qDVQ,https://www.youtube.com/watch?v=t9l9nF7qDVQ
6. díl,https://www.matyskova-matematika.cz/matyskova-matematika-6-dil/video/str-18/,"Matýskova matematika, 6. díl, strana 18, cvičení 2",6WnvRVlZrJ0,https://www.youtube.com/watch?v=6WnvRVlZrJ0
6. díl,https://www.matyskova-matematika.cz/matyskova-matematika-6-dil/video/str-18/,"Matýskova matematika, 6. díl, strana 18, cvičení 3",WkP_Lf_5wDw,https://www.youtube.com/watch?v=WkP_Lf_5wDw
6. díl,https://www.matyskova-matematika.cz/matyskova-matematika-6-dil/video/str-19/,"Matýskova matematika, 6. díl, strana 19, cvičení 1",e87UrDo7etI,https://www.youtube.com/watch?v=e87UrDo7etI
6. díl,https://www.matyskova-matematika.cz/matyskova-matematika-6-dil/video/str-19/,"Matýskova matematika, 6. díl, strana 19, cvičení 2A",NtXsyOzW43c,https://www.youtube.com/watch?v=NtXsyOzW43c
6. díl,https://www.matyskova-matematika.cz/matyskova-matematika-6-dil/video/str-19/,"Matýskova matematika, 6. díl, strana 19, cvičení 2B",EoiLyVk3kVg,https://www.youtube.com/watch?v=EoiLyVk3kVg
6. díl,https://www.matyskova-matematika.cz/matyskova-matematika-6-dil/video/str-19/,"Matýskova matematika, 6. díl, strana 19, cvičení 3",YEW09dPMdPM,https://www.youtube.com/watch?v=YEW09dPMdPM
6. díl,https://www.matyskova-matematika.cz/matyskova-matematika-6-dil/video/str-20/,"Matýskova matematika, 6. díl, strana 20, cvičení 1",x8HWU_tSOz4,https://www.youtube.com/watch?v=x8HWU_tSOz4
6. díl,https://www.matyskova-matematika.cz/matyskova-matematika-6-dil/video/str-20/,"Matýskova matematika, 6. díl, strana 20, cvičení 2",0mUHg1Pb32k,https://www.youtube.com/watch?v=0mUHg1Pb32k
6. díl,https://www.matyskova-matematika.cz/matyskova-matematika-6-dil/video/str-20/,"Matýskova matematika, 6. díl, strana 20, cvičení 3",s9yifPXWx6E,https://www.youtube.com/watch?v=s9yifPXWx6E
6. díl,https://www.matyskova-matematika.cz/matyskova-matematika-6-dil/video/str-20/,"Matýskova matematika, 6. díl, strana 20, cvičení 4",kTAt_RE5cx8,https://www.youtube.com/watch?v=kTAt_RE5cx8
6. díl,https://www.matyskova-matematika.cz/matyskova-matematika-6-dil/video/str-20/,"Matýskova matematika, 6. díl, strana 20, cvičení 5",f52kRMSCqU0,https://www.youtube.com/watch?v=f52kRMSCqU0
6. díl,https://www.matyskova-matematika.cz/matyskova-matematika-6-dil/video/str-21/,"Matýskova matematika, 6. díl, strana 21, cvičení 1A",coJ_qccVAIo,https://www.youtube.com/watch?v=coJ_qccVAIo
6. díl,https://www.matyskova-matematika.cz/matyskova-matematika-6-dil/video/str-21/,"Matýskova matematika, 6. díl, strana 21, cvičení 1B",2vSATL0KpC8,https://www.youtube.com/watch?v=2vSATL0KpC8
6. díl,https://www.matyskova-matematika.cz/matyskova-matematika-6-dil/video/str-21/,"Matýskova matematika, 6. díl, strana 21, cvičení 2",afSdlIMefYY,https://www.youtube.com/watch?v=afSdlIMefYY
6. díl,https://www.matyskova-matematika.cz/matyskova-matematika-6-dil/video/str-21/,"Matýskova matematika, 6. díl, strana 21, cvičení 3",S1dPCDmosk8,https://www.youtube.com/watch?v=S1dPCDmosk8
6. díl,https://www.matyskova-matematika.cz/matyskova-matematika-6-dil/video/str-21/,"Matýskova matematika, 6. díl, strana 21, cvičení 4",t9KusOkS71U,https://www.youtube.com/watch?v=t9KusOkS71U
6. díl,https://www.matyskova-matematika.cz/matyskova-matematika-6-dil/video/str-22/,"Matýskova matematika, 6. díl, strana 22, cvičení 1",_MptraHzffM,https://www.youtube.com/watch?v=_MptraHzffM
6. díl,https://www.matyskova-matematika.cz/matyskova-matematika-6-dil/video/str-22/,"Matýskova matematika, 6. díl, strana 22, cvičení 2",xRtCzmJAGNg,https://www.youtube.com/watch?v=xRtCzmJAGNg
6. díl,https://www.matyskova-matematika.cz/matyskova-matematika-6-dil/video/str-22/,"Matýskova matematika, 6. díl, strana 22, cvičení 3",4JBw0ZC9EXk,https://www.youtube.com/watch?v=4JBw0ZC9EXk
6. díl,https://www.matyskova-matematika.cz/matyskova-matematika-6-dil/video/str-22/,"Matýskova matematika, 6. díl, strana 22, cvičení 4",FUUE37O2RX0,https://www.youtube.com/watch?v=FUUE37O2RX0
6. díl,https://www.matyskova-matematika.cz/matyskova-matematika-6-dil/video/str-23/,"Matýskova matematika, 6. díl, strana 23, cvičení 1A",wBDLirJP8yY,https://www.youtube.com/watch?v=wBDLirJP8yY
6. díl,https://www.matyskova-matematika.cz/matyskova-matematika-6-dil/video/str-23/,"Matýskova matematika, 6. díl, strana 23, cvičení 1B",2C6_ezxKIU4,https://www.youtube.com/watch?v=2C6_ezxKIU4
6. díl,https://www.matyskova-matematika.cz/matyskova-matematika-6-dil/video/str-23/,"Matýskova matematika, 6. díl, strana 23, cvičení 1C",XcYi8xSsHSg,https://www.youtube.com/watch?v=XcYi8xSsHSg
6. díl,https://www.matyskova-matematika.cz/matyskova-matematika-6-dil/video/str-23/,"Matýskova matematika, 6. díl, strana 23, cvičení 1D",zrwmYYGj2wY,https://www.youtube.com/watch?v=zrwmYYGj2wY
6. díl,https://www.matyskova-matematika.cz/matyskova-matematika-6-dil/video/str-23/,"Matýskova matematika, 6. díl, strana 23, cvičení 2A",L-uBJtz-iVM,https://www.youtube.com/watch?v=L-uBJtz-iVM
6. díl,https://www.matyskova-matematika.cz/matyskova-matematika-6-dil/video/str-23/,"Matýskova matematika, 6. díl, strana 23, cvičení 2B",Gl5rLJZKiiQ,https://www.youtube.com/watch?v=Gl5rLJZKiiQ
6. díl,https://www.matyskova-matematika.cz/matyskova-matematika-6-dil/video/str-23/,"Matýskova matematika, 6. díl, strana 23, cvičení 2C",k9HgEUnn8rg,https://www.youtube.com/watch?v=k9HgEUnn8rg
6. díl,https://www.matyskova-matematika.cz/matyskova-matematika-6-dil/video/str-23/,"Matýskova matematika, 6. díl, strana 23, cvičení 2D",T3HWtxm-V-Q,https://www.youtube.com/watch?v=T3HWtxm-V-Q
6. díl,https://www.matyskova-matematika.cz/matyskova-matematika-6-dil/video/str-23/,"Matýskova matematika, 6. díl, strana 23, cvičení 3",Q59FWcIJWXY,https://www.youtube.com/watch?v=Q59FWcIJWXY
6. díl,https://www.matyskova-matematika.cz/matyskova-matematika-6-dil/video/str-24/,"Matýskova matematika, 6. díl, strana 24, úvod",K0zfJqt89EI,https://www.youtube.com/watch?v=K0zfJqt89EI
6. díl,https://www.matyskova-matematika.cz/matyskova-matematika-6-dil/video/str-24/,"Matýskova matematika, 6. díl, strana 24, cvičení 1",RYRK48toOCE,https://www.youtube.com/watch?v=RYRK48toOCE
6. díl,https://www.matyskova-matematika.cz/matyskova-matematika-6-dil/video/str-24/,"Matýskova matematika, 6. díl, strana 24, cvičení 2",v--AnYFzInE,https://www.youtube.com/watch?v=v--AnYFzInE
6. díl,https://www.matyskova-matematika.cz/matyskova-matematika-6-dil/video/str-24/,"Matýskova matematika, 6. díl, strana 24, cvičení 3",KP-YWFAJbEg,https://www.youtube.com/watch?v=KP-YWFAJbEg
6. díl,https://www.matyskova-matematika.cz/matyskova-matematika-6-dil/video/str-25/,"Matýskova matematika, 6. díl, strana 25, cvičení 1",Ge8BYjr-k5g,https://www.youtube.com/watch?v=Ge8BYjr-k5g
6. díl,https://www.matyskova-matematika.cz/matyskova-matematika-6-dil/video/str-25/,"Matýskova matematika, 6. díl, strana 25, cvičení 2",S3VR_CGo3mA,https://www.youtube.com/watch?v=S3VR_CGo3mA
6. díl,https://www.matyskova-matematika.cz/matyskova-matematika-6-dil/video/str-25/,"Matýskova matematika, 6. díl, strana 25, cvičení 3",n04oAsBnC0Q,https://www.youtube.com/watch?v=n04oAsBnC0Q
6. díl,https://www.matyskova-matematika.cz/matyskova-matematika-6-dil/video/str-25/,"Matýskova matematika, 6. díl, strana 25, cvičení 4A",xhNwzWPP6oI,https://www.youtube.com/watch?v=xhNwzWPP6oI
6. díl,https://www.matyskova-matematika.cz/matyskova-matematika-6-dil/video/str-25/,"Matýskova matematika, 6. díl, strana 25, cvičení 4B",niKasYGIfXA,https://www.youtube.com/watch?v=niKasYGIfXA
6. díl,https://www.matyskova-matematika.cz/matyskova-matematika-6-dil/video/str-26/,"Matýskova matematika, 6. díl, strana 26, cvičení 1",Df8L3KsLqOk,https://www.youtube.com/watch?v=Df8L3KsLqOk
6. díl,https://www.matyskova-matematika.cz/matyskova-matematika-6-dil/video/str-26/,"Matýskova matematika, 6. díl, strana 26, cvičení 2",-VnoswBIHoQ,https://www.youtube.com/watch?v=-VnoswBIHoQ
6. díl,https://www.matyskova-matematika.cz/matyskova-matematika-6-dil/video/str-26/,"Matýskova matematika, 6. díl, strana 26, cvičení 3",9Feruqr155E,https://www.youtube.com/watch?v=9Feruqr155E
6. díl,https://www.matyskova-matematika.cz/matyskova-matematika-6-dil/video/str-26/,"Matýskova matematika, 6. díl, strana 26, cvičení 4",xCFs0JaZGE0,https://www.youtube.com/watch?v=xCFs0JaZGE0
6. díl,https://www.matyskova-matematika.cz/matyskova-matematika-6-dil/video/str-27/,"Matýskova matematika, 6. díl, strana 27, úvod",izWIWmX_Oe4,https://www.youtube.com/watch?v=izWIWmX_Oe4
6. díl,https://www.matyskova-matematika.cz/matyskova-matematika-6-dil/video/str-27/,"Matýskova matematika, 6. díl, strana 27, cvičení 1",d8cUAOtirLA,https://www.youtube.com/watch?v=d8cUAOtirLA
6. díl,https://www.matyskova-matematika.cz/matyskova-matematika-6-dil/video/str-27/,"Matýskova matematika, 6. díl, strana 27, cvičení 2A",l13SA2gDR7w,https://www.youtube.com/watch?v=l13SA2gDR7w
6. díl,https://www.matyskova-matematika.cz/matyskova-matematika-6-dil/video/str-27/,"Matýskova matematika, 6. díl, strana 27, cvičení 2B",tkKJY2n-5QM,https://www.youtube.com/watch?v=tkKJY2n-5QM
6. díl,https://www.matyskova-matematika.cz/matyskova-matematika-6-dil/video/str-27/,"Matýskova matematika, 6. díl, strana 27, cvičení 3",p4Mj4sRydBA,https://www.youtube.com/watch?v=p4Mj4sRydBA
6. díl,https://www.matyskova-matematika.cz/matyskova-matematika-6-dil/video/str-28/,"Matýskova matematika, 6. díl, strana 28, cvičení 1",0zGnFHu-2iw,https://www.youtube.com/watch?v=0zGnFHu-2iw
6. díl,https://www.matyskova-matematika.cz/matyskova-matematika-6-dil/video/str-28/,"Matýskova matematika, 6. díl, strana 28, cvičení 2",zI1ZPYrXnaY,https://www.youtube.com/watch?v=zI1ZPYrXnaY
6. díl,https://www.matyskova-matematika.cz/matyskova-matematika-6-dil/video/str-28/,"Matýskova matematika, 6. díl, strana 28, cvičení 3",gifVBeWXQKE,https://www.youtube.com/watch?v=gifVBeWXQKE
6. díl,https://www.matyskova-matematika.cz/matyskova-matematika-6-dil/video/str-29/,"Matýskova matematika, 6. díl, strana 29, cvičení 1",7sBGGB0xzJ4,https://www.youtube.com/watch?v=7sBGGB0xzJ4
6. díl,https://www.matyskova-matematika.cz/matyskova-matematika-6-dil/video/str-29/,"Matýskova matematika, 6. díl, strana 29, cvičení 2",1DKFX7d6UdA,https://www.youtube.com/watch?v=1DKFX7d6UdA
6. díl,https://www.matyskova-matematika.cz/matyskova-matematika-6-dil/video/str-29/,"Matýskova matematika, 6. díl, strana 29, cvičení 3",L5FR0pJgayU,https://www.youtube.com/watch?v=L5FR0pJgayU
6. díl,https://www.matyskova-matematika.cz/matyskova-matematika-6-dil/video/str-29/,"Matýskova matematika, 6. díl, strana 29, cvičení 4",IJI6w8LcQYU,https://www.youtube.com/watch?v=IJI6w8LcQYU
6. díl,https://www.matyskova-matematika.cz/matyskova-matematika-6-dil/video/str-30/,"Matýskova matematika, 6. díl, strana 30, cvičení 1",W0qNob8RO1Q,https://www.youtube.com/watch?v=W0qNob8RO1Q
6. díl,https://www.matyskova-matematika.cz/matyskova-matematika-6-dil/video/str-30/,"Matýskova matematika, 6. díl, strana 30, cvičení 2",KjoieEw-ucM,https://www.youtube.com/watch?v=KjoieEw-ucM
6. díl,https://www.matyskova-matematika.cz/matyskova-matematika-6-dil/video/str-30/,"Matýskova matematika, 6. díl, strana 30, cvičení 3",4-0xYdnX5j0,https://www.youtube.com/watch?v=4-0xYdnX5j0
6. díl,https://www.matyskova-matematika.cz/matyskova-matematika-6-dil/video/str-31/,"Matýskova matematika, 6. díl, strana 31, cvičení 1",oLJlYi6Bnag,https://www.youtube.com/watch?v=oLJlYi6Bnag
6. díl,https://www.matyskova-matematika.cz/matyskova-matematika-6-dil/video/str-31/,"Matýskova matematika, 6. díl, strana 31, cvičení 2",p2ToMcXLYOc,https://www.youtube.com/watch?v=p2ToMcXLYOc
6. díl,https://www.matyskova-matematika.cz/matyskova-matematika-6-dil/video/str-31/,"Matýskova matematika, 6. díl, strana 31, cvičení 3",uv0vlf1qns0,https://www.youtube.com/watch?v=uv0vlf1qns0
6. díl,https://www.matyskova-matematika.cz/matyskova-matematika-6-dil/video/str-31/,"Matýskova matematika, 6. díl, strana 31, cvičení 4A",vslTj_dYSkI,https://www.youtube.com/watch?v=vslTj_dYSkI
6. díl,https://www.matyskova-matematika.cz/matyskova-matematika-6-dil/video/str-31/,"Matýskova matematika, 6. díl, strana 31, cvičení 4B",iYwEwcxKbiE,https://www.youtube.com/watch?v=iYwEwcxKbiE
6. díl,https://www.matyskova-matematika.cz/matyskova-matematika-6-dil/video/str-32/,"Matýskova matematika, 6. díl, strana 32, cvičení 1",Kb3io5uWgK4,https://www.youtube.com/watch?v=Kb3io5uWgK4
6. díl,https://www.matyskova-matematika.cz/matyskova-matematika-6-dil/video/str-32/,"Matýskova matematika, 6. díl, strana 32, cvičení 2",NBxl4MjluHc,https://www.youtube.com/watch?v=NBxl4MjluHc
6. díl,https://www.matyskova-matematika.cz/matyskova-matematika-6-dil/video/str-32/,"Matýskova matematika, 6. díl, strana 32, cvičení 3",n-GkmovdVIw,https://www.youtube.com/watch?v=n-GkmovdVIw
6. díl,https://www.matyskova-matematika.cz/matyskova-matematika-6-dil/video/str-32/,"Matýskova matematika, 6. díl, strana 32, cvičení 4",u5eHD0H6ZmM,https://www.youtube.com/watch?v=u5eHD0H6ZmM
6. díl,https://www.matyskova-matematika.cz/matyskova-matematika-6-dil/video/str-33/,"Matýskova matematika, 6. díl, strana 33, cvičení 1",YsUpQdqfY78,https://www.youtube.com/watch?v=YsUpQdqfY78
6. díl,https://www.matyskova-matematika.cz/matyskova-matematika-6-dil/video/str-33/,"Matýskova matematika, 6. díl, strana 33, cvičení 2A",o_Jd_UlZcKM,https://www.youtube.com/watch?v=o_Jd_UlZcKM
6. díl,https://www.matyskova-matematika.cz/matyskova-matematika-6-dil/video/str-33/,"Matýskova matematika, 6. díl, strana 33, cvičení 2B",Yi_xFF2zJCY,https://www.youtube.com/watch?v=Yi_xFF2zJCY
6. díl,https://www.matyskova-matematika.cz/matyskova-matematika-6-dil/video/str-33/,"Matýskova matematika, 6. díl, strana 33, cvičení 3",O2gySdZJ-nQ,https://www.youtube.com/watch?v=O2gySdZJ-nQ
6. díl,https://www.matyskova-matematika.cz/matyskova-matematika-6-dil/video/str-34/,"Matýskova matematika, 6. díl, strana 34, cvičení 1",-sX5JnJdsBY,https://www.youtube.com/watch?v=-sX5JnJdsBY
6. díl,https://www.matyskova-matematika.cz/matyskova-matematika-6-dil/video/str-34/,"Matýskova matematika, 6. díl, strana 34, cvičení 2",EXzjX457WwM,https://www.youtube.com/watch?v=EXzjX457WwM
6. díl,https://www.matyskova-matematika.cz/matyskova-matematika-6-dil/video/str-34/,"Matýskova matematika, 6. díl, strana 34, cvičení 3",nBXepmwfK4s,https://www.youtube.com/watch?v=nBXepmwfK4s
6. díl,https://www.matyskova-matematika.cz/matyskova-matematika-6-dil/video/str-35/,"Matýskova matematika, 6. díl, strana 35, cvičení 1",dXyd7HBoEmY,https://www.youtube.com/watch?v=dXyd7HBoEmY
6. díl,https://www.matyskova-matematika.cz/matyskova-matematika-6-dil/video/str-35/,"Matýskova matematika, 6. díl, strana 35, cvičení 2",CUVtGZMXzdw,https://www.youtube.com/watch?v=CUVtGZMXzdw
6. díl,https://www.matyskova-matematika.cz/matyskova-matematika-6-dil/video/str-35/,"Matýskova matematika, 6. díl, strana 35, cvičení 3",A09QDfaMYVg,https://www.youtube.com/watch?v=A09QDfaMYVg
6. díl,https://www.matyskova-matematika.cz/matyskova-matematika-6-dil/video/str-35/,"Matýskova matematika, 6. díl, strana 35, cvičení 4",S_4QEXFZddU,https://www.youtube.com/watch?v=S_4QEXFZddU
6. díl,https://www.matyskova-matematika.cz/matyskova-matematika-6-dil/video/str-36/,"Matýskova matematika, 6. díl, strana 36, cvičení 1",Oz1qamOXaaY,https://www.youtube.com/watch?v=Oz1qamOXaaY
6. díl,https://www.matyskova-matematika.cz/matyskova-matematika-6-dil/video/str-36/,"Matýskova matematika, 6. díl, strana 36, cvičení 2",6K9Z9hRp6Gs,https://www.youtube.com/watch?v=6K9Z9hRp6Gs
6. díl,https://www.matyskova-matematika.cz/matyskova-matematika-6-dil/video/str-36/,"Matýskova matematika, 6. díl, strana 36, cvičení 3",CJGr1DABldM,https://www.youtube.com/watch?v=CJGr1DABldM
6. díl,https://www.matyskova-matematika.cz/matyskova-matematika-6-dil/video/str-37/,"Matýskova matematika, 6. díl, strana 37, cvičení 1",3kXmT2vzzc8,https://www.youtube.com/watch?v=3kXmT2vzzc8
6. díl,https://www.matyskova-matematika.cz/matyskova-matematika-6-dil/video/str-37/,"Matýskova matematika, 6. díl, strana 37, cvičení 2",9LdRiDSXTwU,https://www.youtube.com/watch?v=9LdRiDSXTwU
6. díl,https://www.matyskova-matematika.cz/matyskova-matematika-6-dil/video/str-37/,"Matýskova matematika, 6. díl, strana 37, cvičení 3A",bZrehIhYveU,https://www.youtube.com/watch?v=bZrehIhYveU
6. díl,https://www.matyskova-matematika.cz/matyskova-matematika-6-dil/video/str-37/,"Matýskova matematika, 6. díl, strana 37, cvičení 3B",BdjrUqKTWCc,https://www.youtube.com/watch?v=BdjrUqKTWCc
6. díl,https://www.matyskova-matematika.cz/matyskova-matematika-6-dil/video/str-37/,"Matýskova matematika, 6. díl, strana 37, cvičení 4",1mj3-Yt0Poc,https://www.youtube.com/watch?v=1mj3-Yt0Poc
6. díl,https://www.matyskova-matematika.cz/matyskova-matematika-6-dil/video/str-38/,"Matýskova matematika, 6. díl, strana 38, cvičení 1",kgiFkc8lU80,https://www.youtube.com/watch?v=kgiFkc8lU80
6. díl,https://www.matyskova-matematika.cz/matyskova-matematika-6-dil/video/str-38/,"Matýskova matematika, 6. díl, strana 38, cvičení 2A",Zy96ePwrJT0,https://www.youtube.com/watch?v=Zy96ePwrJT0
6. díl,https://www.matyskova-matematika.cz/matyskova-matematika-6-dil/video/str-38/,"Matýskova matematika, 6. díl, strana 38, cvičení 2B",2boQcS4sZ7I,https://www.youtube.com/watch?v=2boQcS4sZ7I
6. díl,https://www.matyskova-matematika.cz/matyskova-matematika-6-dil/video/str-38/,"Matýskova matematika, 6. díl, strana 38, cvičení 3",_fGmup-8n0o,https://www.youtube.com/watch?v=_fGmup-8n0o
6. díl,https://www.matyskova-matematika.cz/matyskova-matematika-6-dil/video/str-39/,"Matýskova matematika, 6. díl, strana 39, cvičení 1",-2q1vcsXyPg,https://www.youtube.com/watch?v=-2q1vcsXyPg
6. díl,https://www.matyskova-matematika.cz/matyskova-matematika-6-dil/video/str-39/,"Matýskova matematika, 6. díl, strana 39, cvičení 2",tXL1IvTotVg,https://www.youtube.com/watch?v=tXL1IvTotVg
6. díl,https://www.matyskova-matematika.cz/matyskova-matematika-6-dil/video/str-39/,"Matýskova matematika, 6. díl, strana 39, cvičení 3",tJvosl5xs04,https://www.youtube.com/watch?v=tJvosl5xs04
6. díl,https://www.matyskova-matematika.cz/matyskova-matematika-6-dil/video/str-39/,"Matýskova matematika, 6. díl, strana 39, cvičení 4",919fDGYhSwE,https://www.youtube.com/watch?v=919fDGYhSwE
6. díl,https://www.matyskova-matematika.cz/matyskova-matematika-6-dil/video/str-39/,"Matýskova matematika, 6. díl, strana 39, cvičení 5",2w1WxrsmgZA,https://www.youtube.com/watch?v=2w1WxrsmgZA
6. díl,https://www.matyskova-matematika.cz/matyskova-matematika-6-dil/video/str-40/,"Matýskova matematika, 6. díl, strana 40, cvičení 1",iUgnIRxV8l8,https://www.youtube.com/watch?v=iUgnIRxV8l8
6. díl,https://www.matyskova-matematika.cz/matyskova-matematika-6-dil/video/str-40/,"Matýskova matematika, 6. díl, strana 40, cvičení 2",hZTZvCwb2Ek,https://www.youtube.com/watch?v=hZTZvCwb2Ek
6. díl,https://www.matyskova-matematika.cz/matyskova-matematika-6-dil/video/str-40/,"Matýskova matematika, 6. díl, strana 40, cvičení 3",nQGUkr8kp58,https://www.youtube.com/watch?v=nQGUkr8kp58
6. díl,https://www.matyskova-matematika.cz/matyskova-matematika-6-dil/video/str-40/,"Matýskova matematika, 6. díl, strana 40, cvičení 4",DHWLbR8mkrs,https://www.youtube.com/watch?v=DHWLbR8mkrs
6. díl,https://www.matyskova-matematika.cz/matyskova-matematika-6-dil/video/str-40/,"Matýskova matematika, 6. díl, strana 40, cvičení 5",6L73lX9pLJU,https://www.youtube.com/watch?v=6L73lX9pLJU
6. díl,https://www.matyskova-matematika.cz/matyskova-matematika-6-dil/video/str-41/,"Matýskova matematika, 6. díl, strana 41, cvičení 1",p3e6kT3kw8k,https://www.youtube.com/watch?v=p3e6kT3kw8k
6. díl,https://www.matyskova-matematika.cz/matyskova-matematika-6-dil/video/str-41/,"Matýskova matematika, 6. díl, strana 41, cvičení 2",QMeuzSiWWo8,https://www.youtube.com/watch?v=QMeuzSiWWo8
6. díl,https://www.matyskova-matematika.cz/matyskova-matematika-6-dil/video/str-41/,"Matýskova matematika, 6. díl, strana 41, cvičení 3 vysvětlení",yOGBys-mXrk,https://www.youtube.com/watch?v=yOGBys-mXrk
6. díl,https://www.matyskova-matematika.cz/matyskova-matematika-6-dil/video/str-41/,"Matýskova matematika, 6. díl, strana 41, cvičení 3",6LsfmkEr0fQ,https://www.youtube.com/watch?v=6LsfmkEr0fQ
6. díl,https://www.matyskova-matematika.cz/matyskova-matematika-6-dil/video/str-42/,"Matýskova matematika, 6. díl, strana 42, úvod",BsTA4hXBTK0,https://www.youtube.com/watch?v=BsTA4hXBTK0
6. díl,https://www.matyskova-matematika.cz/matyskova-matematika-6-dil/video/str-42/,"Matýskova matematika, 6. díl, strana 42, cvičení 1",BBfgJwmNSIA,https://www.youtube.com/watch?v=BBfgJwmNSIA
6. díl,https://www.matyskova-matematika.cz/matyskova-matematika-6-dil/video/str-42/,"Matýskova matematika, 6. díl, strana 42, cvičení 2",tN8JpUX7_uU,https://www.youtube.com/watch?v=tN8JpUX7_uU
6. díl,https://www.matyskova-matematika.cz/matyskova-matematika-6-dil/video/str-42/,"Matýskova matematika, 6. díl, strana 42, cvičení 3A",odC2LL4Ot74,https://www.youtube.com/watch?v=odC2LL4Ot74
6. díl,https://www.matyskova-matematika.cz/matyskova-matematika-6-dil/video/str-42/,"Matýskova matematika, 6. díl, strana 42, cvičení 3B",UUSKs9O-AMw,https://www.youtube.com/watch?v=UUSKs9O-AMw
6. díl,https://www.matyskova-matematika.cz/matyskova-matematika-6-dil/video/str-42/,"Matýskova matematika, 6. díl, strana 42, cvičení 3C",V9M629XHX0Q,https://www.youtube.com/watch?v=V9M629XHX0Q
6. díl,https://www.matyskova-matematika.cz/matyskova-matematika-6-dil/video/str-42/,"Matýskova matematika, 6. díl, strana 42, cvičení 3D",yaPZ9Q3TfSY,https://www.youtube.com/watch?v=yaPZ9Q3TfSY
6. díl,https://www.matyskova-matematika.cz/matyskova-matematika-6-dil/video/str-42/,"Matýskova matematika, 6. díl, strana 42, cvičení 4",TBTE8gx_73Q,https://www.youtube.com/watch?v=TBTE8gx_73Q
6. díl,https://www.matyskova-matematika.cz/matyskova-matematika-6-dil/video/str-43/,"Matýskova matematika, 6. díl, strana 43, cvičení 1",Xv8HZ75d5O4,https://www.youtube.com/watch?v=Xv8HZ75d5O4
6. díl,https://www.matyskova-matematika.cz/matyskova-matematika-6-dil/video/str-43/,"Matýskova matematika, 6. díl, strana 43, cvičení 2",LZm0VuzVR6I,https://www.youtube.com/watch?v=LZm0VuzVR6I
6. díl,https://www.matyskova-matematika.cz/matyskova-matematika-6-dil/video/str-43/,"Matýskova matematika, 6. díl, strana 43, cvičení 3",-iNRl-uf24A,https://www.youtube.com/watch?v=-iNRl-uf24A
6. díl,https://www.matyskova-matematika.cz/matyskova-matematika-6-dil/video/str-44/,"Matýskova matematika, 6. díl, strana 44, cvičení 1",5Fm4IgtSk5U,https://www.youtube.com/watch?v=5Fm4IgtSk5U
6. díl,https://www.matyskova-matematika.cz/matyskova-matematika-6-dil/video/str-44/,"Matýskova matematika, 6. díl, strana 44, cvičení 2",J_B-cUFmD5U,https://www.youtube.com/watch?v=J_B-cUFmD5U
6. díl,https://www.matyskova-matematika.cz/matyskova-matematika-6-dil/video/str-44/,"Matýskova matematika, 6. díl, strana 44, cvičení 3A",LK-6quvijlU,https://www.youtube.com/watch?v=LK-6quvijlU
6. díl,https://www.matyskova-matematika.cz/matyskova-matematika-6-dil/video/str-44/,"Matýskova matematika, 6. díl, strana 44, cvičení 3B",25W5Wc2S5g4,https://www.youtube.com/watch?v=25W5Wc2S5g4
6. díl,https://www.matyskova-matematika.cz/matyskova-matematika-6-dil/video/str-44/,"Matýskova matematika, 6. díl, strana 44, cvičení 4",-dOUkXxLW20,https://www.youtube.com/watch?v=-dOUkXxLW20
6. díl,https://www.matyskova-matematika.cz/matyskova-matematika-6-dil/video/str-45/,"Matýskova matematika, 6. díl, strana 45, cvičení 1",9FDD2ZBTSxk,https://www.youtube.com/watch?v=9FDD2ZBTSxk
6. díl,https://www.matyskova-matematika.cz/matyskova-matematika-6-dil/video/str-45/,"Matýskova matematika, 6. díl, strana 45, cvičení 2A",azrLAL0ZQtU,https://www.youtube.com/watch?v=azrLAL0ZQtU
6. díl,https://www.matyskova-matematika.cz/matyskova-matematika-6-dil/video/str-45/,"Matýskova matematika, 6. díl, strana 45, cvičení 2B",7L6I4Hoi-i4,https://www.youtube.com/watch?v=7L6I4Hoi-i4
6. díl,https://www.matyskova-matematika.cz/matyskova-matematika-6-dil/video/str-45/,"Matýskova matematika, 6. díl, strana 45, cvičení 3",-NBn1Uzlipg,https://www.youtube.com/watch?v=-NBn1Uzlipg
6. díl,https://www.matyskova-matematika.cz/matyskova-matematika-6-dil/video/str-46/,"Matýskova matematika, 6. díl, strana 46, cvičení 2",nrU6xyNnjtU,https://www.youtube.com/watch?v=nrU6xyNnjtU
6. díl,https://www.matyskova-matematika.cz/matyskova-matematika-6-dil/video/str-46/,"Matýskova matematika, 6. díl, strana 46, cvičení 3",Rv671EyTrRs,https://www.youtube.com/watch?v=Rv671EyTrRs
6. díl,https://www.matyskova-matematika.cz/matyskova-matematika-6-dil/video/str-46/,"Matýskova matematika, 6. díl, strana 46, cvičení 4",XjEhlFT5nog,https://www.youtube.com/watch?v=XjEhlFT5nog
6. díl,https://www.matyskova-matematika.cz/matyskova-matematika-6-dil/video/str-46/,"Matýskova matematika, 6. díl, strana 46, cvičení 5",feR0TEamf24,https://www.youtube.com/watch?v=feR0TEamf24
6. díl,https://www.matyskova-matematika.cz/matyskova-matematika-6-dil/video/str-47/,"Matýskova matematika, 6. díl, strana 47, cvičení 1",47_HBBExbto,https://www.youtube.com/watch?v=47_HBBExbto
6. díl,https://www.matyskova-matematika.cz/matyskova-matematika-6-dil/video/str-47/,"Matýskova matematika, 6. díl, strana 47, cvičení 2",2bqyMNwhtCw,https://www.youtube.com/watch?v=2bqyMNwhtCw
6. díl,https://www.matyskova-matematika.cz/matyskova-matematika-6-dil/video/str-47/,"Matýskova matematika, 6. díl, strana 47, cvičení 3",1inPpMKTQNI,https://www.youtube.com/watch?v=1inPpMKTQNI
6. díl,https://www.matyskova-matematika.cz/matyskova-matematika-6-dil/video/str-48/,"Matýskova matematika, 6. díl, strana 48, cvičení 1",R2JhpbeJH_0,https://www.youtube.com/watch?v=R2JhpbeJH_0
6. díl,https://www.matyskova-matematika.cz/matyskova-matematika-6-dil/video/str-48/,"Matýskova matematika, 6. díl, strana 48, cvičení 3A",UxnsB0ZoQ6k,https://www.youtube.com/watch?v=UxnsB0ZoQ6k
6. díl,https://www.matyskova-matematika.cz/matyskova-matematika-6-dil/video/str-48/,"Matýskova matematika, 6. díl, strana 48, cvičení 3B",TxDG2CceTEw,https://www.youtube.com/watch?v=TxDG2CceTEw
6. díl,https://www.matyskova-matematika.cz/matyskova-matematika-6-dil/video/str-48/,"Matýskova matematika, 6. díl, strana 48, cvičení 4",zVB0zv1Oi48,https://www.youtube.com/watch?v=zVB0zv1Oi48
6. díl,https://www.matyskova-matematika.cz/matyskova-matematika-6-dil/video/str-49/,"Matýskova matematika, 6. díl, strana 49, cvičení 1",Q0CsxOVe_fg,https://www.youtube.com/watch?v=Q0CsxOVe_fg
6. díl,https://www.matyskova-matematika.cz/matyskova-matematika-6-dil/video/str-49/,"Matýskova matematika, 6. díl, strana 49, cvičení 2A",jCPQ8Bz6QR0,https://www.youtube.com/watch?v=jCPQ8Bz6QR0
6. díl,https://www.matyskova-matematika.cz/matyskova-matematika-6-dil/video/str-49/,"Matýskova matematika, 6. díl, strana 49, cvičení 2B",5zb7MepCZZY,https://www.youtube.com/watch?v=5zb7MepCZZY
6. díl,https://www.matyskova-matematika.cz/matyskova-matematika-6-dil/video/str-49/,"Matýskova matematika, 6. díl, strana 49, cvičení 3",7pcNYgSrWNo,https://www.youtube.com/watch?v=7pcNYgSrWNo
6. díl,https://www.matyskova-matematika.cz/matyskova-matematika-6-dil/video/str-50/,"Matýskova matematika, 6. díl, strana 50, cvičení 1",a6s-4YB3HBA,https://www.youtube.com/watch?v=a6s-4YB3HBA
6. díl,https://www.matyskova-matematika.cz/matyskova-matematika-6-dil/video/str-50/,"Matýskova matematika, 6. díl, strana 50, cvičení 2",wp4DqUFQnyI,https://www.youtube.com/watch?v=wp4DqUFQnyI
6. díl,https://www.matyskova-matematika.cz/matyskova-matematika-6-dil/video/str-50/,"Matýskova matematika, 6. díl, strana 50, cvičení 3",C9JK2BCaRP0,https://www.youtube.com/watch?v=C9JK2BCaRP0
6. díl,https://www.matyskova-matematika.cz/matyskova-matematika-6-dil/video/str-50/,"Matýskova matematika, 6. díl, strana 50, cvičení 4",c7Tno7dapbU,https://www.youtube.com/watch?v=c7Tno7dapbU
6. díl,https://www.matyskova-matematika.cz/matyskova-matematika-6-dil/video/str-50/,"Matýskova matematika, 6. díl, strana 50, cvičení 5",L2yUyKAeX3o,https://www.youtube.com/watch?v=L2yUyKAeX3o
6. díl,https://www.matyskova-matematika.cz/matyskova-matematika-6-dil/video/str-51/,"Matýskova matematika, 6. díl, strana 51, cvičení 1",q_C4oDbSR60,https://www.youtube.com/watch?v=q_C4oDbSR60
6. díl,https://www.matyskova-matematika.cz/matyskova-matematika-6-dil/video/str-51/,"Matýskova matematika, 6. díl, strana 51, cvičení 2",x7LY1ty2Zg4,https://www.youtube.com/watch?v=x7LY1ty2Zg4
6. díl,https://www.matyskova-matematika.cz/matyskova-matematika-6-dil/video/str-51/,"Matýskova matematika, 6. díl, strana 51, cvičení 3",5W_vpilOzbU,https://www.youtube.com/watch?v=5W_vpilOzbU
6. díl,https://www.matyskova-matematika.cz/matyskova-matematika-6-dil/video/str-51/,"Matýskova matematika, 6. díl, strana 51, cvičení 4",l1MoY9P16gw,https://www.youtube.com/watch?v=l1MoY9P16gw
6. díl,https://www.matyskova-matematika.cz/matyskova-matematika-6-dil/video/str-51/,"Matýskova matematika, 6. díl, strana 51, cvičení 5",tVG-N-ZfXpA,https://www.youtube.com/watch?v=tVG-N-ZfXpA
6. díl,https://www.matyskova-matematika.cz/matyskova-matematika-6-dil/video/str-52/,"Matýskova matematika, 6. díl, strana 52, cvičení 1",4Pn82qMEHuk,https://www.youtube.com/watch?v=4Pn82qMEHuk
6. díl,https://www.matyskova-matematika.cz/matyskova-matematika-6-dil/video/str-52/,"Matýskova matematika, 6. díl, strana 52, cvičení 2",qRH2Ln0jXB0,https://www.youtube.com/watch?v=qRH2Ln0jXB0
6. díl,https://www.matyskova-matematika.cz/matyskova-matematika-6-dil/video/str-52/,"Matýskova matematika, 6. díl, strana 52, cvičení 3 vysvětlení",s-UXMmC47Fc,https://www.youtube.com/watch?v=s-UXMmC47Fc
6. díl,https://www.matyskova-matematika.cz/matyskova-matematika-6-dil/video/str-52/,"Matýskova matematika, 6. díl, strana 52, cvičení 3A",oWBw7gE4k2g,https://www.youtube.com/watch?v=oWBw7gE4k2g
6. díl,https://www.matyskova-matematika.cz/matyskova-matematika-6-dil/video/str-52/,"Matýskova matematika, 6. díl, strana 52, cvičení 3B",TW2sQcq9qzw,https://www.youtube.com/watch?v=TW2sQcq9qzw
6. díl,https://www.matyskova-matematika.cz/matyskova-matematika-6-dil/video/str-53/,"Matýskova matematika, 6. díl, strana 53, úvod",dw7JYyPWLOo,https://www.youtube.com/watch?v=dw7JYyPWLOo
6. díl,https://www.matyskova-matematika.cz/matyskova-matematika-6-dil/video/str-53/,"Matýskova matematika, 6. díl, strana 53, cvičení 1",rHpkLUCIAmg,https://www.youtube.com/watch?v=rHpkLUCIAmg
6. díl,https://www.matyskova-matematika.cz/matyskova-matematika-6-dil/video/str-53/,"Matýskova matematika, 6. díl, strana 53, cvičení 2 vysvětlení",XY3-MTElmJM,https://www.youtube.com/watch?v=XY3-MTElmJM
6. díl,https://www.matyskova-matematika.cz/matyskova-matematika-6-dil/video/str-53/,"Matýskova matematika, 6. díl, strana 53, cvičení 2A",h6BYGE8lM0w,https://www.youtube.com/watch?v=h6BYGE8lM0w
6. díl,https://www.matyskova-matematika.cz/matyskova-matematika-6-dil/video/str-53/,"Matýskova matematika, 6. díl, strana 53, cvičení 2B",mG7IaRXY0jk,https://www.youtube.com/watch?v=mG7IaRXY0jk
6. díl,https://www.matyskova-matematika.cz/matyskova-matematika-6-dil/video/str-53/,"Matýskova matematika, 6. díl, strana 53, cvičení 2C",q8hzKsIPwlA,https://www.youtube.com/watch?v=q8hzKsIPwlA
6. díl,https://www.matyskova-matematika.cz/matyskova-matematika-6-dil/video/str-53/,"Matýskova matematika, 6. díl, strana 53, cvičení 2D",TdDn1CyxAyg,https://www.youtube.com/watch?v=TdDn1CyxAyg
6. díl,https://www.matyskova-matematika.cz/matyskova-matematika-6-dil/video/str-53/,"Matýskova matematika, 6. díl, strana 53, cvičení 3",QG8rkUlvDeo,https://www.youtube.com/watch?v=QG8rkUlvDeo
6. díl,https://www.matyskova-matematika.cz/matyskova-matematika-6-dil/video/str-54/,"Matýskova matematika, 6. díl, strana 54, cvičení 1",BzaWz0PFjTc,https://www.youtube.com/watch?v=BzaWz0PFjTc
6. díl,https://www.matyskova-matematika.cz/matyskova-matematika-6-dil/video/str-54/,"Matýskova matematika, 6. díl, strana 54, cvičení 2",1a_7I-jnVfE,https://www.youtube.com/watch?v=1a_7I-jnVfE
6. díl,https://www.matyskova-matematika.cz/matyskova-matematika-6-dil/video/str-54/,"Matýskova matematika, 6. díl, strana 54, cvičení 3",h3uSXi211l0,https://www.youtube.com/watch?v=h3uSXi211l0
6. díl,https://www.matyskova-matematika.cz/matyskova-matematika-6-dil/video/str-55/,"Matýskova matematika, 6. díl, strana 55, cvičení 1",1PH1s5oQDaE,https://www.youtube.com/watch?v=1PH1s5oQDaE
6. díl,https://www.matyskova-matematika.cz/matyskova-matematika-6-dil/video/str-55/,"Matýskova matematika, 6. díl, strana 55, cvičení 2A",IETyuqsKqcY,https://www.youtube.com/watch?v=IETyuqsKqcY
6. díl,https://www.matyskova-matematika.cz/matyskova-matematika-6-dil/video/str-55/,"Matýskova matematika, 6. díl, strana 55, cvičení 2B",1zdm1o58BtE,https://www.youtube.com/watch?v=1zdm1o58BtE
6. díl,https://www.matyskova-matematika.cz/matyskova-matematika-6-dil/video/str-55/,"Matýskova matematika, 6. díl, strana 55, cvičení 3",2nZTdnKmGJI,https://www.youtube.com/watch?v=2nZTdnKmGJI
6. díl,https://www.matyskova-matematika.cz/matyskova-matematika-6-dil/video/str-56/,"Matýskova matematika, 6. díl, strana 56, cvičení 1",hmiDCaw7uqw,https://www.youtube.com/watch?v=hmiDCaw7uqw
6. díl,https://www.matyskova-matematika.cz/matyskova-matematika-6-dil/video/str-56/,"Matýskova matematika, 6. díl, strana 56, cvičení 2A",iLUbDjmq6eg,https://www.youtube.com/watch?v=iLUbDjmq6eg
6. díl,https://www.matyskova-matematika.cz/matyskova-matematika-6-dil/video/str-56/,"Matýskova matematika, 6. díl, strana 56, cvičení 2B",VzH4xpR25jk,https://www.youtube.com/watch?v=VzH4xpR25jk
6. díl,https://www.matyskova-matematika.cz/matyskova-matematika-6-dil/video/str-56/,"Matýskova matematika, 6. díl, strana 56, cvičení 3",6Yf_WhD8Xg8,https://www.youtube.com/watch?v=6Yf_WhD8Xg8
6. díl,https://www.matyskova-matematika.cz/matyskova-matematika-6-dil/video/str-57/,"Matýskova matematika, 6. díl, strana 57, cvičení 1",rPSVqxKgmAw,https://www.youtube.com/watch?v=rPSVqxKgmAw
6. díl,https://www.matyskova-matematika.cz/matyskova-matematika-6-dil/video/str-57/,"Matýskova matematika, 6. díl, strana 57, cvičení 2",L4oo1PNtdmI,https://www.youtube.com/watch?v=L4oo1PNtdmI
6. díl,https://www.matyskova-matematika.cz/matyskova-matematika-6-dil/video/str-57/,"Matýskova matematika, 6. díl, strana 57, cvičení 3",LGFArXkw_oc,https://www.youtube.com/watch?v=LGFArXkw_oc
6. díl,https://www.matyskova-matematika.cz/matyskova-matematika-6-dil/video/str-57/,"Matýskova matematika, 6. díl, strana 57, cvičení 4",vBuaP-fxuUY,https://www.youtube.com/watch?v=vBuaP-fxuUY
6. díl,https://www.matyskova-matematika.cz/matyskova-matematika-6-dil/video/str-57/,"Matýskova matematika, 6. díl, strana 57, cvičení 5",TtaSReSRFPQ,https://www.youtube.com/watch?v=TtaSReSRFPQ
6. díl,https://www.matyskova-matematika.cz/matyskova-matematika-6-dil/video/str-58/,"Matýskova matematika, 6. díl, strana 58, cvičení 1",vnkHnj0LF14,https://www.youtube.com/watch?v=vnkHnj0LF14
6. díl,https://www.matyskova-matematika.cz/matyskova-matematika-6-dil/video/str-58/,"Matýskova matematika, 6. díl, strana 58, cvičení 2",NnVnhz4Xzbo,https://www.youtube.com/watch?v=NnVnhz4Xzbo
6. díl,https://www.matyskova-matematika.cz/matyskova-matematika-6-dil/video/str-58/,"Matýskova matematika, 6. díl, strana 58, cvičení 3",EoDE_SZSgBo,https://www.youtube.com/watch?v=EoDE_SZSgBo
6. díl,https://www.matyskova-matematika.cz/matyskova-matematika-6-dil/video/str-59/,"Matýskova matematika, 6. díl, strana 59, cvičení 1",6SLMXXdKQy8,https://www.youtube.com/watch?v=6SLMXXdKQy8
6. díl,https://www.matyskova-matematika.cz/matyskova-matematika-6-dil/video/str-59/,"Matýskova matematika, 6. díl, strana 59, cvičení 2A",Ev8hlbiltes,https://www.youtube.com/watch?v=Ev8hlbiltes
6. díl,https://www.matyskova-matematika.cz/matyskova-matematika-6-dil/video/str-59/,"Matýskova matematika, 6. díl, strana 59, cvičení 2B",haxQIFCr_1E,https://www.youtube.com/watch?v=haxQIFCr_1E
6. díl,https://www.matyskova-matematika.cz/matyskova-matematika-6-dil/video/str-59/,"Matýskova matematika, 6. díl, strana 59, cvičení 3",h1bs_C2EYJY,https://www.youtube.com/watch?v=h1bs_C2EYJY
6. díl,https://www.matyskova-matematika.cz/matyskova-matematika-6-dil/video/str-60/,"Matýskova matematika, 6. díl, strana 60, cvičení 1",jsnS6bhwGD8,https://www.youtube.com/watch?v=jsnS6bhwGD8
6. díl,https://www.matyskova-matematika.cz/matyskova-matematika-6-dil/video/str-60/,"Matýskova matematika, 6. díl, strana 60, cvičení 2A",mMuiRJU7tXY,https://www.youtube.com/watch?v=mMuiRJU7tXY
6. díl,https://www.matyskova-matematika.cz/matyskova-matematika-6-dil/video/str-60/,"Matýskova matematika, 6. díl, strana 60, cvičení 2B",JZY0CluOSik,https://www.youtube.com/watch?v=JZY0CluOSik
6. díl,https://www.matyskova-matematika.cz/matyskova-matematika-6-dil/video/str-60/,"Matýskova matematika, 6. díl, strana 60, cvičení 3",DP38hmPub74,https://www.youtube.com/watch?v=DP38hmPub74
6. díl,https://www.matyskova-matematika.cz/matyskova-matematika-6-dil/video/str-61/,"Matýskova matematika, 6. díl, strana 61, cvičení 1",V2uqjlh-OXc,https://www.youtube.com/watch?v=V2uqjlh-OXc
6. díl,https://www.matyskova-matematika.cz/matyskova-matematika-6-dil/video/str-61/,"Matýskova matematika, 6. díl, strana 61, cvičení 2",J-L2gduzVzw,https://www.youtube.com/watch?v=J-L2gduzVzw
6. díl,https://www.matyskova-matematika.cz/matyskova-matematika-6-dil/video/str-61/,"Matýskova matematika, 6. díl, strana 61, cvičení 3",wKFptomC2Qg,https://www.youtube.com/watch?v=wKFptomC2Qg
6. díl,https://www.matyskova-matematika.cz/matyskova-matematika-6-dil/video/str-61/,"Matýskova matematika, 6. díl, strana 61, cvičení 4",Jj-d2Mia-q0,https://www.youtube.com/watch?v=Jj-d2Mia-q0
6. díl,https://www.matyskova-matematika.cz/matyskova-matematika-6-dil/video/str-61/,"Matýskova matematika, 6. díl, strana 61, cvičení 5",yqSL1FZPId0,https://www.youtube.com/watch?v=yqSL1FZPId0
6. díl,https://www.matyskova-matematika.cz/matyskova-matematika-6-dil/video/str-62/,"Matýskova matematika, 6. díl, strana 62, cvičení 1",mUIt_p2c9MM,https://www.youtube.com/watch?v=mUIt_p2c9MM
6. díl,https://www.matyskova-matematika.cz/matyskova-matematika-6-dil/video/str-62/,"Matýskova matematika, 6. díl, strana 62, cvičení 2",N0Wa9qw3UUc,https://www.youtube.com/watch?v=N0Wa9qw3UUc
6. díl,https://www.matyskova-matematika.cz/matyskova-matematika-6-dil/video/str-62/,"Matýskova matematika, 6. díl, strana 62, cvičení 3",sjQeG1OoRNI,https://www.youtube.com/watch?v=sjQeG1OoRNI
6. díl,https://www.matyskova-matematika.cz/matyskova-matematika-6-dil/video/str-62/,"Matýskova matematika, 6. díl, strana 62, cvičení 4",APVjWu6BU88,https://www.youtube.com/watch?v=APVjWu6BU88
6. díl,https://www.matyskova-matematika.cz/matyskova-matematika-6-dil/video/str-62/,"Matýskova matematika, 6. díl, strana 62, cvičení 5",lZcEHAUBwcY,https://www.youtube.com/watch?v=lZcEHAUBwcY
6. díl,https://www.matyskova-matematika.cz/matyskova-matematika-6-dil/video/str-63/,"Matýskova matematika, 6. díl, strana 63, cvičení 1",RWYETaRvGCw,https://www.youtube.com/watch?v=RWYETaRvGCw
6. díl,https://www.matyskova-matematika.cz/matyskova-matematika-6-dil/video/str-63/,"Matýskova matematika, 6. díl, strana 63, cvičení 2",7NddtfKhO_Y,https://www.youtube.com/watch?v=7NddtfKhO_Y
6. díl,https://www.matyskova-matematika.cz/matyskova-matematika-6-dil/video/str-63/,"Matýskova matematika, 6. díl, strana 63, cvičení 3",qmSFbbmVTFc,https://www.youtube.com/watch?v=qmSFbbmVTFc
6. díl,https://www.matyskova-matematika.cz/matyskova-matematika-6-dil/video/str-64/,"Matýskova matematika, 6. díl, strana 64, úvod 1",Zc_PBbm6D6Q,https://www.youtube.com/watch?v=Zc_PBbm6D6Q
6. díl,https://www.matyskova-matematika.cz/matyskova-matematika-6-dil/video/str-64/,"Matýskova matematika, 6. díl, strana 64, úvod 2",u6BkteYiV3w,https://www.youtube.com/watch?v=u6BkteYiV3w
6. díl,https://www.matyskova-matematika.cz/matyskova-matematika-6-dil/video/str-64/,"Matýskova matematika, 6. díl, strana 64, cvičení 1",18mQf1S2K6c,https://www.youtube.com/watch?v=18mQf1S2K6c
6. díl,https://www.matyskova-matematika.cz/matyskova-matematika-6-dil/video/str-64/,"Matýskova matematika, 6. díl, strana 64, cvičení 2A",1JZUS24C6Iw,https://www.youtube.com/watch?v=1JZUS24C6Iw
6. díl,https://www.matyskova-matematika.cz/matyskova-matematika-6-dil/video/str-64/,"Matýskova matematika, 6. díl, strana 64, cvičení 2B",cSve8ik93qU,https://www.youtube.com/watch?v=cSve8ik93qU
6. díl,https://www.matyskova-matematika.cz/matyskova-matematika-6-dil/video/str-64/,"Matýskova matematika, 6. díl, strana 64, cvičení 2C",PTgMRgoud2A,https://www.youtube.com/watch?v=PTgMRgoud2A
6. díl,https://www.matyskova-matematika.cz/matyskova-matematika-6-dil/video/str-64/,"Matýskova matematika, 6. díl, strana 64, cvičení 3",Dabjj1PHug8,https://www.youtube.com/watch?v=Dabjj1PHug8
7. díl,https://www.matyskova-matematika.cz/7-dil/video/str-2/,"Matýskova matematika, 7. díl, strana 2, cvičení 1",2PUQXp4u3yI,https://www.youtube.com/watch?v=2PUQXp4u3yI
7. díl,https://www.matyskova-matematika.cz/7-dil/video/str-2/,"Matýskova matematika, 7. díl, strana 2, cvičení 2",sItuCNZF6kM,https://www.youtube.com/watch?v=sItuCNZF6kM
7. díl,https://www.matyskova-matematika.cz/7-dil/video/str-2/,"Matýskova matematika, 7. díl, strana 2, cvičení 3",Y4FdhuEqYOA,https://www.youtube.com/watch?v=Y4FdhuEqYOA
7. díl,https://www.matyskova-matematika.cz/7-dil/video/str-2/,"Matýskova matematika, 7. díl, strana 2, cvičení 4",SFSwz0Uw8P4,https://www.youtube.com/watch?v=SFSwz0Uw8P4
7. díl,https://www.matyskova-matematika.cz/7-dil/video/str-2/,"Matýskova matematika, 7. díl, strana 2, cvičení 5",ptWlDGFUWR0,https://www.youtube.com/watch?v=ptWlDGFUWR0
7. díl,https://www.matyskova-matematika.cz/7-dil/video/str-3/,"Matýskova matematika, 7. díl, strana 3, cvičení 1",xs67XE2Nz_A,https://www.youtube.com/watch?v=xs67XE2Nz_A
7. díl,https://www.matyskova-matematika.cz/7-dil/video/str-3/,"Matýskova matematika, 7. díl, strana 3, cvičení 2",ewK532T99eI,https://www.youtube.com/watch?v=ewK532T99eI
7. díl,https://www.matyskova-matematika.cz/7-dil/video/str-3/,"Matýskova matematika, 7. díl, strana 3, cvičení 3",2IZamkL81eI,https://www.youtube.com/watch?v=2IZamkL81eI
7. díl,https://www.matyskova-matematika.cz/7-dil/video/str-3/,"Matýskova matematika, 7. díl, strana 3, cvičení 4",IvXE9iBuROk,https://www.youtube.com/watch?v=IvXE9iBuROk
7. díl,https://www.matyskova-matematika.cz/7-dil/video/str-4/,"Matýskova matematika, 7. díl, strana 4, cvičení 1",ZDyGnc4EgW4,https://www.youtube.com/watch?v=ZDyGnc4EgW4
7. díl,https://www.matyskova-matematika.cz/7-dil/video/str-4/,"Matýskova matematika, 7. díl, strana 4, cvičení 2",3YC86SOKWG0,https://www.youtube.com/watch?v=3YC86SOKWG0
7. díl,https://www.matyskova-matematika.cz/7-dil/video/str-4/,"Matýskova matematika, 7. díl, strana 4, cvičení 3",mrr52Tuu8jg,https://www.youtube.com/watch?v=mrr52Tuu8jg
7. díl,https://www.matyskova-matematika.cz/7-dil/video/str-5/,"Matýskova matematika, 7. díl, strana 5, cvičení 1",-YXJVBTQdkk,https://www.youtube.com/watch?v=-YXJVBTQdkk
7. díl,https://www.matyskova-matematika.cz/7-dil/video/str-5/,"Matýskova matematika, 7. díl, strana 5, cvičení 2",zr42vII-NWg,https://www.youtube.com/watch?v=zr42vII-NWg
7. díl,https://www.matyskova-matematika.cz/7-dil/video/str-5/,"Matýskova matematika, 7. díl, strana 5, cvičení 3",6Bn6P0xEndA,https://www.youtube.com/watch?v=6Bn6P0xEndA
7. díl,https://www.matyskova-matematika.cz/7-dil/video/str-5/,"Matýskova matematika, 7. díl, strana 5, cvičení 4",fB3ltbc8oHI,https://www.youtube.com/watch?v=fB3ltbc8oHI
7. díl,https://www.matyskova-matematika.cz/7-dil/video/str-6/,"Matýskova matematika, 7. díl, strana 6, cvičení 1",7cWhxZjedrs,https://www.youtube.com/watch?v=7cWhxZjedrs
7. díl,https://www.matyskova-matematika.cz/7-dil/video/str-6/,"Matýskova matematika, 7. díl, strana 6, cvičení 2",4EQsDSeKaDU,https://www.youtube.com/watch?v=4EQsDSeKaDU
7. díl,https://www.matyskova-matematika.cz/7-dil/video/str-6/,"Matýskova matematika, 7. díl, strana 6, cvičení 3",MRjpFiPhxCg,https://www.youtube.com/watch?v=MRjpFiPhxCg
7. díl,https://www.matyskova-matematika.cz/7-dil/video/str-6/,"Matýskova matematika, 7. díl, strana 6, cvičení 4",GB-opKLTpBI,https://www.youtube.com/watch?v=GB-opKLTpBI
7. díl,https://www.matyskova-matematika.cz/7-dil/video/str-7/,"Matýskova matematika, 7. díl, strana 7, cvičení 1",2gUihfyHQqA,https://www.youtube.com/watch?v=2gUihfyHQqA
7. díl,https://www.matyskova-matematika.cz/7-dil/video/str-7/,"Matýskova matematika, 7. díl, strana 7, cvičení 2",0HGmZpv5iB8,https://www.youtube.com/watch?v=0HGmZpv5iB8
7. díl,https://www.matyskova-matematika.cz/7-dil/video/str-7/,"Matýskova matematika, 7. díl, strana 7, cvičení 3",KrdrvYWS3OM,https://www.youtube.com/watch?v=KrdrvYWS3OM
7. díl,https://www.matyskova-matematika.cz/7-dil/video/str-7/,"Matýskova matematika, 7. díl, strana 7, cvičení 4",N6qbEaWiLjg,https://www.youtube.com/watch?v=N6qbEaWiLjg
7. díl,https://www.matyskova-matematika.cz/7-dil/video/str-7/,"Matýskova matematika, 7. díl, strana 7, cvičení 5",LLOEnpTen6A,https://www.youtube.com/watch?v=LLOEnpTen6A
7. díl,https://www.matyskova-matematika.cz/7-dil/video/str-8/,"Matýskova matematika, 7. díl, strana 8, cvičení 1",UkvM0sqmtdI,https://www.youtube.com/watch?v=UkvM0sqmtdI
7. díl,https://www.matyskova-matematika.cz/7-dil/video/str-8/,"Matýskova matematika, 7. díl, strana 8, cvičení 2",RC0q7mf-AXE,https://www.youtube.com/watch?v=RC0q7mf-AXE
7. díl,https://www.matyskova-matematika.cz/7-dil/video/str-8/,"Matýskova matematika, 7. díl, strana 8, cvičení 3",WWQo6W-hZAA,https://www.youtube.com/watch?v=WWQo6W-hZAA
7. díl,https://www.matyskova-matematika.cz/7-dil/video/str-8/,"Matýskova matematika, 7. díl, strana 8, cvičení 4",gY3KOLy-C9o,https://www.youtube.com/watch?v=gY3KOLy-C9o
7. díl,https://www.matyskova-matematika.cz/7-dil/video/str-9/,"Matýskova matematika, 7. díl, strana 9, cvičení 1",LnfXHkzUprc,https://www.youtube.com/watch?v=LnfXHkzUprc
7. díl,https://www.matyskova-matematika.cz/7-dil/video/str-9/,"Matýskova matematika, 7. díl, strana 9, cvičení 2",3yl7dHjK5Tc,https://www.youtube.com/watch?v=3yl7dHjK5Tc
7. díl,https://www.matyskova-matematika.cz/7-dil/video/str-9/,"Matýskova matematika, 7. díl, strana 9, cvičení 3",rshyx4uXfMk,https://www.youtube.com/watch?v=rshyx4uXfMk
7. díl,https://www.matyskova-matematika.cz/7-dil/video/str-9/,"Matýskova matematika, 7. díl, strana 9, cvičení 4",h5scQzUaQ_o,https://www.youtube.com/watch?v=h5scQzUaQ_o
7. díl,https://www.matyskova-matematika.cz/7-dil/video/str-9/,"Matýskova matematika, 7. díl, strana 9, cvičení 5",B7_wvsLCQsA,https://www.youtube.com/watch?v=B7_wvsLCQsA
7. díl,https://www.matyskova-matematika.cz/7-dil/video/str-10/,"Matýskova matematika, 7. díl, strana 10, cvičení 1",plNWjKQSArw,https://www.youtube.com/watch?v=plNWjKQSArw
7. díl,https://www.matyskova-matematika.cz/7-dil/video/str-10/,"Matýskova matematika, 7. díl, strana 10, cvičení 2",tKm9IJIQsTs,https://www.youtube.com/watch?v=tKm9IJIQsTs
7. díl,https://www.matyskova-matematika.cz/7-dil/video/str-10/,"Matýskova matematika, 7. díl, strana 10, cvičení 3",IBl8kwZPBlc,https://www.youtube.com/watch?v=IBl8kwZPBlc
7. díl,https://www.matyskova-matematika.cz/7-dil/video/str-11/,"Matýskova matematika, 7. díl, strana 11, cvičení 1",s1CL2kZiJLc,https://www.youtube.com/watch?v=s1CL2kZiJLc
7. díl,https://www.matyskova-matematika.cz/7-dil/video/str-11/,"Matýskova matematika, 7. díl, strana 11, cvičení 2",zDVa-dsa9YI,https://www.youtube.com/watch?v=zDVa-dsa9YI
7. díl,https://www.matyskova-matematika.cz/7-dil/video/str-11/,"Matýskova matematika, 7. díl, strana 11, cvičení 3",4lvL4-NZagw,https://www.youtube.com/watch?v=4lvL4-NZagw
7. díl,https://www.matyskova-matematika.cz/7-dil/video/str-12/,"Matýskova matematika, 7. díl, strana 12, cvičení 1",7YDz1zd2v5Q,https://www.youtube.com/watch?v=7YDz1zd2v5Q
7. díl,https://www.matyskova-matematika.cz/7-dil/video/str-12/,"Matýskova matematika, 7. díl, strana 12, cvičení 2",H0jlkESRshc,https://www.youtube.com/watch?v=H0jlkESRshc
7. díl,https://www.matyskova-matematika.cz/7-dil/video/str-12/,"Matýskova matematika, 7. díl, strana 12, cvičení 3",gkV3Z0UQzMk,https://www.youtube.com/watch?v=gkV3Z0UQzMk
7. díl,https://www.matyskova-matematika.cz/7-dil/video/str-12/,"Matýskova matematika, 7. díl, strana 12, cvičení 4",RVZ0nYCP1BI,https://www.youtube.com/watch?v=RVZ0nYCP1BI
7. díl,https://www.matyskova-matematika.cz/7-dil/video/str-13/,"Matýskova matematika, 7. díl, strana 13, cvičení 1",qeMsfjSw-1k,https://www.youtube.com/watch?v=qeMsfjSw-1k
7. díl,https://www.matyskova-matematika.cz/7-dil/video/str-13/,"Matýskova matematika, 7. díl, strana 13, cvičení 2",bi3NOA3y3YA,https://www.youtube.com/watch?v=bi3NOA3y3YA
7. díl,https://www.matyskova-matematika.cz/7-dil/video/str-13/,"Matýskova matematika, 7. díl, strana 13, cvičení 3",G1SIqxF2NC4,https://www.youtube.com/watch?v=G1SIqxF2NC4
7. díl,https://www.matyskova-matematika.cz/7-dil/video/str-13/,"Matýskova matematika, 7. díl, strana 13, cvičení 4",zeHaI1DhZbM,https://www.youtube.com/watch?v=zeHaI1DhZbM
7. díl,https://www.matyskova-matematika.cz/7-dil/video/str-14/,"Matýskova matematika, 7. díl, strana 14, cvičení 1",iTIJRU68qik,https://www.youtube.com/watch?v=iTIJRU68qik
7. díl,https://www.matyskova-matematika.cz/7-dil/video/str-14/,"Matýskova matematika, 7. díl, strana 14, cvičení 2",0I20s8VUZfU,https://www.youtube.com/watch?v=0I20s8VUZfU
7. díl,https://www.matyskova-matematika.cz/7-dil/video/str-14/,"Matýskova matematika, 7. díl, strana 14, cvičení 3",4CmuJ5f5Lls,https://www.youtube.com/watch?v=4CmuJ5f5Lls
7. díl,https://www.matyskova-matematika.cz/7-dil/video/str-14/,"Matýskova matematika, 7. díl, strana 14, cvičení 4",zTZfXOE2JsI,https://www.youtube.com/watch?v=zTZfXOE2JsI
7. díl,https://www.matyskova-matematika.cz/7-dil/video/str-15/,"Matýskova matematika, 7. díl, strana 15, cvičení 1",aXn-bVbY7ak,https://www.youtube.com/watch?v=aXn-bVbY7ak
7. díl,https://www.matyskova-matematika.cz/7-dil/video/str-15/,"Matýskova matematika, 7. díl, strana 15, cvičení 2",8laX7Ltt32Y,https://www.youtube.com/watch?v=8laX7Ltt32Y
7. díl,https://www.matyskova-matematika.cz/7-dil/video/str-15/,"Matýskova matematika, 7. díl, strana 15, cvičení 3",N0MDw6kx7HI,https://www.youtube.com/watch?v=N0MDw6kx7HI
7. díl,https://www.matyskova-matematika.cz/7-dil/video/str-15/,"Matýskova matematika, 7. díl, strana 15, cvičení 4",i_Q28jvgAXU,https://www.youtube.com/watch?v=i_Q28jvgAXU
7. díl,https://www.matyskova-matematika.cz/7-dil/video/str-16/,"Matýskova matematika, 7. díl, strana 16, cvičení 1",is3cqde_U84,https://www.youtube.com/watch?v=is3cqde_U84
7. díl,https://www.matyskova-matematika.cz/7-dil/video/str-16/,"Matýskova matematika, 7. díl, strana 16, cvičení 2",qMA29cfgcL8,https://www.youtube.com/watch?v=qMA29cfgcL8
7. díl,https://www.matyskova-matematika.cz/7-dil/video/str-16/,"Matýskova matematika, 7. díl, strana 16, cvičení 3",aH3T7XPtlVg,https://www.youtube.com/watch?v=aH3T7XPtlVg
7. díl,https://www.matyskova-matematika.cz/7-dil/video/str-16/,"Matýskova matematika, 7. díl, strana 16, cvičení 4",9VsREddaDFA,https://www.youtube.com/watch?v=9VsREddaDFA
7. díl,https://www.matyskova-matematika.cz/7-dil/video/str-17/,"Matýskova matematika, 7. díl, strana 17, cvičení 1",l6jQDSNyKFk,https://www.youtube.com/watch?v=l6jQDSNyKFk
7. díl,https://www.matyskova-matematika.cz/7-dil/video/str-17/,"Matýskova matematika, 7. díl, strana 17, cvičení 2",j_ENTVz-pXU,https://www.youtube.com/watch?v=j_ENTVz-pXU
7. díl,https://www.matyskova-matematika.cz/7-dil/video/str-17/,"Matýskova matematika, 7. díl, strana 17, cvičení 3",Z3k-rAun0ic,https://www.youtube.com/watch?v=Z3k-rAun0ic
7. díl,https://www.matyskova-matematika.cz/7-dil/video/str-17/,"Matýskova matematika, 7. díl, strana 17, cvičení 4",SOGneq9ugeI,https://www.youtube.com/watch?v=SOGneq9ugeI
7. díl,https://www.matyskova-matematika.cz/7-dil/video/str-17/,"Matýskova matematika, 7. díl, strana 17, cvičení 5",gmcztwBh4dQ,https://www.youtube.com/watch?v=gmcztwBh4dQ
7. díl,https://www.matyskova-matematika.cz/7-dil/video/str-18/,"Matýskova matematika, 7. díl, strana 18, cvičení 1",WSBtUhb8BpU,https://www.youtube.com/watch?v=WSBtUhb8BpU
7. díl,https://www.matyskova-matematika.cz/7-dil/video/str-18/,"Matýskova matematika, 7. díl, strana 18, cvičení 2",uAylJeyOjUk,https://www.youtube.com/watch?v=uAylJeyOjUk
7. díl,https://www.matyskova-matematika.cz/7-dil/video/str-18/,"Matýskova matematika, 7. díl, strana 18, cvičení 3",Tj4ugKkMlM8,https://www.youtube.com/watch?v=Tj4ugKkMlM8
7. díl,https://www.matyskova-matematika.cz/7-dil/video/str-18/,"Matýskova matematika, 7. díl, strana 18, cvičení 4",yV0gHrKcYvg,https://www.youtube.com/watch?v=yV0gHrKcYvg
7. díl,https://www.matyskova-matematika.cz/7-dil/video/str-19/,"Matýskova matematika, 7. díl, strana 19, cvičení 1",a9MDPEhiHT4,https://www.youtube.com/watch?v=a9MDPEhiHT4
7. díl,https://www.matyskova-matematika.cz/7-dil/video/str-19/,"Matýskova matematika, 7. díl, strana 19, cvičení 2",PcVobD8E0Qs,https://www.youtube.com/watch?v=PcVobD8E0Qs
7. díl,https://www.matyskova-matematika.cz/7-dil/video/str-19/,"Matýskova matematika, 7. díl, strana 19, cvičení 3",5wXemx1XmSs,https://www.youtube.com/watch?v=5wXemx1XmSs
7. díl,https://www.matyskova-matematika.cz/7-dil/video/str-19/,"Matýskova matematika, 7. díl, strana 19, cvičení 4",6hcNEBYm8jM,https://www.youtube.com/watch?v=6hcNEBYm8jM
7. díl,https://www.matyskova-matematika.cz/7-dil/video/str-19/,"Matýskova matematika, 7. díl, strana 19, cvičení 5",3z_fB6o3Gb0,https://www.youtube.com/watch?v=3z_fB6o3Gb0
7. díl,https://www.matyskova-matematika.cz/7-dil/video/str-20/,"Matýskova matematika, 7. díl, strana 20, cvičení 1",J4oX5f5MBDk,https://www.youtube.com/watch?v=J4oX5f5MBDk
7. díl,https://www.matyskova-matematika.cz/7-dil/video/str-20/,"Matýskova matematika, 7. díl, strana 20, cvičení 2",HIvYM_uaUoM,https://www.youtube.com/watch?v=HIvYM_uaUoM
7. díl,https://www.matyskova-matematika.cz/7-dil/video/str-20/,"Matýskova matematika, 7. díl, strana 20, cvičení 3",59Gya8phJII,https://www.youtube.com/watch?v=59Gya8phJII
7. díl,https://www.matyskova-matematika.cz/7-dil/video/str-20/,"Matýskova matematika, 7. díl, strana 20, cvičení 4",XM9zb_RFhhc,https://www.youtube.com/watch?v=XM9zb_RFhhc
7. díl,https://www.matyskova-matematika.cz/7-dil/video/str-21/,"Matýskova matematika, 7. díl, strana 21, cvičení 1",irenWoFi3x4,https://www.youtube.com/watch?v=irenWoFi3x4
7. díl,https://www.matyskova-matematika.cz/7-dil/video/str-21/,"Matýskova matematika, 7. díl, strana 21, cvičení 2",5AyQj4rHOJI,https://www.youtube.com/watch?v=5AyQj4rHOJI
7. díl,https://www.matyskova-matematika.cz/7-dil/video/str-21/,"Matýskova matematika, 7. díl, strana 21, cvičení 3",fYpfmMMjxzk,https://www.youtube.com/watch?v=fYpfmMMjxzk
7. díl,https://www.matyskova-matematika.cz/7-dil/video/str-21/,"Matýskova matematika, 7. díl, strana 21, cvičení 4",nheMDY9QXVY,https://www.youtube.com/watch?v=nheMDY9QXVY
7. díl,https://www.matyskova-matematika.cz/7-dil/video/str-22/,"Matýskova matematika, 7. díl, strana 22, cvičení 1",cnA12E7xuLg,https://www.youtube.com/watch?v=cnA12E7xuLg
7. díl,https://www.matyskova-matematika.cz/7-dil/video/str-22/,"Matýskova matematika, 7. díl, strana 22, cvičení 2",JQwT331yaig,https://www.youtube.com/watch?v=JQwT331yaig
7. díl,https://www.matyskova-matematika.cz/7-dil/video/str-22/,"Matýskova matematika, 7. díl, strana 22, cvičení 3",T4P_IL5BQLg,https://www.youtube.com/watch?v=T4P_IL5BQLg
7. díl,https://www.matyskova-matematika.cz/7-dil/video/str-22/,"Matýskova matematika, 7. díl, strana 22, cvičení 4",QxO6NVdOTLM,https://www.youtube.com/watch?v=QxO6NVdOTLM
7. díl,https://www.matyskova-matematika.cz/7-dil/video/str-23/,"Matýskova matematika, 7. díl, strana 23, cvičení 1",rrdIfVw2TKk,https://www.youtube.com/watch?v=rrdIfVw2TKk
7. díl,https://www.matyskova-matematika.cz/7-dil/video/str-23/,"Matýskova matematika, 7. díl, strana 23, cvičení 2",YvCj-1xBIEQ,https://www.youtube.com/watch?v=YvCj-1xBIEQ
7. díl,https://www.matyskova-matematika.cz/7-dil/video/str-23/,"Matýskova matematika, 7. díl, strana 23, cvičení 3",29ABzF2Bqs4,https://www.youtube.com/watch?v=29ABzF2Bqs4
7. díl,https://www.matyskova-matematika.cz/7-dil/video/str-23/,"Matýskova matematika, 7. díl, strana 23, cvičení 4",XA0djFQUI2Y,https://www.youtube.com/watch?v=XA0djFQUI2Y
7. díl,https://www.matyskova-matematika.cz/7-dil/video/str-24/,"Matýskova matematika, 7. díl, strana 24, cvičení 1",ekcOF7kMlYw,https://www.youtube.com/watch?v=ekcOF7kMlYw
7. díl,https://www.matyskova-matematika.cz/7-dil/video/str-24/,"Matýskova matematika, 7. díl, strana 24, cvičení 2",ZjBUSUOAwJk,https://www.youtube.com/watch?v=ZjBUSUOAwJk
7. díl,https://www.matyskova-matematika.cz/7-dil/video/str-25/,"Matýskova matematika, 7. díl, strana 25, cvičení 1",O0Q8Z5qbCvo,https://www.youtube.com/watch?v=O0Q8Z5qbCvo
7. díl,https://www.matyskova-matematika.cz/7-dil/video/str-26/,"Matýskova matematika, 7. díl, strana 26, cvičení 1",u3cIKBtQHto,https://www.youtube.com/watch?v=u3cIKBtQHto
7. díl,https://www.matyskova-matematika.cz/7-dil/video/str-26/,"Matýskova matematika, 7. díl, strana 26, cvičení 2",cUtRZviiIHI,https://www.youtube.com/watch?v=cUtRZviiIHI
7. díl,https://www.matyskova-matematika.cz/7-dil/video/str-27/,"Matýskova matematika, 7. díl, strana 27, cvičení 1",EUWJfj5CxMk,https://www.youtube.com/watch?v=EUWJfj5CxMk
7. díl,https://www.matyskova-matematika.cz/7-dil/video/str-27/,"Matýskova matematika, 7. díl, strana 27, cvičení 2",X35gKdaZtPA,https://www.youtube.com/watch?v=X35gKdaZtPA
7. díl,https://www.matyskova-matematika.cz/7-dil/video/str-28/,"Matýskova matematika, 7. díl, strana 28, cvičení 1",Tpspv2aUkJs,https://www.youtube.com/watch?v=Tpspv2aUkJs
7. díl,https://www.matyskova-matematika.cz/7-dil/video/str-28/,"Matýskova matematika, 7. díl, strana 28, cvičení 2",MZrJYLY0kso,https://www.youtube.com/watch?v=MZrJYLY0kso
7. díl,https://www.matyskova-matematika.cz/7-dil/video/str-28/,"Matýskova matematika, 7. díl, strana 28, cvičení 3",DGpcmjVDtqM,https://www.youtube.com/watch?v=DGpcmjVDtqM
7. díl,https://www.matyskova-matematika.cz/7-dil/video/str-29/,"Matýskova matematika, 7. díl, strana 29, cvičení 1",MEEe5nP94I8,https://www.youtube.com/watch?v=MEEe5nP94I8
7. díl,https://www.matyskova-matematika.cz/7-dil/video/str-29/,"Matýskova matematika, 7. díl, strana 29, cvičení 2",zoPTO_J7g1s,https://www.youtube.com/watch?v=zoPTO_J7g1s
7. díl,https://www.matyskova-matematika.cz/7-dil/video/str-29/,"Matýskova matematika, 7. díl, strana 29, cvičení 3",BgMEgYnVwxQ,https://www.youtube.com/watch?v=BgMEgYnVwxQ
7. díl,https://www.matyskova-matematika.cz/7-dil/video/str-30/,"Matýskova matematika, 7. díl, strana 30, úvod",3mPSP6KRHJ8,https://www.youtube.com/watch?v=3mPSP6KRHJ8
7. díl,https://www.matyskova-matematika.cz/7-dil/video/str-30/,"Matýskova matematika, 7. díl, strana 30, cvičení 1",ZpMehG6foMg,https://www.youtube.com/watch?v=ZpMehG6foMg
7. díl,https://www.matyskova-matematika.cz/7-dil/video/str-30/,"Matýskova matematika, 7. díl, strana 30, cvičení 2",O1p-CwTbhxY,https://www.youtube.com/watch?v=O1p-CwTbhxY
7. díl,https://www.matyskova-matematika.cz/7-dil/video/str-30/,"Matýskova matematika, 7. díl, strana 30, cvičení 3",K2-RK6-31u4,https://www.youtube.com/watch?v=K2-RK6-31u4
7. díl,https://www.matyskova-matematika.cz/7-dil/video/str-31/,"Matýskova matematika, 7. díl, strana 31, cvičení 1",0qK6a9ayLRg,https://www.youtube.com/watch?v=0qK6a9ayLRg
7. díl,https://www.matyskova-matematika.cz/7-dil/video/str-31/,"Matýskova matematika, 7. díl, strana 31, cvičení 2",s1_5Cry6e2A,https://www.youtube.com/watch?v=s1_5Cry6e2A
7. díl,https://www.matyskova-matematika.cz/7-dil/video/str-31/,"Matýskova matematika, 7. díl, strana 31, cvičení 3",z0M2yP_vK60,https://www.youtube.com/watch?v=z0M2yP_vK60
7. díl,https://www.matyskova-matematika.cz/7-dil/video/str-31/,"Matýskova matematika, 7. díl, strana 31, cvičení 4",l-Lf8YdOLNE,https://www.youtube.com/watch?v=l-Lf8YdOLNE
7. díl,https://www.matyskova-matematika.cz/7-dil/video/str-32/,"Matýskova matematika, 7. díl, strana 32, cvičení 1",GeFofPNq1PQ,https://www.youtube.com/watch?v=GeFofPNq1PQ
7. díl,https://www.matyskova-matematika.cz/7-dil/video/str-32/,"Matýskova matematika, 7. díl, strana 32, cvičení 2",GfxZ8X3dl5E,https://www.youtube.com/watch?v=GfxZ8X3dl5E
7. díl,https://www.matyskova-matematika.cz/7-dil/video/str-32/,"Matýskova matematika, 7. díl, strana 32, cvičení 3",CIReBmt3FsY,https://www.youtube.com/watch?v=CIReBmt3FsY
7. díl,https://www.matyskova-matematika.cz/7-dil/video/str-32/,"Matýskova matematika, 7. díl, strana 32, cvičení 4",hkN0XY4hTAU,https://www.youtube.com/watch?v=hkN0XY4hTAU
7. díl,https://www.matyskova-matematika.cz/7-dil/video/str-33/,"Matýskova matematika, 7. díl, strana 33, cvičení 1",kitInGJm8L8,https://www.youtube.com/watch?v=kitInGJm8L8
7. díl,https://www.matyskova-matematika.cz/7-dil/video/str-33/,"Matýskova matematika, 7. díl, strana 33, cvičení 2",x3q4r3aKtWs,https://www.youtube.com/watch?v=x3q4r3aKtWs
7. díl,https://www.matyskova-matematika.cz/7-dil/video/str-33/,"Matýskova matematika, 7. díl, strana 33, cvičení 3",9o78lahnTns,https://www.youtube.com/watch?v=9o78lahnTns
7. díl,https://www.matyskova-matematika.cz/7-dil/video/str-33/,"Matýskova matematika, 7. díl, strana 33, cvičení 4",W2f8PXe0SWU,https://www.youtube.com/watch?v=W2f8PXe0SWU
7. díl,https://www.matyskova-matematika.cz/7-dil/video/str-34/,"Matýskova matematika, 7. díl, strana 34, cvičení 1",ZEF-RhCtszU,https://www.youtube.com/watch?v=ZEF-RhCtszU
7. díl,https://www.matyskova-matematika.cz/7-dil/video/str-34/,"Matýskova matematika, 7. díl, strana 34, cvičení 2",Tndz-xEtby8,https://www.youtube.com/watch?v=Tndz-xEtby8
7. díl,https://www.matyskova-matematika.cz/7-dil/video/str-34/,"Matýskova matematika, 7. díl, strana 34, cvičení 3",crnTxHLqe9c,https://www.youtube.com/watch?v=crnTxHLqe9c
7. díl,https://www.matyskova-matematika.cz/7-dil/video/str-34/,"Matýskova matematika, 7. díl, strana 34, cvičení 4",OuY7WHr85VM,https://www.youtube.com/watch?v=OuY7WHr85VM
7. díl,https://www.matyskova-matematika.cz/7-dil/video/str-35/,"Matýskova matematika, 7. díl, strana 35, cvičení 1",OZI2WGTn0ho,https://www.youtube.com/watch?v=OZI2WGTn0ho
7. díl,https://www.matyskova-matematika.cz/7-dil/video/str-35/,"Matýskova matematika, 7. díl, strana 35, cvičení 2",NEuom3HEb6U,https://www.youtube.com/watch?v=NEuom3HEb6U
7. díl,https://www.matyskova-matematika.cz/7-dil/video/str-35/,"Matýskova matematika, 7. díl, strana 35, cvičení 3",vUNWoHGvOmc,https://www.youtube.com/watch?v=vUNWoHGvOmc
7. díl,https://www.matyskova-matematika.cz/7-dil/video/str-35/,"Matýskova matematika, 7. díl, strana 35, cvičení 4",CxBmmhVwHtE,https://www.youtube.com/watch?v=CxBmmhVwHtE
7. díl,https://www.matyskova-matematika.cz/7-dil/video/str-36/,"Matýskova matematika, 7. díl, strana 36, cvičení 1",iExSZF_frl8,https://www.youtube.com/watch?v=iExSZF_frl8
7. díl,https://www.matyskova-matematika.cz/7-dil/video/str-36/,"Matýskova matematika, 7. díl, strana 36, cvičení 2",80y9GsQtwEA,https://www.youtube.com/watch?v=80y9GsQtwEA
7. díl,https://www.matyskova-matematika.cz/7-dil/video/str-36/,"Matýskova matematika, 7. díl, strana 36, cvičení 3",-9Q7U8SVWOQ,https://www.youtube.com/watch?v=-9Q7U8SVWOQ
7. díl,https://www.matyskova-matematika.cz/7-dil/video/str-36/,"Matýskova matematika, 7. díl, strana 36, cvičení 4",RoXv0mrny7k,https://www.youtube.com/watch?v=RoXv0mrny7k
7. díl,https://www.matyskova-matematika.cz/7-dil/video/str-37/,"Matýskova matematika, 7. díl, strana 37, cvičení 1",3rCKvz3iH-k,https://www.youtube.com/watch?v=3rCKvz3iH-k
7. díl,https://www.matyskova-matematika.cz/7-dil/video/str-37/,"Matýskova matematika, 7. díl, strana 37, cvičení 2",cuyb3qARZC4,https://www.youtube.com/watch?v=cuyb3qARZC4
7. díl,https://www.matyskova-matematika.cz/7-dil/video/str-37/,"Matýskova matematika, 7. díl, strana 37, cvičení 3",hKTzFGNd8Xs,https://www.youtube.com/watch?v=hKTzFGNd8Xs
7. díl,https://www.matyskova-matematika.cz/7-dil/video/str-37/,"Matýskova matematika, 7. díl, strana 37, cvičení 4",bLf626yRTsE,https://www.youtube.com/watch?v=bLf626yRTsE
7. díl,https://www.matyskova-matematika.cz/7-dil/video/str-38/,"Matýskova matematika, 7. díl, strana 38, cvičení 1",goGbGG7xsF0,https://www.youtube.com/watch?v=goGbGG7xsF0
7. díl,https://www.matyskova-matematika.cz/7-dil/video/str-38/,"Matýskova matematika, 7. díl, strana 38, cvičení 2",OwFakoAVRmI,https://www.youtube.com/watch?v=OwFakoAVRmI
7. díl,https://www.matyskova-matematika.cz/7-dil/video/str-38/,"Matýskova matematika, 7. díl, strana 38, cvičení 3",0E5OFFCRSSU,https://www.youtube.com/watch?v=0E5OFFCRSSU
7. díl,https://www.matyskova-matematika.cz/7-dil/video/str-38/,"Matýskova matematika, 7. díl, strana 38, cvičení 4",75QkaFfHX4c,https://www.youtube.com/watch?v=75QkaFfHX4c
7. díl,https://www.matyskova-matematika.cz/7-dil/video/str-39/,"Matýskova matematika, 7. díl, strana 39, cvičení 1",1lpZ5ZpdXb0,https://www.youtube.com/watch?v=1lpZ5ZpdXb0
7. díl,https://www.matyskova-matematika.cz/7-dil/video/str-39/,"Matýskova matematika, 7. díl, strana 39, cvičení 2",G7txqu8-7zY,https://www.youtube.com/watch?v=G7txqu8-7zY
7. díl,https://www.matyskova-matematika.cz/7-dil/video/str-39/,"Matýskova matematika, 7. díl, strana 39, cvičení 3",6Zq8QLpjqNw,https://www.youtube.com/watch?v=6Zq8QLpjqNw
7. díl,https://www.matyskova-matematika.cz/7-dil/video/str-39/,"Matýskova matematika, 7. díl, strana 39, cvičení 4",ifgRxuGz7zs,https://www.youtube.com/watch?v=ifgRxuGz7zs
7. díl,https://www.matyskova-matematika.cz/7-dil/video/str-40/,"Matýskova matematika, 7. díl, strana 40, cvičení 1",4CC3SqmoQVQ,https://www.youtube.com/watch?v=4CC3SqmoQVQ
7. díl,https://www.matyskova-matematika.cz/7-dil/video/str-40/,"Matýskova matematika, 7. díl, strana 40, cvičení 2",Es-Y0sAN_tc,https://www.youtube.com/watch?v=Es-Y0sAN_tc
7. díl,https://www.matyskova-matematika.cz/7-dil/video/str-40/,"Matýskova matematika, 7. díl, strana 40, cvičení 3",aj0_VIJ9wB0,https://www.youtube.com/watch?v=aj0_VIJ9wB0
7. díl,https://www.matyskova-matematika.cz/7-dil/video/str-40/,"Matýskova matematika, 7. díl, strana 40, cvičení 4",l-4Rd2to1ac,https://www.youtube.com/watch?v=l-4Rd2to1ac
7. díl,https://www.matyskova-matematika.cz/7-dil/video/str-41/,"Matýskova matematika, 7. díl, strana 41, cvičení 1",OWhnb_WqQRY,https://www.youtube.com/watch?v=OWhnb_WqQRY
7. díl,https://www.matyskova-matematika.cz/7-dil/video/str-41/,"Matýskova matematika, 7. díl, strana 41, cvičení 2",mj9fE5nQUEE,https://www.youtube.com/watch?v=mj9fE5nQUEE
7. díl,https://www.matyskova-matematika.cz/7-dil/video/str-41/,"Matýskova matematika, 7. díl, strana 41, cvičení 3",MciaQNwcrS8,https://www.youtube.com/watch?v=MciaQNwcrS8
7. díl,https://www.matyskova-matematika.cz/7-dil/video/str-41/,"Matýskova matematika, 7. díl, strana 41, cvičení 4",3zefeK6g3Z8,https://www.youtube.com/watch?v=3zefeK6g3Z8
7. díl,https://www.matyskova-matematika.cz/7-dil/video/str-42/,"Matýskova matematika, 7. díl, strana 42, cvičení 1",24XhuiPCXCA,https://www.youtube.com/watch?v=24XhuiPCXCA
7. díl,https://www.matyskova-matematika.cz/7-dil/video/str-42/,"Matýskova matematika, 7. díl, strana 42, cvičení 2",1VoS0Mk4OfU,https://www.youtube.com/watch?v=1VoS0Mk4OfU
7. díl,https://www.matyskova-matematika.cz/7-dil/video/str-42/,"Matýskova matematika, 7. díl, strana 42, cvičení 3",-DGHrF2cpk0,https://www.youtube.com/watch?v=-DGHrF2cpk0
7. díl,https://www.matyskova-matematika.cz/7-dil/video/str-42/,"Matýskova matematika, 7. díl, strana 42, cvičení 4",T6s5EdETSaU,https://www.youtube.com/watch?v=T6s5EdETSaU
7. díl,https://www.matyskova-matematika.cz/7-dil/video/str-43/,"Matýskova matematika, 7. díl, strana 43, cvičení 1",JsXnhx4_vHU,https://www.youtube.com/watch?v=JsXnhx4_vHU
7. díl,https://www.matyskova-matematika.cz/7-dil/video/str-43/,"Matýskova matematika, 7. díl, strana 43, cvičení 2",ZQykupRXqgk,https://www.youtube.com/watch?v=ZQykupRXqgk
7. díl,https://www.matyskova-matematika.cz/7-dil/video/str-43/,"Matýskova matematika, 7. díl, strana 43, cvičení 3",UNUlVNTi5hA,https://www.youtube.com/watch?v=UNUlVNTi5hA
7. díl,https://www.matyskova-matematika.cz/7-dil/video/str-44/,"Matýskova matematika, 7. díl, strana 44, cvičení 1",kNhtYJQZKu8,https://www.youtube.com/watch?v=kNhtYJQZKu8
7. díl,https://www.matyskova-matematika.cz/7-dil/video/str-44/,"Matýskova matematika, 7. díl, strana 44, cvičení 2",SB5Li_Zj170,https://www.youtube.com/watch?v=SB5Li_Zj170
7. díl,https://www.matyskova-matematika.cz/7-dil/video/str-44/,"Matýskova matematika, 7. díl, strana 44, cvičení 3",-rkl9kkJULQ,https://www.youtube.com/watch?v=-rkl9kkJULQ
7. díl,https://www.matyskova-matematika.cz/7-dil/video/str-45/,"Matýskova matematika, 7. díl, strana 45, cvičení 1",pbfOHs60bf4,https://www.youtube.com/watch?v=pbfOHs60bf4
7. díl,https://www.matyskova-matematika.cz/7-dil/video/str-45/,"Matýskova matematika, 7. díl, strana 45, cvičení 2",35b6fBwMQFE,https://www.youtube.com/watch?v=35b6fBwMQFE
7. díl,https://www.matyskova-matematika.cz/7-dil/video/str-45/,"Matýskova matematika, 7. díl, strana 45, cvičení 3",2rUrx2YY408,https://www.youtube.com/watch?v=2rUrx2YY408
7. díl,https://www.matyskova-matematika.cz/7-dil/video/str-45/,"Matýskova matematika, 7. díl, strana 45, cvičení 4",W-zk4Q3rCg8,https://www.youtube.com/watch?v=W-zk4Q3rCg8
7. díl,https://www.matyskova-matematika.cz/7-dil/video/str-46/,"Matýskova matematika, 7. díl, strana 46, cvičení 1",jCzmgRsQKfs,https://www.youtube.com/watch?v=jCzmgRsQKfs
7. díl,https://www.matyskova-matematika.cz/7-dil/video/str-46/,"Matýskova matematika, 7. díl, strana 46, cvičení 2",x_4VjKRRqKk,https://www.youtube.com/watch?v=x_4VjKRRqKk
7. díl,https://www.matyskova-matematika.cz/7-dil/video/str-46/,"Matýskova matematika, 7. díl, strana 46, cvičení 3",GvfN8_ePJY0,https://www.youtube.com/watch?v=GvfN8_ePJY0
7. díl,https://www.matyskova-matematika.cz/7-dil/video/str-47/,"Matýskova matematika, 7. díl, strana 47, cvičení 1",lHHdNmA4-D4,https://www.youtube.com/watch?v=lHHdNmA4-D4
7. díl,https://www.matyskova-matematika.cz/7-dil/video/str-47/,"Matýskova matematika, 7. díl, strana 47, cvičení 2",niMDLznN9Zs,https://www.youtube.com/watch?v=niMDLznN9Zs
7. díl,https://www.matyskova-matematika.cz/7-dil/video/str-48/,"Matýskova matematika, 7. díl, strana 48, cvičení 1",3JlOIS_t4-s,https://www.youtube.com/watch?v=3JlOIS_t4-s
7. díl,https://www.matyskova-matematika.cz/7-dil/video/str-48/,"Matýskova matematika, 7. díl, strana 48, cvičení 2",HrNOzSBBFc4,https://www.youtube.com/watch?v=HrNOzSBBFc4
7. díl,https://www.matyskova-matematika.cz/7-dil/video/str-48/,"Matýskova matematika, 7. díl, strana 48, cvičení 3",iW3riH4DphI,https://www.youtube.com/watch?v=iW3riH4DphI
7. díl,https://www.matyskova-matematika.cz/7-dil/video/str-48/,"Matýskova matematika, 7. díl, strana 48, cvičení 4",O4pfT1Z3mNA,https://www.youtube.com/watch?v=O4pfT1Z3mNA
7. díl,https://www.matyskova-matematika.cz/7-dil/video/str-49/,"Matýskova matematika, 7. díl, strana 49, cvičení 1",mvTq58-MAaY,https://www.youtube.com/watch?v=mvTq58-MAaY
7. díl,https://www.matyskova-matematika.cz/7-dil/video/str-49/,"Matýskova matematika, 7. díl, strana 49, cvičení 2",qfT2yU8BFZs,https://www.youtube.com/watch?v=qfT2yU8BFZs
7. díl,https://www.matyskova-matematika.cz/7-dil/video/str-50/,"Matýskova matematika, 7. díl, strana 50, cvičení 1",EHiiIHW5xGs,https://www.youtube.com/watch?v=EHiiIHW5xGs
7. díl,https://www.matyskova-matematika.cz/7-dil/video/str-50/,"Matýskova matematika, 7. díl, strana 50, cvičení 2",ihhhwLJ19Qk,https://www.youtube.com/watch?v=ihhhwLJ19Qk
7. díl,https://www.matyskova-matematika.cz/7-dil/video/str-51/,"Matýskova matematika, 7. díl, strana 51, cvičení 1",v0UGRJqXw6Y,https://www.youtube.com/watch?v=v0UGRJqXw6Y
7. díl,https://www.matyskova-matematika.cz/7-dil/video/str-51/,"Matýskova matematika, 7. díl, strana 51, cvičení 2",qnlXn6igUpo,https://www.youtube.com/watch?v=qnlXn6igUpo
7. díl,https://www.matyskova-matematika.cz/7-dil/video/str-51/,"Matýskova matematika, 7. díl, strana 51, cvičení 3",bkJwTV8sSzM,https://www.youtube.com/watch?v=bkJwTV8sSzM
7. díl,https://www.matyskova-matematika.cz/7-dil/video/str-51/,"Matýskova matematika, 7. díl, strana 51, cvičení 4",yMgPj_MBvSg,https://www.youtube.com/watch?v=yMgPj_MBvSg
7. díl,https://www.matyskova-matematika.cz/7-dil/video/str-52/,"Matýskova matematika, 7. díl, strana 52, cvičení 1",yr_fRzVjAb4,https://www.youtube.com/watch?v=yr_fRzVjAb4
7. díl,https://www.matyskova-matematika.cz/7-dil/video/str-52/,"Matýskova matematika, 7. díl, strana 52, cvičení 2",4QOxLZbUK0g,https://www.youtube.com/watch?v=4QOxLZbUK0g
7. díl,https://www.matyskova-matematika.cz/7-dil/video/str-52/,"Matýskova matematika, 7. díl, strana 52, cvičení 3",JFOQP7IAeas,https://www.youtube.com/watch?v=JFOQP7IAeas
7. díl,https://www.matyskova-matematika.cz/7-dil/video/str-52/,"Matýskova matematika, 7. díl, strana 52, cvičení 4",JgiR0Lf7_z4,https://www.youtube.com/watch?v=JgiR0Lf7_z4
7. díl,https://www.matyskova-matematika.cz/7-dil/video/str-53/,"Matýskova matematika, 7. díl, strana 53, cvičení 1",79OtEgH6wLw,https://www.youtube.com/watch?v=79OtEgH6wLw
7. díl,https://www.matyskova-matematika.cz/7-dil/video/str-53/,"Matýskova matematika, 7. díl, strana 53, cvičení 2",e1B1TaqQVj8,https://www.youtube.com/watch?v=e1B1TaqQVj8
7. díl,https://www.matyskova-matematika.cz/7-dil/video/str-53/,"Matýskova matematika, 7. díl, strana 53, cvičení 3",jHw9EKD0t3U,https://www.youtube.com/watch?v=jHw9EKD0t3U
7. díl,https://www.matyskova-matematika.cz/7-dil/video/str-53/,"Matýskova matematika, 7. díl, strana 53, cvičení 4",c1R7_zS7WC8,https://www.youtube.com/watch?v=c1R7_zS7WC8
7. díl,https://www.matyskova-matematika.cz/7-dil/video/str-53/,"Matýskova matematika, 7. díl, strana 53, cvičení 5",TJxd9y6x1Zs,https://www.youtube.com/watch?v=TJxd9y6x1Zs
7. díl,https://www.matyskova-matematika.cz/7-dil/video/str-54/,"Matýskova matematika, 7. díl, strana 54, cvičení 1",qWonksaatC4,https://www.youtube.com/watch?v=qWonksaatC4
7. díl,https://www.matyskova-matematika.cz/7-dil/video/str-54/,"Matýskova matematika, 7. díl, strana 54, cvičení 2",sIdRHKcvPMo,https://www.youtube.com/watch?v=sIdRHKcvPMo
7. díl,https://www.matyskova-matematika.cz/7-dil/video/str-54/,"Matýskova matematika, 7. díl, strana 54, cvičení 3",WlzK6Rq_v8E,https://www.youtube.com/watch?v=WlzK6Rq_v8E
7. díl,https://www.matyskova-matematika.cz/7-dil/video/str-55/,"Matýskova matematika, 7. díl, strana 55, cvičení 1",W4wJobIdVT4,https://www.youtube.com/watch?v=W4wJobIdVT4
7. díl,https://www.matyskova-matematika.cz/7-dil/video/str-55/,"Matýskova matematika, 7. díl, strana 55, cvičení 2",8aJxaieCCTY,https://www.youtube.com/watch?v=8aJxaieCCTY
7. díl,https://www.matyskova-matematika.cz/7-dil/video/str-55/,"Matýskova matematika, 7. díl, strana 55, cvičení 3",YkA8mjfsJkc,https://www.youtube.com/watch?v=YkA8mjfsJkc
7. díl,https://www.matyskova-matematika.cz/7-dil/video/str-55/,"Matýskova matematika, 7. díl, strana 55, cvičení 4",ZaR3nXknbMk,https://www.youtube.com/watch?v=ZaR3nXknbMk
7. díl,https://www.matyskova-matematika.cz/7-dil/video/str-56/,"Matýskova matematika, 7. díl, strana 56, cvičení 1",o0zTo51cq4g,https://www.youtube.com/watch?v=o0zTo51cq4g
7. díl,https://www.matyskova-matematika.cz/7-dil/video/str-56/,"Matýskova matematika, 7. díl, strana 56, cvičení 2",-wMbjNUsL-o,https://www.youtube.com/watch?v=-wMbjNUsL-o
7. díl,https://www.matyskova-matematika.cz/7-dil/video/str-57/,"Matýskova matematika, 7. díl, strana 57, cvičení 1",1O5owFJORbo,https://www.youtube.com/watch?v=1O5owFJORbo
7. díl,https://www.matyskova-matematika.cz/7-dil/video/str-57/,"Matýskova matematika, 7. díl, strana 57, cvičení 2",OJeazBWET7k,https://www.youtube.com/watch?v=OJeazBWET7k
7. díl,https://www.matyskova-matematika.cz/7-dil/video/str-58/,"Matýskova matematika, 7. díl, strana 58, cvičení 1",rSjDDDCB8XQ,https://www.youtube.com/watch?v=rSjDDDCB8XQ
7. díl,https://www.matyskova-matematika.cz/7-dil/video/str-58/,"Matýskova matematika, 7. díl, strana 58, cvičení 2",3SX0PSdGBRk,https://www.youtube.com/watch?v=3SX0PSdGBRk
7. díl,https://www.matyskova-matematika.cz/7-dil/video/str-59/,"Matýskova matematika, 7. díl, strana 59, cvičení 1",ld4sco3hyM0,https://www.youtube.com/watch?v=ld4sco3hyM0
7. díl,https://www.matyskova-matematika.cz/7-dil/video/str-59/,"Matýskova matematika, 7. díl, strana 59, cvičení 2",8OSZM0Jdc20,https://www.youtube.com/watch?v=8OSZM0Jdc20
7. díl,https://www.matyskova-matematika.cz/7-dil/video/str-59/,"Matýskova matematika, 7. díl, strana 59, cvičení 3",fY-RCfdLkBs,https://www.youtube.com/watch?v=fY-RCfdLkBs
7. díl,https://www.matyskova-matematika.cz/7-dil/video/str-60/,"Matýskova matematika, 7. díl, strana 60, úvod",AsE-Xwp_u8g,https://www.youtube.com/watch?v=AsE-Xwp_u8g
7. díl,https://www.matyskova-matematika.cz/7-dil/video/str-60/,"Matýskova matematika, 7. díl, strana 60, cvičení 1",gFGWgObBb_8,https://www.youtube.com/watch?v=gFGWgObBb_8
7. díl,https://www.matyskova-matematika.cz/7-dil/video/str-60/,"Matýskova matematika, 7. díl, strana 60, cvičení 2",URM2hkjb8vk,https://www.youtube.com/watch?v=URM2hkjb8vk
7. díl,https://www.matyskova-matematika.cz/7-dil/video/str-60/,"Matýskova matematika, 7. díl, strana 60, cvičení 3",-yaXzEKL5jI,https://www.youtube.com/watch?v=-yaXzEKL5jI
7. díl,https://www.matyskova-matematika.cz/7-dil/video/str-60/,"Matýskova matematika, 7. díl, strana 60, cvičení 4",WM0VmidgQ3o,https://www.youtube.com/watch?v=WM0VmidgQ3o
7. díl,https://www.matyskova-matematika.cz/7-dil/video/str-61/,"Matýskova matematika, 7. díl, strana 61, cvičení 1",8xKIxhvZSKQ,https://www.youtube.com/watch?v=8xKIxhvZSKQ
7. díl,https://www.matyskova-matematika.cz/7-dil/video/str-61/,"Matýskova matematika, 7. díl, strana 61, cvičení 2",8RDPBnPss8E,https://www.youtube.com/watch?v=8RDPBnPss8E
7. díl,https://www.matyskova-matematika.cz/7-dil/video/str-61/,"Matýskova matematika, 7. díl, strana 61, cvičení 3",pXQ7kVH2c0E,https://www.youtube.com/watch?v=pXQ7kVH2c0E
7. díl,https://www.matyskova-matematika.cz/7-dil/video/str-62/,"Matýskova matematika, 7. díl, strana 62, cvičení 1",4s9tIyhUYIA,https://www.youtube.com/watch?v=4s9tIyhUYIA
7. díl,https://www.matyskova-matematika.cz/7-dil/video/str-62/,"Matýskova matematika, 7. díl, strana 62, cvičení 2",nU7nSqw93Xk,https://www.youtube.com/watch?v=nU7nSqw93Xk
7. díl,https://www.matyskova-matematika.cz/7-dil/video/str-62/,"Matýskova matematika, 7. díl, strana 62, cvičení 3",jLjir5Wv6r4,https://www.youtube.com/watch?v=jLjir5Wv6r4
7. díl,https://www.matyskova-matematika.cz/7-dil/video/str-63/,"Matýskova matematika, 7. díl, strana 63, cvičení 1",Qzew7RANYDY,https://www.youtube.com/watch?v=Qzew7RANYDY
7. díl,https://www.matyskova-matematika.cz/7-dil/video/str-63/,"Matýskova matematika, 7. díl, strana 63, cvičení 2",sgMx57Dp61U,https://www.youtube.com/watch?v=sgMx57Dp61U
7. díl,https://www.matyskova-matematika.cz/7-dil/video/str-63/,"Matýskova matematika, 7. díl, strana 63, cvičení 3",lMQMS6XfIf0,https://www.youtube.com/watch?v=lMQMS6XfIf0
7. díl,https://www.matyskova-matematika.cz/7-dil/video/str-63/,"Matýskova matematika, 7. díl, strana 63, cvičení 4",G_E74yEN9Lg,https://www.youtube.com/watch?v=G_E74yEN9Lg
7. díl,https://www.matyskova-matematika.cz/7-dil/video/str-64/,"Matýskova matematika, 7. díl, strana 64, cvičení 1",l8dfAs_ezJI,https://www.youtube.com/watch?v=l8dfAs_ezJI
8. díl,https://www.matyskova-matematika.cz/8-dil/video/str-2/,"Matýskova matematika, 8. díl, strana 2, úvod",oiXGedrkdaY,https://www.youtube.com/watch?v=oiXGedrkdaY
8. díl,https://www.matyskova-matematika.cz/8-dil/video/str-2/,"Matýskova matematika, 8. díl, strana 2, cvičení 1",s533K4ToN-Y,https://www.youtube.com/watch?v=s533K4ToN-Y
8. díl,https://www.matyskova-matematika.cz/8-dil/video/str-2/,"Matýskova matematika, 8. díl, strana 2, cvičení 2",P11WDg4aagI,https://www.youtube.com/watch?v=P11WDg4aagI
8. díl,https://www.matyskova-matematika.cz/8-dil/video/str-3/,"Matýskova matematika, 8. díl, strana 3, úvod",9tg00yznm0g,https://www.youtube.com/watch?v=9tg00yznm0g
8. díl,https://www.matyskova-matematika.cz/8-dil/video/str-3/,"Matýskova matematika, 8. díl, strana 3, cvičení 1",P7X9DZxhGAE,https://www.youtube.com/watch?v=P7X9DZxhGAE
8. díl,https://www.matyskova-matematika.cz/8-dil/video/str-3/,"Matýskova matematika, 8. díl, strana 3, cvičení 2",Q3wLjbonFS8,https://www.youtube.com/watch?v=Q3wLjbonFS8
8. díl,https://www.matyskova-matematika.cz/8-dil/video/str-4/,"Matýskova matematika, 8. díl, strana 4, úvod A",rdjG9TU7U6s,https://www.youtube.com/watch?v=rdjG9TU7U6s
8. díl,https://www.matyskova-matematika.cz/8-dil/video/str-4/,"Matýskova matematika, 8. díl, strana 4, úvod B",8VOzo4whqq8,https://www.youtube.com/watch?v=8VOzo4whqq8
8. díl,https://www.matyskova-matematika.cz/8-dil/video/str-4/,"Matýskova matematika, 8. díl, strana 4, cvičení 1",hmMM1KowfNk,https://www.youtube.com/watch?v=hmMM1KowfNk
8. díl,https://www.matyskova-matematika.cz/8-dil/video/str-5/,"Matýskova matematika, 8. díl, strana 5, cvičení 1",JsoOpJzqWqk,https://www.youtube.com/watch?v=JsoOpJzqWqk
8. díl,https://www.matyskova-matematika.cz/8-dil/video/str-5/,"Matýskova matematika, 8. díl, strana 5, cvičení 3",RGQHoCxmwoo,https://www.youtube.com/watch?v=RGQHoCxmwoo
8. díl,https://www.matyskova-matematika.cz/8-dil/video/str-6/,"Matýskova matematika, 8. díl, strana 6, cvičení 1",AnDNFE4d9lo,https://www.youtube.com/watch?v=AnDNFE4d9lo
8. díl,https://www.matyskova-matematika.cz/8-dil/video/str-6/,"Matýskova matematika, 8. díl, strana 6, cvičení 2",WaimmBJBNao,https://www.youtube.com/watch?v=WaimmBJBNao
8. díl,https://www.matyskova-matematika.cz/8-dil/video/str-6/,"Matýskova matematika, 8. díl, strana 6, cvičení 3",pmfEywzCsMU,https://www.youtube.com/watch?v=pmfEywzCsMU
8. díl,https://www.matyskova-matematika.cz/8-dil/video/str-6/,"Matýskova matematika, 8. díl, strana 6, cvičení 4",l-pc_X1iKEA,https://www.youtube.com/watch?v=l-pc_X1iKEA
8. díl,https://www.matyskova-matematika.cz/8-dil/video/str-6/,"Matýskova matematika, 8. díl, strana 6, cvičení 5",DGHvS1CI5Ck,https://www.youtube.com/watch?v=DGHvS1CI5Ck
8. díl,https://www.matyskova-matematika.cz/8-dil/video/str-7/,"Matýskova matematika, 8. díl, strana 7, cvičení 1",vMA2y5FKZDw,https://www.youtube.com/watch?v=vMA2y5FKZDw
8. díl,https://www.matyskova-matematika.cz/8-dil/video/str-7/,"Matýskova matematika, 8. díl, strana 7, cvičení 2",2bAlawJEO1Q,https://www.youtube.com/watch?v=2bAlawJEO1Q
8. díl,https://www.matyskova-matematika.cz/8-dil/video/str-7/,"Matýskova matematika, 8. díl, strana 7, cvičení 3",HNYdcco3j88,https://www.youtube.com/watch?v=HNYdcco3j88
8. díl,https://www.matyskova-matematika.cz/8-dil/video/str-8/,"Matýskova matematika, 8. díl, strana 8, cvičení 1",SAJ7nY42deY,https://www.youtube.com/watch?v=SAJ7nY42deY
8. díl,https://www.matyskova-matematika.cz/8-dil/video/str-8/,"Matýskova matematika, 8. díl, strana 8, cvičení 2",huE2gu1WUvE,https://www.youtube.com/watch?v=huE2gu1WUvE
8. díl,https://www.matyskova-matematika.cz/8-dil/video/str-8/,"Matýskova matematika, 8. díl, strana 8, cvičení 3",XL0tCUoZLVg,https://www.youtube.com/watch?v=XL0tCUoZLVg
8. díl,https://www.matyskova-matematika.cz/8-dil/video/str-9/,"Matýskova matematika, 8. díl, strana 9, cvičení 1",orH9Fuzc74c,https://www.youtube.com/watch?v=orH9Fuzc74c
8. díl,https://www.matyskova-matematika.cz/8-dil/video/str-9/,"Matýskova matematika, 8. díl, strana 9, cvičení 2",p8yp87q_62w,https://www.youtube.com/watch?v=p8yp87q_62w
8. díl,https://www.matyskova-matematika.cz/8-dil/video/str-9/,"Matýskova matematika, 8. díl, strana 9, cvičení 3",JHMoRWBr2Z4,https://www.youtube.com/watch?v=JHMoRWBr2Z4
8. díl,https://www.matyskova-matematika.cz/8-dil/video/str-10/,"Matýskova matematika, 8. díl, strana 10, cvičení 1",N5RTD1lyUzY,https://www.youtube.com/watch?v=N5RTD1lyUzY
8. díl,https://www.matyskova-matematika.cz/8-dil/video/str-10/,"Matýskova matematika, 8. díl, strana 10, cvičení 2",g_lJD-zFFFg,https://www.youtube.com/watch?v=g_lJD-zFFFg
8. díl,https://www.matyskova-matematika.cz/8-dil/video/str-10/,"Matýskova matematika, 8. díl, strana 10, cvičení 3",1Ri3nWgAsU8,https://www.youtube.com/watch?v=1Ri3nWgAsU8
8. díl,https://www.matyskova-matematika.cz/8-dil/video/str-10/,"Matýskova matematika, 8. díl, strana 10, cvičení 4",YwVVt0eCY4Y,https://www.youtube.com/watch?v=YwVVt0eCY4Y
8. díl,https://www.matyskova-matematika.cz/8-dil/video/str-11/,"Matýskova matematika, 8. díl, strana 11, cvičení 1",eOjt4ekp_ag,https://www.youtube.com/watch?v=eOjt4ekp_ag
8. díl,https://www.matyskova-matematika.cz/8-dil/video/str-11/,"Matýskova matematika, 8. díl, strana 11, cvičení 2",xr8EjVTBjBE,https://www.youtube.com/watch?v=xr8EjVTBjBE
8. díl,https://www.matyskova-matematika.cz/8-dil/video/str-11/,"Matýskova matematika, 8. díl, strana 11, cvičení 3",A8E41alymiE,https://www.youtube.com/watch?v=A8E41alymiE
8. díl,https://www.matyskova-matematika.cz/8-dil/video/str-12/,"Matýskova matematika, 8. díl, strana 12, cvičení 1",Za564_g7Lvc,https://www.youtube.com/watch?v=Za564_g7Lvc
8. díl,https://www.matyskova-matematika.cz/8-dil/video/str-12/,"Matýskova matematika, 8. díl, strana 12, cvičení 2",ULcb2gc_QVM,https://www.youtube.com/watch?v=ULcb2gc_QVM
8. díl,https://www.matyskova-matematika.cz/8-dil/video/str-12/,"Matýskova matematika, 8. díl, strana 12, cvičení 3",a2Wrh9omMyU,https://www.youtube.com/watch?v=a2Wrh9omMyU
8. díl,https://www.matyskova-matematika.cz/8-dil/video/str-13/,"Matýskova matematika, 8. díl, strana 13, cvičení 1",FhLFrePRdTM,https://www.youtube.com/watch?v=FhLFrePRdTM
8. díl,https://www.matyskova-matematika.cz/8-dil/video/str-13/,"Matýskova matematika, 8. díl, strana 13, cvičení 2",z7Vncz2i0eY,https://www.youtube.com/watch?v=z7Vncz2i0eY
8. díl,https://www.matyskova-matematika.cz/8-dil/video/str-13/,"Matýskova matematika, 8. díl, strana 13, cvičení 3",-YUfsBmAqOE,https://www.youtube.com/watch?v=-YUfsBmAqOE
8. díl,https://www.matyskova-matematika.cz/8-dil/video/str-13/,"Matýskova matematika, 8. díl, strana 13, cvičení 4",6Kpl65YvlDY,https://www.youtube.com/watch?v=6Kpl65YvlDY
8. díl,https://www.matyskova-matematika.cz/8-dil/video/str-14/,"Matýskova matematika, 8. díl, strana 14, cvičení 1",0g8rvutHjNo,https://www.youtube.com/watch?v=0g8rvutHjNo
8. díl,https://www.matyskova-matematika.cz/8-dil/video/str-14/,"Matýskova matematika, 8. díl, strana 14, cvičení 2",VRJyU6UHPrY,https://www.youtube.com/watch?v=VRJyU6UHPrY
8. díl,https://www.matyskova-matematika.cz/8-dil/video/str-14/,"Matýskova matematika, 8. díl, strana 14, cvičení 3",zncWf34iKn0,https://www.youtube.com/watch?v=zncWf34iKn0
8. díl,https://www.matyskova-matematika.cz/8-dil/video/str-15/,"Matýskova matematika, 8. díl, strana 15, cvičení 1",yDMA5B6Jf5E,https://www.youtube.com/watch?v=yDMA5B6Jf5E
8. díl,https://www.matyskova-matematika.cz/8-dil/video/str-15/,"Matýskova matematika, 8. díl, strana 15, cvičení 2",tu3aCKUUOVQ,https://www.youtube.com/watch?v=tu3aCKUUOVQ
8. díl,https://www.matyskova-matematika.cz/8-dil/video/str-15/,"Matýskova matematika, 8. díl, strana 15, cvičení 3",4M0ow8_xeg8,https://www.youtube.com/watch?v=4M0ow8_xeg8
8. díl,https://www.matyskova-matematika.cz/8-dil/video/str-16/,"Matýskova matematika, 8. díl, strana 16, cvičení 1",KJifOLg-eqI,https://www.youtube.com/watch?v=KJifOLg-eqI
8. díl,https://www.matyskova-matematika.cz/8-dil/video/str-16/,"Matýskova matematika, 8. díl, strana 16, cvičení 2",HOWCyObMyaI,https://www.youtube.com/watch?v=HOWCyObMyaI
8. díl,https://www.matyskova-matematika.cz/8-dil/video/str-16/,"Matýskova matematika, 8. díl, strana 16, cvičení 3",PoEUHnXUonI,https://www.youtube.com/watch?v=PoEUHnXUonI
8. díl,https://www.matyskova-matematika.cz/8-dil/video/str-16/,"Matýskova matematika, 8. díl, strana 16, cvičení 4",tEJ99zAH4Rk,https://www.youtube.com/watch?v=tEJ99zAH4Rk
8. díl,https://www.matyskova-matematika.cz/8-dil/video/str-17/,"Matýskova matematika, 8. díl, strana 17, cvičení 1",i2hhsrQX7xI,https://www.youtube.com/watch?v=i2hhsrQX7xI
8. díl,https://www.matyskova-matematika.cz/8-dil/video/str-17/,"Matýskova matematika, 8. díl, strana 17, cvičení 2",01uxYd1Z350,https://www.youtube.com/watch?v=01uxYd1Z350
8. díl,https://www.matyskova-matematika.cz/8-dil/video/str-17/,"Matýskova matematika, 8. díl, strana 17, cvičení 3",Eixp9Ra3wdY,https://www.youtube.com/watch?v=Eixp9Ra3wdY
8. díl,https://www.matyskova-matematika.cz/8-dil/video/str-17/,"Matýskova matematika, 8. díl, strana 17, cvičení 4",yv2qoFGDjgo,https://www.youtube.com/watch?v=yv2qoFGDjgo
8. díl,https://www.matyskova-matematika.cz/8-dil/video/str-18/,"Matýskova matematika, 8. díl, strana 18, cvičení 1",-XthiQET3_M,https://www.youtube.com/watch?v=-XthiQET3_M
8. díl,https://www.matyskova-matematika.cz/8-dil/video/str-18/,"Matýskova matematika, 8. díl, strana 18, cvičení 2",19zcU2TSOGM,https://www.youtube.com/watch?v=19zcU2TSOGM
8. díl,https://www.matyskova-matematika.cz/8-dil/video/str-18/,"Matýskova matematika, 8. díl, strana 18, cvičení 3",s9dLyWh4N6o,https://www.youtube.com/watch?v=s9dLyWh4N6o
8. díl,https://www.matyskova-matematika.cz/8-dil/video/str-19/,"Matýskova matematika, 8. díl, strana 19, cvičení 1",hAEDAdDpMrI,https://www.youtube.com/watch?v=hAEDAdDpMrI
8. díl,https://www.matyskova-matematika.cz/8-dil/video/str-19/,"Matýskova matematika, 8. díl, strana 19, cvičení 2",z0NOpdy7VRw,https://www.youtube.com/watch?v=z0NOpdy7VRw
8. díl,https://www.matyskova-matematika.cz/8-dil/video/str-19/,"Matýskova matematika, 8. díl, strana 19, cvičení 3",4KSVeg6eQQY,https://www.youtube.com/watch?v=4KSVeg6eQQY
8. díl,https://www.matyskova-matematika.cz/8-dil/video/str-20/,"Matýskova matematika, 8. díl, strana 20, cvičení 1",H3BflhsI8U8,https://www.youtube.com/watch?v=H3BflhsI8U8
8. díl,https://www.matyskova-matematika.cz/8-dil/video/str-20/,"Matýskova matematika, 8. díl, strana 20, cvičení 2",sdjRe52SSFg,https://www.youtube.com/watch?v=sdjRe52SSFg
8. díl,https://www.matyskova-matematika.cz/8-dil/video/str-20/,"Matýskova matematika, 8. díl, strana 20, cvičení 3",nOmNJ4uOF0I,https://www.youtube.com/watch?v=nOmNJ4uOF0I
8. díl,https://www.matyskova-matematika.cz/8-dil/video/str-21/,"Matýskova matematika, 8. díl, strana 21, cvičení 1",F6ZOqDf2WSM,https://www.youtube.com/watch?v=F6ZOqDf2WSM
8. díl,https://www.matyskova-matematika.cz/8-dil/video/str-21/,"Matýskova matematika, 8. díl, strana 21, cvičení 2",QyAwkVPnsFQ,https://www.youtube.com/watch?v=QyAwkVPnsFQ
8. díl,https://www.matyskova-matematika.cz/8-dil/video/str-21/,"Matýskova matematika, 8. díl, strana 21, cvičení 3",1ceaHbQi5Sc,https://www.youtube.com/watch?v=1ceaHbQi5Sc
8. díl,https://www.matyskova-matematika.cz/8-dil/video/str-22/,"Matýskova matematika, 8. díl, strana 22, cvičení 1",ml-L-fIZtjQ,https://www.youtube.com/watch?v=ml-L-fIZtjQ
8. díl,https://www.matyskova-matematika.cz/8-dil/video/str-22/,"Matýskova matematika, 8. díl, strana 22, cvičení 2",572Wz5pSOtc,https://www.youtube.com/watch?v=572Wz5pSOtc
8. díl,https://www.matyskova-matematika.cz/8-dil/video/str-22/,"Matýskova matematika, 8. díl, strana 22, cvičení 3",vZj74aI6nJg,https://www.youtube.com/watch?v=vZj74aI6nJg
8. díl,https://www.matyskova-matematika.cz/8-dil/video/str-22/,"Matýskova matematika, 8. díl, strana 22, cvičení 4",hsOzYD_11S4,https://www.youtube.com/watch?v=hsOzYD_11S4
8. díl,https://www.matyskova-matematika.cz/8-dil/video/str-23/,"Matýskova matematika, 8. díl, strana 23, cvičení 1",XX1wArFrl4g,https://www.youtube.com/watch?v=XX1wArFrl4g
8. díl,https://www.matyskova-matematika.cz/8-dil/video/str-23/,"Matýskova matematika, 8. díl, strana 23, cvičení 2",OYHpEAKYxoo,https://www.youtube.com/watch?v=OYHpEAKYxoo
8. díl,https://www.matyskova-matematika.cz/8-dil/video/str-23/,"Matýskova matematika, 8. díl, strana 23, cvičení 3",95niKhl9FbE,https://www.youtube.com/watch?v=95niKhl9FbE
8. díl,https://www.matyskova-matematika.cz/8-dil/video/str-24/,"Matýskova matematika, 8. díl, strana 24, cvičení 1",P2u3zzdEy3s,https://www.youtube.com/watch?v=P2u3zzdEy3s
8. díl,https://www.matyskova-matematika.cz/8-dil/video/str-24/,"Matýskova matematika, 8. díl, strana 24, cvičení 2",oWYFSpp6Ud8,https://www.youtube.com/watch?v=oWYFSpp6Ud8
8. díl,https://www.matyskova-matematika.cz/8-dil/video/str-24/,"Matýskova matematika, 8. díl, strana 24, cvičení 3",PpulVkcZYAk,https://www.youtube.com/watch?v=PpulVkcZYAk
8. díl,https://www.matyskova-matematika.cz/8-dil/video/str-25/,"Matýskova matematika, 8. díl, strana 25, cvičení 1",9ozSN7l3SoI,https://www.youtube.com/watch?v=9ozSN7l3SoI
8. díl,https://www.matyskova-matematika.cz/8-dil/video/str-25/,"Matýskova matematika, 8. díl, strana 25, cvičení 2",VJhQ_hGJm-c,https://www.youtube.com/watch?v=VJhQ_hGJm-c
8. díl,https://www.matyskova-matematika.cz/8-dil/video/str-25/,"Matýskova matematika, 8. díl, strana 25, cvičení 3",j4Bkdl4_dKg,https://www.youtube.com/watch?v=j4Bkdl4_dKg
8. díl,https://www.matyskova-matematika.cz/8-dil/video/str-25/,"Matýskova matematika, 8. díl, strana 25, cvičení 4",G5dIPQpK1s0,https://www.youtube.com/watch?v=G5dIPQpK1s0
8. díl,https://www.matyskova-matematika.cz/8-dil/video/str-26/,"Matýskova matematika, 8. díl, strana 26, cvičení 1",xshNc8Iztoo,https://www.youtube.com/watch?v=xshNc8Iztoo
8. díl,https://www.matyskova-matematika.cz/8-dil/video/str-26/,"Matýskova matematika, 8. díl, strana 26, cvičení 2",VjtnUyMRNBM,https://www.youtube.com/watch?v=VjtnUyMRNBM
8. díl,https://www.matyskova-matematika.cz/8-dil/video/str-26/,"Matýskova matematika, 8. díl, strana 26, cvičení 3",7dXe3qwAUMQ,https://www.youtube.com/watch?v=7dXe3qwAUMQ
8. díl,https://www.matyskova-matematika.cz/8-dil/video/str-26/,"Matýskova matematika, 8. díl, strana 26, cvičení 4",mlB4Z8xWAzY,https://www.youtube.com/watch?v=mlB4Z8xWAzY
8. díl,https://www.matyskova-matematika.cz/8-dil/video/str-27/,"Matýskova matematika, 8. díl, strana 27, cvičení 1",4WeY1-OKXkw,https://www.youtube.com/watch?v=4WeY1-OKXkw
8. díl,https://www.matyskova-matematika.cz/8-dil/video/str-27/,"Matýskova matematika, 8. díl, strana 27, cvičení 2",gV6qYlkrtSs,https://www.youtube.com/watch?v=gV6qYlkrtSs
8. díl,https://www.matyskova-matematika.cz/8-dil/video/str-27/,"Matýskova matematika, 8. díl, strana 27, cvičení 3",eKk-B1ASWBE,https://www.youtube.com/watch?v=eKk-B1ASWBE
8. díl,https://www.matyskova-matematika.cz/8-dil/video/str-28/,"Matýskova matematika, 8. díl, strana 28, cvičení 1",vf68t4uXWSE,https://www.youtube.com/watch?v=vf68t4uXWSE
8. díl,https://www.matyskova-matematika.cz/8-dil/video/str-28/,"Matýskova matematika, 8. díl, strana 28, cvičení 2",7s7f-Or2xhY,https://www.youtube.com/watch?v=7s7f-Or2xhY
8. díl,https://www.matyskova-matematika.cz/8-dil/video/str-28/,"Matýskova matematika, 8. díl, strana 28, cvičení 3",qSKjVDyKFYI,https://www.youtube.com/watch?v=qSKjVDyKFYI
8. díl,https://www.matyskova-matematika.cz/8-dil/video/str-28/,"Matýskova matematika, 8. díl, strana 28, cvičení 4",_QAkvYYaqxg,https://www.youtube.com/watch?v=_QAkvYYaqxg
8. díl,https://www.matyskova-matematika.cz/8-dil/video/str-29/,"Matýskova matematika, 8. díl, strana 29, cvičení 1",73mY6Ia3JoM,https://www.youtube.com/watch?v=73mY6Ia3JoM
8. díl,https://www.matyskova-matematika.cz/8-dil/video/str-29/,"Matýskova matematika, 8. díl, strana 29, cvičení 2",Gk9744Oo6zA,https://www.youtube.com/watch?v=Gk9744Oo6zA
8. díl,https://www.matyskova-matematika.cz/8-dil/video/str-29/,"Matýskova matematika, 8. díl, strana 29, cvičení 3",1JMHcFKz6EA,https://www.youtube.com/watch?v=1JMHcFKz6EA
8. díl,https://www.matyskova-matematika.cz/8-dil/video/str-30/,"Matýskova matematika, 8. díl, strana 30, cvičení 1",Fng0eQ2RHx8,https://www.youtube.com/watch?v=Fng0eQ2RHx8
8. díl,https://www.matyskova-matematika.cz/8-dil/video/str-30/,"Matýskova matematika, 8. díl, strana 30, cvičení 2",XXw185DPWp8,https://www.youtube.com/watch?v=XXw185DPWp8
8. díl,https://www.matyskova-matematika.cz/8-dil/video/str-30/,"Matýskova matematika, 8. díl, strana 30, cvičení 3",aKXPWac1l6g,https://www.youtube.com/watch?v=aKXPWac1l6g
8. díl,https://www.matyskova-matematika.cz/8-dil/video/str-31/,"Matýskova matematika, 8. díl, strana 31, cvičení 1",D_bjUspriqQ,https://www.youtube.com/watch?v=D_bjUspriqQ
8. díl,https://www.matyskova-matematika.cz/8-dil/video/str-31/,"Matýskova matematika, 8. díl, strana 31, cvičení 2",u_GaUEj3-xc,https://www.youtube.com/watch?v=u_GaUEj3-xc
8. díl,https://www.matyskova-matematika.cz/8-dil/video/str-31/,"Matýskova matematika, 8. díl, strana 31, cvičení 3",S3W2HBlt-UE,https://www.youtube.com/watch?v=S3W2HBlt-UE
8. díl,https://www.matyskova-matematika.cz/8-dil/video/str-31/,"Matýskova matematika, 8. díl, strana 31, cvičení 4",H_WXz_yftHo,https://www.youtube.com/watch?v=H_WXz_yftHo
8. díl,https://www.matyskova-matematika.cz/8-dil/video/str-32/,"Matýskova matematika, 8. díl, strana 32, cvičení 1",vI-IzHzCCPc,https://www.youtube.com/watch?v=vI-IzHzCCPc
8. díl,https://www.matyskova-matematika.cz/8-dil/video/str-32/,"Matýskova matematika, 8. díl, strana 32, cvičení 2",YwxtSzlbQ7g,https://www.youtube.com/watch?v=YwxtSzlbQ7g
8. díl,https://www.matyskova-matematika.cz/8-dil/video/str-32/,"Matýskova matematika, 8. díl, strana 32, cvičení 3",byl6h0-hH0c,https://www.youtube.com/watch?v=byl6h0-hH0c
8. díl,https://www.matyskova-matematika.cz/8-dil/video/str-33/,"Matýskova matematika, 8. díl, strana 33, cvičení 1",CkxYPe_vbCg,https://www.youtube.com/watch?v=CkxYPe_vbCg
8. díl,https://www.matyskova-matematika.cz/8-dil/video/str-33/,"Matýskova matematika, 8. díl, strana 33, cvičení 2",IirfZyOwE3c,https://www.youtube.com/watch?v=IirfZyOwE3c
8. díl,https://www.matyskova-matematika.cz/8-dil/video/str-33/,"Matýskova matematika, 8. díl, strana 33, cvičení 3",2K_-7SO593U,https://www.youtube.com/watch?v=2K_-7SO593U
8. díl,https://www.matyskova-matematika.cz/8-dil/video/str-34/,"Matýskova matematika, 8. díl, strana 34, cvičení 1",vuPXPUCTn88,https://www.youtube.com/watch?v=vuPXPUCTn88
8. díl,https://www.matyskova-matematika.cz/8-dil/video/str-34/,"Matýskova matematika, 8. díl, strana 34, cvičení 2",MIkWsE3eDxo,https://www.youtube.com/watch?v=MIkWsE3eDxo
8. díl,https://www.matyskova-matematika.cz/8-dil/video/str-34/,"Matýskova matematika, 8. díl, strana 34, cvičení 3",x1ONZnYtClM,https://www.youtube.com/watch?v=x1ONZnYtClM
8. díl,https://www.matyskova-matematika.cz/8-dil/video/str-34/,"Matýskova matematika, 8. díl, strana 34, cvičení 4",QyGfUY-Cwg0,https://www.youtube.com/watch?v=QyGfUY-Cwg0
8. díl,https://www.matyskova-matematika.cz/8-dil/video/str-35/,"Matýskova matematika, 8. díl, strana 35, cvičení 1",Gei6spJVQ9Y,https://www.youtube.com/watch?v=Gei6spJVQ9Y
8. díl,https://www.matyskova-matematika.cz/8-dil/video/str-35/,"Matýskova matematika, 8. díl, strana 35, cvičení 2",CFA6DXtIYA0,https://www.youtube.com/watch?v=CFA6DXtIYA0
8. díl,https://www.matyskova-matematika.cz/8-dil/video/str-35/,"Matýskova matematika, 8. díl, strana 35, cvičení 3",2MdDBbzRbuk,https://www.youtube.com/watch?v=2MdDBbzRbuk
8. díl,https://www.matyskova-matematika.cz/8-dil/video/str-36/,"Matýskova matematika, 8. díl, strana 36, cvičení 1",oOY7moK6keA,https://www.youtube.com/watch?v=oOY7moK6keA
8. díl,https://www.matyskova-matematika.cz/8-dil/video/str-36/,"Matýskova matematika, 8. díl, strana 36, cvičení 2",Sut3PZk8fKg,https://www.youtube.com/watch?v=Sut3PZk8fKg
8. díl,https://www.matyskova-matematika.cz/8-dil/video/str-37/,"Matýskova matematika, 8. díl, strana 37, cvičení 1",iz2YZKRainE,https://www.youtube.com/watch?v=iz2YZKRainE
8. díl,https://www.matyskova-matematika.cz/8-dil/video/str-37/,"Matýskova matematika, 8. díl, strana 37, cvičení 2",E03hEh0y95E,https://www.youtube.com/watch?v=E03hEh0y95E
8. díl,https://www.matyskova-matematika.cz/8-dil/video/str-37/,"Matýskova matematika, 8. díl, strana 37, cvičení 3",ioqNgp0t59U,https://www.youtube.com/watch?v=ioqNgp0t59U
8. díl,https://www.matyskova-matematika.cz/8-dil/video/str-37/,"Matýskova matematika, 8. díl, strana 37, cvičení 4",ufjAZdGE_gI,https://www.youtube.com/watch?v=ufjAZdGE_gI
8. díl,https://www.matyskova-matematika.cz/8-dil/video/str-38/,"Matýskova matematika, 8. díl, strana 38, cvičení 1",apn7PqAbVbU,https://www.youtube.com/watch?v=apn7PqAbVbU
8. díl,https://www.matyskova-matematika.cz/8-dil/video/str-38/,"Matýskova matematika, 8. díl, strana 38, cvičení 2",SZItSuqfhQ8,https://www.youtube.com/watch?v=SZItSuqfhQ8
8. díl,https://www.matyskova-matematika.cz/8-dil/video/str-38/,"Matýskova matematika, 8. díl, strana 38, cvičení 3",rufkCx7u9yg,https://www.youtube.com/watch?v=rufkCx7u9yg
8. díl,https://www.matyskova-matematika.cz/8-dil/video/str-38/,"Matýskova matematika, 8. díl, strana 38, cvičení 4",Fz_iWJwObJc,https://www.youtube.com/watch?v=Fz_iWJwObJc
8. díl,https://www.matyskova-matematika.cz/8-dil/video/str-39/,"Matýskova matematika, 8. díl, strana 39, cvičení 1",txtqEcDNwAs,https://www.youtube.com/watch?v=txtqEcDNwAs
8. díl,https://www.matyskova-matematika.cz/8-dil/video/str-39/,"Matýskova matematika, 8. díl, strana 39, cvičení 2",hBcFAwBYsjM,https://www.youtube.com/watch?v=hBcFAwBYsjM
8. díl,https://www.matyskova-matematika.cz/8-dil/video/str-39/,"Matýskova matematika, 8. díl, strana 39, cvičení 3",OajouePTrQg,https://www.youtube.com/watch?v=OajouePTrQg
8. díl,https://www.matyskova-matematika.cz/8-dil/video/str-39/,"Matýskova matematika, 8. díl, strana 39, cvičení 4",Thj8LhXaJDQ,https://www.youtube.com/watch?v=Thj8LhXaJDQ
8. díl,https://www.matyskova-matematika.cz/8-dil/video/str-40/,"Matýskova matematika, 8. díl, strana 40, cvičení 1",u6wOtoURb1A,https://www.youtube.com/watch?v=u6wOtoURb1A
8. díl,https://www.matyskova-matematika.cz/8-dil/video/str-40/,"Matýskova matematika, 8. díl, strana 40, cvičení 2",ODXBJtcI6Dk,https://www.youtube.com/watch?v=ODXBJtcI6Dk
8. díl,https://www.matyskova-matematika.cz/8-dil/video/str-40/,"Matýskova matematika, 8. díl, strana 40, cvičení 3",zJ2RPiMvGsw,https://www.youtube.com/watch?v=zJ2RPiMvGsw
8. díl,https://www.matyskova-matematika.cz/8-dil/video/str-40/,"Matýskova matematika, 8. díl, strana 40, cvičení 4",BJQcuYqnU2k,https://www.youtube.com/watch?v=BJQcuYqnU2k
8. díl,https://www.matyskova-matematika.cz/8-dil/video/str-41/,"Matýskova matematika, 8. díl, strana 41, cvičení 1",8BUQFjshUek,https://www.youtube.com/watch?v=8BUQFjshUek
8. díl,https://www.matyskova-matematika.cz/8-dil/video/str-41/,"Matýskova matematika, 8. díl, strana 41, cvičení 2",rD7LX7C8DrY,https://www.youtube.com/watch?v=rD7LX7C8DrY
8. díl,https://www.matyskova-matematika.cz/8-dil/video/str-41/,"Matýskova matematika, 8. díl, strana 41, cvičení 3",iu71yTMffXQ,https://www.youtube.com/watch?v=iu71yTMffXQ
8. díl,https://www.matyskova-matematika.cz/8-dil/video/str-41/,"Matýskova matematika, 8. díl, strana 41, cvičení 4",pAd0iPZtw0o,https://www.youtube.com/watch?v=pAd0iPZtw0o
8. díl,https://www.matyskova-matematika.cz/8-dil/video/str-42/,"Matýskova matematika, 8. díl, strana 42, cvičení 1",3jQOvGaSdOA,https://www.youtube.com/watch?v=3jQOvGaSdOA
8. díl,https://www.matyskova-matematika.cz/8-dil/video/str-42/,"Matýskova matematika, 8. díl, strana 42, cvičení 2",ODAno1-R88M,https://www.youtube.com/watch?v=ODAno1-R88M
8. díl,https://www.matyskova-matematika.cz/8-dil/video/str-42/,"Matýskova matematika, 8. díl, strana 42, cvičení 3",kfRI4BExM0k,https://www.youtube.com/watch?v=kfRI4BExM0k
8. díl,https://www.matyskova-matematika.cz/8-dil/video/str-42/,"Matýskova matematika, 8. díl, strana 42, cvičení 4",t-BaFWPD6PE,https://www.youtube.com/watch?v=t-BaFWPD6PE
8. díl,https://www.matyskova-matematika.cz/8-dil/video/str-43/,"Matýskova matematika, 8. díl, strana 43, cvičení 1",bZQaKnpM23g,https://www.youtube.com/watch?v=bZQaKnpM23g
8. díl,https://www.matyskova-matematika.cz/8-dil/video/str-43/,"Matýskova matematika, 8. díl, strana 43, cvičení 2",sNrW8oyShLE,https://www.youtube.com/watch?v=sNrW8oyShLE
8. díl,https://www.matyskova-matematika.cz/8-dil/video/str-43/,"Matýskova matematika, 8. díl, strana 43, cvičení 3",Z2oXZKq-xQg,https://www.youtube.com/watch?v=Z2oXZKq-xQg
8. díl,https://www.matyskova-matematika.cz/8-dil/video/str-43/,"Matýskova matematika, 8. díl, strana 43, cvičení 4",3CsKpyA8qig,https://www.youtube.com/watch?v=3CsKpyA8qig
8. díl,https://www.matyskova-matematika.cz/8-dil/video/str-44/,"Matýskova matematika, 8. díl, strana 44, cvičení 1",FinaYsqsCuY,https://www.youtube.com/watch?v=FinaYsqsCuY
8. díl,https://www.matyskova-matematika.cz/8-dil/video/str-44/,"Matýskova matematika, 8. díl, strana 44, cvičení 2",B0DMkiJngUw,https://www.youtube.com/watch?v=B0DMkiJngUw
8. díl,https://www.matyskova-matematika.cz/8-dil/video/str-44/,"Matýskova matematika, 8. díl, strana 44, cvičení 3",cbKSonaYNa4,https://www.youtube.com/watch?v=cbKSonaYNa4
8. díl,https://www.matyskova-matematika.cz/8-dil/video/str-44/,"Matýskova matematika, 8. díl, strana 44, cvičení 4",V1hMJsA8wcs,https://www.youtube.com/watch?v=V1hMJsA8wcs
8. díl,https://www.matyskova-matematika.cz/8-dil/video/str-45/,"Matýskova matematika, 8. díl, strana 45, cvičení 1",w2jDCssRaBk,https://www.youtube.com/watch?v=w2jDCssRaBk
8. díl,https://www.matyskova-matematika.cz/8-dil/video/str-45/,"Matýskova matematika, 8. díl, strana 45, cvičení 2",H3X4VXLPlzY,https://www.youtube.com/watch?v=H3X4VXLPlzY
8. díl,https://www.matyskova-matematika.cz/8-dil/video/str-45/,"Matýskova matematika, 8. díl, strana 45, cvičení 3",TkoZPgvisoA,https://www.youtube.com/watch?v=TkoZPgvisoA
8. díl,https://www.matyskova-matematika.cz/8-dil/video/str-45/,"Matýskova matematika, 8. díl, strana 45, cvičení 4",czEFvtGKx8g,https://www.youtube.com/watch?v=czEFvtGKx8g
8. díl,https://www.matyskova-matematika.cz/8-dil/video/str-46/,"Matýskova matematika, 8. díl, strana 46, cvičení 1",moBiS4YHdbg,https://www.youtube.com/watch?v=moBiS4YHdbg
8. díl,https://www.matyskova-matematika.cz/8-dil/video/str-46/,"Matýskova matematika, 8. díl, strana 46, cvičení 2",CB2NgWwkMvE,https://www.youtube.com/watch?v=CB2NgWwkMvE
8. díl,https://www.matyskova-matematika.cz/8-dil/video/str-46/,"Matýskova matematika, 8. díl, strana 46, cvičení 3",LjvEVns76ck,https://www.youtube.com/watch?v=LjvEVns76ck
8. díl,https://www.matyskova-matematika.cz/8-dil/video/str-46/,"Matýskova matematika, 8. díl, strana 46, cvičení 4",iHt1QvGD0bw,https://www.youtube.com/watch?v=iHt1QvGD0bw
8. díl,https://www.matyskova-matematika.cz/8-dil/video/str-46/,"Matýskova matematika, 8. díl, strana 46, cvičení 5",GMlTIcMEv1k,https://www.youtube.com/watch?v=GMlTIcMEv1k
8. díl,https://www.matyskova-matematika.cz/8-dil/video/str-47/,"Matýskova matematika, 8. díl, strana 47, cvičení 1",MeZZZcAlJqc,https://www.youtube.com/watch?v=MeZZZcAlJqc
8. díl,https://www.matyskova-matematika.cz/8-dil/video/str-47/,"Matýskova matematika, 8. díl, strana 47, cvičení 2",6lZAU4pBewk,https://www.youtube.com/watch?v=6lZAU4pBewk
8. díl,https://www.matyskova-matematika.cz/8-dil/video/str-47/,"Matýskova matematika, 8. díl, strana 47, cvičení 3",t0Le0M1dZjk,https://www.youtube.com/watch?v=t0Le0M1dZjk
8. díl,https://www.matyskova-matematika.cz/8-dil/video/str-48/,"Matýskova matematika, 8. díl, strana 48, cvičení 1",N0KDAp1lmIQ,https://www.youtube.com/watch?v=N0KDAp1lmIQ
8. díl,https://www.matyskova-matematika.cz/8-dil/video/str-48/,"Matýskova matematika, 8. díl, strana 48, cvičení 2",zVKClrCTxuY,https://www.youtube.com/watch?v=zVKClrCTxuY
8. díl,https://www.matyskova-matematika.cz/8-dil/video/str-48/,"Matýskova matematika, 8. díl, strana 48, cvičení 3",nXaaD3JumP4,https://www.youtube.com/watch?v=nXaaD3JumP4
8. díl,https://www.matyskova-matematika.cz/8-dil/video/str-48/,"Matýskova matematika, 8. díl, strana 48, cvičení 4",y-hgIQPqwpM,https://www.youtube.com/watch?v=y-hgIQPqwpM
8. díl,https://www.matyskova-matematika.cz/8-dil/video/str-48/,"Matýskova matematika, 8. díl, strana 48, cvičení 5",zgsEH7apEZA,https://www.youtube.com/watch?v=zgsEH7apEZA
8. díl,https://www.matyskova-matematika.cz/8-dil/video/str-49/,"Matýskova matematika, 8. díl, strana 49, cvičení 1",MU6D0DCXANo,https://www.youtube.com/watch?v=MU6D0DCXANo
8. díl,https://www.matyskova-matematika.cz/8-dil/video/str-49/,"Matýskova matematika, 8. díl, strana 49, cvičení 2",fu3iwjvQ2hg,https://www.youtube.com/watch?v=fu3iwjvQ2hg
8. díl,https://www.matyskova-matematika.cz/8-dil/video/str-49/,"Matýskova matematika, 8. díl, strana 49, cvičení 3",BkN3u6JfsiM,https://www.youtube.com/watch?v=BkN3u6JfsiM
8. díl,https://www.matyskova-matematika.cz/8-dil/video/str-49/,"Matýskova matematika, 8. díl, strana 49, cvičení 4",9hCHKY_KKl8,https://www.youtube.com/watch?v=9hCHKY_KKl8
8. díl,https://www.matyskova-matematika.cz/8-dil/video/str-50/,"Matýskova matematika, 8. díl, strana 50, cvičení 1",Zgj-Xyt8tCI,https://www.youtube.com/watch?v=Zgj-Xyt8tCI
8. díl,https://www.matyskova-matematika.cz/8-dil/video/str-50/,"Matýskova matematika, 8. díl, strana 50, cvičení 2",4rC1QlCId7o,https://www.youtube.com/watch?v=4rC1QlCId7o
8. díl,https://www.matyskova-matematika.cz/8-dil/video/str-50/,"Matýskova matematika, 8. díl, strana 50, cvičení 3",Jx0goClX9hQ,https://www.youtube.com/watch?v=Jx0goClX9hQ
8. díl,https://www.matyskova-matematika.cz/8-dil/video/str-50/,"Matýskova matematika, 8. díl, strana 50, cvičení 4",jP2jzJ4vPHw,https://www.youtube.com/watch?v=jP2jzJ4vPHw
8. díl,https://www.matyskova-matematika.cz/8-dil/video/str-51/,"Matýskova matematika, 8. díl, strana 51, úvod",pcDGjNDxZnM,https://www.youtube.com/watch?v=pcDGjNDxZnM
8. díl,https://www.matyskova-matematika.cz/8-dil/video/str-51/,"Matýskova matematika, 8. díl, strana 51, cvičení 1",EwR4oR7kSTU,https://www.youtube.com/watch?v=EwR4oR7kSTU
8. díl,https://www.matyskova-matematika.cz/8-dil/video/str-51/,"Matýskova matematika, 8. díl, strana 51, cvičení 2",KbK9UI4Ea9Q,https://www.youtube.com/watch?v=KbK9UI4Ea9Q
8. díl,https://www.matyskova-matematika.cz/8-dil/video/str-51/,"Matýskova matematika, 8. díl, strana 51, cvičení 3",xql5lceMAYM,https://www.youtube.com/watch?v=xql5lceMAYM
8. díl,https://www.matyskova-matematika.cz/8-dil/video/str-52/,"Matýskova matematika, 8. díl, strana 52, úvod A",BGqfR8y3_mI,https://www.youtube.com/watch?v=BGqfR8y3_mI
8. díl,https://www.matyskova-matematika.cz/8-dil/video/str-52/,"Matýskova matematika, 8. díl, strana 52, cvičení 1",3GZgg5DercI,https://www.youtube.com/watch?v=3GZgg5DercI
8. díl,https://www.matyskova-matematika.cz/8-dil/video/str-52/,"Matýskova matematika, 8. díl, strana 52, úvod B",O88TbsUUvHM,https://www.youtube.com/watch?v=O88TbsUUvHM
8. díl,https://www.matyskova-matematika.cz/8-dil/video/str-52/,"Matýskova matematika, 8. díl, strana 52, cvičení 2",OA7h0wYq0Zg,https://www.youtube.com/watch?v=OA7h0wYq0Zg
8. díl,https://www.matyskova-matematika.cz/8-dil/video/str-53/,"Matýskova matematika, 8. díl, strana 53, úvod",euNqCRiFDA0,https://www.youtube.com/watch?v=euNqCRiFDA0
8. díl,https://www.matyskova-matematika.cz/8-dil/video/str-53/,"Matýskova matematika, 8. díl, strana 53, cvičení 1",vxkKgq7uvJY,https://www.youtube.com/watch?v=vxkKgq7uvJY
8. díl,https://www.matyskova-matematika.cz/8-dil/video/str-53/,"Matýskova matematika, 8. díl, strana 53, cvičení 2",SQz89MS8AtI,https://www.youtube.com/watch?v=SQz89MS8AtI
8. díl,https://www.matyskova-matematika.cz/8-dil/video/str-53/,"Matýskova matematika, 8. díl, strana 53, cvičení 3",rPUKH3c7FqY,https://www.youtube.com/watch?v=rPUKH3c7FqY
8. díl,https://www.matyskova-matematika.cz/8-dil/video/str-53/,"Matýskova matematika, 8. díl, strana 53, cvičení 4",W6sx21dyceM,https://www.youtube.com/watch?v=W6sx21dyceM
8. díl,https://www.matyskova-matematika.cz/8-dil/video/str-54/,"Matýskova matematika, 8. díl, strana 54, cvičení 1",8jUaHEcI1Wk,https://www.youtube.com/watch?v=8jUaHEcI1Wk
8. díl,https://www.matyskova-matematika.cz/8-dil/video/str-54/,"Matýskova matematika, 8. díl, strana 54, cvičení 2",A9BA2u-BBRE,https://www.youtube.com/watch?v=A9BA2u-BBRE
8. díl,https://www.matyskova-matematika.cz/8-dil/video/str-54/,"Matýskova matematika, 8. díl, strana 54, cvičení 3",sUxm7pNRj34,https://www.youtube.com/watch?v=sUxm7pNRj34
8. díl,https://www.matyskova-matematika.cz/8-dil/video/str-54/,"Matýskova matematika, 8. díl, strana 54, cvičení 4",4UAXlQ7577Y,https://www.youtube.com/watch?v=4UAXlQ7577Y
8. díl,https://www.matyskova-matematika.cz/8-dil/video/str-55/,"Matýskova matematika, 8. díl, strana 55, cvičení 1",3Hx2NcSZMBc,https://www.youtube.com/watch?v=3Hx2NcSZMBc
8. díl,https://www.matyskova-matematika.cz/8-dil/video/str-55/,"Matýskova matematika, 8. díl, strana 55, cvičení 2",mf1qWSDUDW4,https://www.youtube.com/watch?v=mf1qWSDUDW4
8. díl,https://www.matyskova-matematika.cz/8-dil/video/str-55/,"Matýskova matematika, 8. díl, strana 55, cvičení 3",A8mla7bCbqw,https://www.youtube.com/watch?v=A8mla7bCbqw
8. díl,https://www.matyskova-matematika.cz/8-dil/video/str-55/,"Matýskova matematika, 8. díl, strana 55, cvičení 4",UgpmUxFe7Xo,https://www.youtube.com/watch?v=UgpmUxFe7Xo
8. díl,https://www.matyskova-matematika.cz/8-dil/video/str-56/,"Matýskova matematika, 8. díl, strana 56, cvičení 1",2JJVOEFw9Ks,https://www.youtube.com/watch?v=2JJVOEFw9Ks
8. díl,https://www.matyskova-matematika.cz/8-dil/video/str-56/,"Matýskova matematika, 8. díl, strana 56, cvičení 2",0RS5-rotSCE,https://www.youtube.com/watch?v=0RS5-rotSCE
8. díl,https://www.matyskova-matematika.cz/8-dil/video/str-56/,"Matýskova matematika, 8. díl, strana 56, cvičení 3",_qlq3vFG3Yw,https://www.youtube.com/watch?v=_qlq3vFG3Yw
8. díl,https://www.matyskova-matematika.cz/8-dil/video/str-57/,"Matýskova matematika, 8. díl, strana 57, cvičení 1",gMWrrWu4c5U,https://www.youtube.com/watch?v=gMWrrWu4c5U
8. díl,https://www.matyskova-matematika.cz/8-dil/video/str-57/,"Matýskova matematika, 8. díl, strana 57, cvičení 2",mlISylHReZI,https://www.youtube.com/watch?v=mlISylHReZI
8. díl,https://www.matyskova-matematika.cz/8-dil/video/str-57/,"Matýskova matematika, 8. díl, strana 57, cvičení 3",F_UTAiC7zzc,https://www.youtube.com/watch?v=F_UTAiC7zzc
8. díl,https://www.matyskova-matematika.cz/8-dil/video/str-57/,"Matýskova matematika, 8. díl, strana 57, cvičení 4",wX3yYyyO9-E,https://www.youtube.com/watch?v=wX3yYyyO9-E
8. díl,https://www.matyskova-matematika.cz/8-dil/video/str-58/,"Matýskova matematika, 8. díl, strana 58, cvičení 1",rsX1UNa5vp4,https://www.youtube.com/watch?v=rsX1UNa5vp4
8. díl,https://www.matyskova-matematika.cz/8-dil/video/str-58/,"Matýskova matematika, 8. díl, strana 58, cvičení 2",PZAr3xwW_6s,https://www.youtube.com/watch?v=PZAr3xwW_6s
8. díl,https://www.matyskova-matematika.cz/8-dil/video/str-58/,"Matýskova matematika, 8. díl, strana 58, cvičení 3",BlhdBL70XBs,https://www.youtube.com/watch?v=BlhdBL70XBs
8. díl,https://www.matyskova-matematika.cz/8-dil/video/str-59/,"Matýskova matematika, 8. díl, strana 59, cvičení 1",Q33U7YWpYug,https://www.youtube.com/watch?v=Q33U7YWpYug
8. díl,https://www.matyskova-matematika.cz/8-dil/video/str-59/,"Matýskova matematika, 8. díl, strana 59, cvičení 2",to3ScAFGTKg,https://www.youtube.com/watch?v=to3ScAFGTKg
8. díl,https://www.matyskova-matematika.cz/8-dil/video/str-60/,"Matýskova matematika, 8. díl, strana 60, cvičení 1",pVESTq-5PJw,https://www.youtube.com/watch?v=pVESTq-5PJw
8. díl,https://www.matyskova-matematika.cz/8-dil/video/str-60/,"Matýskova matematika, 8. díl, strana 60, cvičení 2",liWMhgGU0yk,https://www.youtube.com/watch?v=liWMhgGU0yk
8. díl,https://www.matyskova-matematika.cz/8-dil/video/str-60/,"Matýskova matematika, 8. díl, strana 60, cvičení 3",8MbVZRzXP8Y,https://www.youtube.com/watch?v=8MbVZRzXP8Y
8. díl,https://www.matyskova-matematika.cz/8-dil/video/str-61/,"Matýskova matematika, 8. díl, strana 61, cvičení 1",5ZhtJIOzAt0,https://www.youtube.com/watch?v=5ZhtJIOzAt0
8. díl,https://www.matyskova-matematika.cz/8-dil/video/str-61/,"Matýskova matematika, 8. díl, strana 61, cvičení 2",dQu5b1eeiuc,https://www.youtube.com/watch?v=dQu5b1eeiuc
8. díl,https://www.matyskova-matematika.cz/8-dil/video/str-61/,"Matýskova matematika, 8. díl, strana 61, cvičení 3",kA_9Hako4vI,https://www.youtube.com/watch?v=kA_9Hako4vI
8. díl,https://www.matyskova-matematika.cz/8-dil/video/str-61/,"Matýskova matematika, 8. díl, strana 61, cvičení 4",BaoLHcZzaW4,https://www.youtube.com/watch?v=BaoLHcZzaW4
8. díl,https://www.matyskova-matematika.cz/8-dil/video/str-62/,"Matýskova matematika, 8. díl, strana 62, cvičení 1",6rjMf8AE3Ew,https://www.youtube.com/watch?v=6rjMf8AE3Ew
8. díl,https://www.matyskova-matematika.cz/8-dil/video/str-62/,"Matýskova matematika, 8. díl, strana 62, cvičení 2",iZtvGTo5S3U,https://www.youtube.com/watch?v=iZtvGTo5S3U
8. díl,https://www.matyskova-matematika.cz/8-dil/video/str-62/,"Matýskova matematika, 8. díl, strana 62, cvičení 3",QkZoneT_6ck,https://www.youtube.com/watch?v=QkZoneT_6ck
8. díl,https://www.matyskova-matematika.cz/8-dil/video/str-62/,"Matýskova matematika, 8. díl, strana 62, cvičení 4",gsBUstGpAmU,https://www.youtube.com/watch?v=gsBUstGpAmU
8. díl,https://www.matyskova-matematika.cz/8-dil/video/str-63/,"Matýskova matematika, 8. díl, strana 63, cvičení 1",FSIf7DYtoNg,https://www.youtube.com/watch?v=FSIf7DYtoNg
8. díl,https://www.matyskova-matematika.cz/8-dil/video/str-63/,"Matýskova matematika, 8. díl, strana 63, cvičení 2",ZrlaAcZjUbY,https://www.youtube.com/watch?v=ZrlaAcZjUbY
8. díl,https://www.matyskova-matematika.cz/8-dil/video/str-63/,"Matýskova matematika, 8. díl, strana 63, cvičení 3",NSTl7evrS44,https://www.youtube.com/watch?v=NSTl7evrS44
8. díl,https://www.matyskova-matematika.cz/8-dil/video/str-64/,"Matýskova matematika, 8. díl, strana 64, cvičení 1",jbd8IHDsM8s,https://www.youtube.com/watch?v=jbd8IHDsM8s
8. díl,https://www.matyskova-matematika.cz/8-dil/video/str-64/,"Matýskova matematika, 8. díl, strana 64, cvičení 2",aY71iS-v2d8,https://www.youtube.com/watch?v=aY71iS-v2d8
8. díl,https://www.matyskova-matematika.cz/8-dil/video/str-64/,"Matýskova matematika, 8. díl, strana 64, cvičení 3",ySMY6KuLMnM,https://www.youtube.com/watch?v=ySMY6KuLMnM
8. díl,https://www.matyskova-matematika.cz/8-dil/video/str-64/,"Matýskova matematika, 8. díl, strana 64, cvičení 4",9Z9snO6KSpo,https://www.youtube.com/watch?v=9Z9snO6KSpo
Geometrie pro 3. ročník,https://www.matyskova-matematika.cz/geometrie-3/video/str-2/,"Geometrie pro 3. ročník, strana 2, úvod",vtCQPzO5DrU,https://www.youtube.com/watch?v=vtCQPzO5DrU
Geometrie pro 3. ročník,https://www.matyskova-matematika.cz/geometrie-3/video/str-2/,"Geometrie pro 3. ročník, strana 2, cvičení 1",HkY_kgiSzYY,https://www.youtube.com/watch?v=HkY_kgiSzYY
Geometrie pro 3. ročník,https://www.matyskova-matematika.cz/geometrie-3/video/str-2/,"Geometrie pro 3. ročník, strana 2, cvičení 2",lXYMaJz9hVM,https://www.youtube.com/watch?v=lXYMaJz9hVM
Geometrie pro 3. ročník,https://www.matyskova-matematika.cz/geometrie-3/video/str-2/,"Geometrie pro 3. ročník, strana 2, cvičení 3",bQhfNnEKOwc,https://www.youtube.com/watch?v=bQhfNnEKOwc
Geometrie pro 3. ročník,https://www.matyskova-matematika.cz/geometrie-3/video/str-2/,"Geometrie pro 3. ročník, strana 2, cvičení 4",_wkbTXpnH_4,https://www.youtube.com/watch?v=_wkbTXpnH_4
Geometrie pro 3. ročník,https://www.matyskova-matematika.cz/geometrie-3/video/str-3/,"Geometrie pro 3. ročník, strana 3, úvod",KLJLsIAOf4Y,https://www.youtube.com/watch?v=KLJLsIAOf4Y
Geometrie pro 3. ročník,https://www.matyskova-matematika.cz/geometrie-3/video/str-3/,"Geometrie pro 3. ročník, strana 3, cvičení  1",r5qvVA0izng,https://www.youtube.com/watch?v=r5qvVA0izng
Geometrie pro 3. ročník,https://www.matyskova-matematika.cz/geometrie-3/video/str-3/,"Geometrie pro 3. ročník, strana 3, cvičení  2",c28PMZnztks,https://www.youtube.com/watch?v=c28PMZnztks
Geometrie pro 3. ročník,https://www.matyskova-matematika.cz/geometrie-3/video/str-3/,"Geometrie pro 3. ročník, strana 3, cvičení  3",d6FerIZKwMc,https://www.youtube.com/watch?v=d6FerIZKwMc
Geometrie pro 3. ročník,https://www.matyskova-matematika.cz/geometrie-3/video/str-4/,"Geometrie pro 3. ročník, strana 4, úvod",p1Q9vsqlA8M,https://www.youtube.com/watch?v=p1Q9vsqlA8M
Geometrie pro 3. ročník,https://www.matyskova-matematika.cz/geometrie-3/video/str-4/,"Geometrie pro 3. ročník, strana 4, cvičení 1",NqrUDTrZtFs,https://www.youtube.com/watch?v=NqrUDTrZtFs
Geometrie pro 3. ročník,https://www.matyskova-matematika.cz/geometrie-3/video/str-4/,"Geometrie pro 3. ročník, strana 4, cvičení 2",LLyoy2gmQbc,https://www.youtube.com/watch?v=LLyoy2gmQbc
Geometrie pro 3. ročník,https://www.matyskova-matematika.cz/geometrie-3/video/str-4/,"Geometrie pro 3. ročník, strana 4, cvičení 3",h0pnB7XQs98,https://www.youtube.com/watch?v=h0pnB7XQs98
Geometrie pro 3. ročník,https://www.matyskova-matematika.cz/geometrie-3/video/str-5/,"Geometrie pro 3. ročník, strana 5, úvod 1",IhPygmSUxrQ,https://www.youtube.com/watch?v=IhPygmSUxrQ
Geometrie pro 3. ročník,https://www.matyskova-matematika.cz/geometrie-3/video/str-5/,"Geometrie pro 3. ročník, strana 5, úvod 2",6g5uxQTJDaI,https://www.youtube.com/watch?v=6g5uxQTJDaI
Geometrie pro 3. ročník,https://www.matyskova-matematika.cz/geometrie-3/video/str-5/,"Geometrie pro 3. ročník, strana 5, cvičení 1",GEYciKu8YBU,https://www.youtube.com/watch?v=GEYciKu8YBU
Geometrie pro 3. ročník,https://www.matyskova-matematika.cz/geometrie-3/video/str-5/,"Geometrie pro 3. ročník, strana 5, cvičení 2",eUaHKqOI06k,https://www.youtube.com/watch?v=eUaHKqOI06k
Geometrie pro 3. ročník,https://www.matyskova-matematika.cz/geometrie-3/video/str-5/,"Geometrie pro 3. ročník, strana 5, cvičení 3A",JX_N-r4x6bU,https://www.youtube.com/watch?v=JX_N-r4x6bU
Geometrie pro 3. ročník,https://www.matyskova-matematika.cz/geometrie-3/video/str-5/,"Geometrie pro 3. ročník, strana 5, cvičení 3B",TIER6Y2bG54,https://www.youtube.com/watch?v=TIER6Y2bG54
Geometrie pro 3. ročník,https://www.matyskova-matematika.cz/geometrie-3/video/str-5/,"Geometrie pro 3. ročník, strana 5, cvičení 3C",3tiAN52x3es,https://www.youtube.com/watch?v=3tiAN52x3es
Geometrie pro 3. ročník,https://www.matyskova-matematika.cz/geometrie-3/video/str-6/,"Geometrie pro 3. ročník, strana 6, úvod",h4XkTyUjxVE,https://www.youtube.com/watch?v=h4XkTyUjxVE
Geometrie pro 3. ročník,https://www.matyskova-matematika.cz/geometrie-3/video/str-6/,"Geometrie pro 3. ročník, strana 6, cvičení 1",Q4UwQ3NHO_w,https://www.youtube.com/watch?v=Q4UwQ3NHO_w
Geometrie pro 3. ročník,https://www.matyskova-matematika.cz/geometrie-3/video/str-6/,"Geometrie pro 3. ročník, strana 6, cvičení 2",Uzr3MKH3TtI,https://www.youtube.com/watch?v=Uzr3MKH3TtI
Geometrie pro 3. ročník,https://www.matyskova-matematika.cz/geometrie-3/video/str-6/,"Geometrie pro 3. ročník, strana 6, cvičení 3",V6ZDH4HgIok,https://www.youtube.com/watch?v=V6ZDH4HgIok
Geometrie pro 3. ročník,https://www.matyskova-matematika.cz/geometrie-3/video/str-7/,"Geometrie pro 3. ročník, strana 7, úvod",oqtvKGpTxYA,https://www.youtube.com/watch?v=oqtvKGpTxYA
Geometrie pro 3. ročník,https://www.matyskova-matematika.cz/geometrie-3/video/str-7/,"Geometrie pro 3. ročník, strana 7, cvičení 1",ggXIh6k5od4,https://www.youtube.com/watch?v=ggXIh6k5od4
Geometrie pro 3. ročník,https://www.matyskova-matematika.cz/geometrie-3/video/str-7/,"Geometrie pro 3. ročník, strana 7, cvičení 2",cySW96Cqh28,https://www.youtube.com/watch?v=cySW96Cqh28
Geometrie pro 3. ročník,https://www.matyskova-matematika.cz/geometrie-3/video/str-8/,"Geometrie pro 3. ročník, strana 8, úvod",slQli1l8Jxg,https://www.youtube.com/watch?v=slQli1l8Jxg
Geometrie pro 3. ročník,https://www.matyskova-matematika.cz/geometrie-3/video/str-8/,"Geometrie pro 3. ročník, strana 8, cvičení 1",Jdp86TledBA,https://www.youtube.com/watch?v=Jdp86TledBA
Geometrie pro 3. ročník,https://www.matyskova-matematika.cz/geometrie-3/video/str-8/,"Geometrie pro 3. ročník, strana 8, cvičení 2",3UyYfFRO8PQ,https://www.youtube.com/watch?v=3UyYfFRO8PQ
Geometrie pro 3. ročník,https://www.matyskova-matematika.cz/geometrie-3/video/str-9/,"Geometrie pro 3. ročník, strana 9, úvod",d2E5ELg9xsQ,https://www.youtube.com/watch?v=d2E5ELg9xsQ
Geometrie pro 3. ročník,https://www.matyskova-matematika.cz/geometrie-3/video/str-9/,"Geometrie pro 3. ročník, strana 9, cvičení 1",QDscA-ctG70,https://www.youtube.com/watch?v=QDscA-ctG70
Geometrie pro 3. ročník,https://www.matyskova-matematika.cz/geometrie-3/video/str-9/,"Geometrie pro 3. ročník, strana 9, cvičení 2",EAY-PniLU0U,https://www.youtube.com/watch?v=EAY-PniLU0U
Geometrie pro 3. ročník,https://www.matyskova-matematika.cz/geometrie-3/video/str-9/,"Geometrie pro 3. ročník, strana 9, cvičení 3",qM0hSm9752s,https://www.youtube.com/watch?v=qM0hSm9752s
Geometrie pro 3. ročník,https://www.matyskova-matematika.cz/geometrie-3/video/str-10/,"Geometrie pro 3. ročník, strana 10, úvod",XaLGndDRMjo,https://www.youtube.com/watch?v=XaLGndDRMjo
Geometrie pro 3. ročník,https://www.matyskova-matematika.cz/geometrie-3/video/str-10/,"Geometrie pro 3. ročník, strana 10, cvičení 1",z_hZad3KEMs,https://www.youtube.com/watch?v=z_hZad3KEMs
Geometrie pro 3. ročník,https://www.matyskova-matematika.cz/geometrie-3/video/str-10/,"Geometrie pro 3. ročník, strana 10, cvičení 2",Va9rcTXzYXk,https://www.youtube.com/watch?v=Va9rcTXzYXk
Geometrie pro 3. ročník,https://www.matyskova-matematika.cz/geometrie-3/video/str-10/,"Geometrie pro 3. ročník, strana 10, cvičení 3A",tyFpJXcR0HA,https://www.youtube.com/watch?v=tyFpJXcR0HA
Geometrie pro 3. ročník,https://www.matyskova-matematika.cz/geometrie-3/video/str-10/,"Geometrie pro 3. ročník, strana 10, cvičení 3B",tUPB39QpFWI,https://www.youtube.com/watch?v=tUPB39QpFWI
Geometrie pro 3. ročník,https://www.matyskova-matematika.cz/geometrie-3/video/str-10/,"Geometrie pro 3. ročník, strana 10, cvičení 3C",9a6lNbZeF6Y,https://www.youtube.com/watch?v=9a6lNbZeF6Y
Geometrie pro 3. ročník,https://www.matyskova-matematika.cz/geometrie-3/video/str-11/,"Geometrie pro 3. ročník, strana 11, úvod",OxaiS2RAvRo,https://www.youtube.com/watch?v=OxaiS2RAvRo
Geometrie pro 3. ročník,https://www.matyskova-matematika.cz/geometrie-3/video/str-11/,"Geometrie pro 3. ročník, strana 11, cvičení 1",NurgNnpD77w,https://www.youtube.com/watch?v=NurgNnpD77w
Geometrie pro 3. ročník,https://www.matyskova-matematika.cz/geometrie-3/video/str-11/,"Geometrie pro 3. ročník, strana 11, cvičení 2",WtLBPMnEAVc,https://www.youtube.com/watch?v=WtLBPMnEAVc
Geometrie pro 3. ročník,https://www.matyskova-matematika.cz/geometrie-3/video/str-12/,"Geometrie pro 3. ročník, strana 12, úvod",AO1ATUqNofQ,https://www.youtube.com/watch?v=AO1ATUqNofQ
Geometrie pro 3. ročník,https://www.matyskova-matematika.cz/geometrie-3/video/str-12/,"Geometrie pro 3. ročník, strana 12, cvičení 1",_JMtI8oGTTc,https://www.youtube.com/watch?v=_JMtI8oGTTc
Geometrie pro 3. ročník,https://www.matyskova-matematika.cz/geometrie-3/video/str-12/,"Geometrie pro 3. ročník, strana 12, cvičení 2",IcC9XI1GLiw,https://www.youtube.com/watch?v=IcC9XI1GLiw
Geometrie pro 3. ročník,https://www.matyskova-matematika.cz/geometrie-3/video/str-12/,"Geometrie pro 3. ročník, strana 12, cvičení 3",Ggqc8sUf7bY,https://www.youtube.com/watch?v=Ggqc8sUf7bY
Geometrie pro 3. ročník,https://www.matyskova-matematika.cz/geometrie-3/video/str-12/,"Geometrie pro 3. ročník, strana 26, úvod 2",XV9RtJNvuuI,https://www.youtube.com/watch?v=XV9RtJNvuuI
Geometrie pro 3. ročník,https://www.matyskova-matematika.cz/geometrie-3/video/str-13/,"Geometrie pro 3. ročník, strana 13, úvod",XL3zsdYhEMI,https://www.youtube.com/watch?v=XL3zsdYhEMI
Geometrie pro 3. ročník,https://www.matyskova-matematika.cz/geometrie-3/video/str-13/,"Geometrie pro 3. ročník, strana 13, cvičení 1",23PKfve7bl4,https://www.youtube.com/watch?v=23PKfve7bl4
Geometrie pro 3. ročník,https://www.matyskova-matematika.cz/geometrie-3/video/str-13/,"Geometrie pro 3. ročník, strana 13, cvičení 2",1mbFelkNt78,https://www.youtube.com/watch?v=1mbFelkNt78
Geometrie pro 3. ročník,https://www.matyskova-matematika.cz/geometrie-3/video/str-13/,"Geometrie pro 3. ročník, strana 13, cvičení 3",R-H5sN2-ASA,https://www.youtube.com/watch?v=R-H5sN2-ASA
Geometrie pro 3. ročník,https://www.matyskova-matematika.cz/geometrie-3/video/str-13/,"Geometrie pro 3. ročník, strana 26, úvod 2",XV9RtJNvuuI,https://www.youtube.com/watch?v=XV9RtJNvuuI
Geometrie pro 3. ročník,https://www.matyskova-matematika.cz/geometrie-3/video/str-14/,"Geometrie pro 3. ročník, strana 14, úvod",iDPdboeY0tM,https://www.youtube.com/watch?v=iDPdboeY0tM
Geometrie pro 3. ročník,https://www.matyskova-matematika.cz/geometrie-3/video/str-14/,"Geometrie pro 3. ročník, strana 14, cvičení 1",j8I9lCaitSA,https://www.youtube.com/watch?v=j8I9lCaitSA
Geometrie pro 3. ročník,https://www.matyskova-matematika.cz/geometrie-3/video/str-14/,"Geometrie pro 3. ročník, strana 14, cvičení 2",CHBy9xO674A,https://www.youtube.com/watch?v=CHBy9xO674A
Geometrie pro 3. ročník,https://www.matyskova-matematika.cz/geometrie-3/video/str-14/,"Geometrie pro 3. ročník, strana 14, cvičení 3",ek1A2EDMOOM,https://www.youtube.com/watch?v=ek1A2EDMOOM
Geometrie pro 3. ročník,https://www.matyskova-matematika.cz/geometrie-3/video/str-15/,"Geometrie pro 3. ročník, strana 15, úvod",t7Vj_QSABcw,https://www.youtube.com/watch?v=t7Vj_QSABcw
Geometrie pro 3. ročník,https://www.matyskova-matematika.cz/geometrie-3/video/str-15/,"Geometrie pro 3. ročník, strana 15, cvičení 1",7mXcezUdh3U,https://www.youtube.com/watch?v=7mXcezUdh3U
Geometrie pro 3. ročník,https://www.matyskova-matematika.cz/geometrie-3/video/str-15/,"Geometrie pro 3. ročník, strana 15, cvičení 2",1j6_bjl1Ei8,https://www.youtube.com/watch?v=1j6_bjl1Ei8
Geometrie pro 3. ročník,https://www.matyskova-matematika.cz/geometrie-3/video/str-15/,"Geometrie pro 3. ročník, strana 15, cvičení 3",rp4v9ybw3Kc,https://www.youtube.com/watch?v=rp4v9ybw3Kc
Geometrie pro 3. ročník,https://www.matyskova-matematika.cz/geometrie-3/video/str-16/,"Geometrie pro 3. ročník, strana 16, cvičení 1",k2axjkXsyzQ,https://www.youtube.com/watch?v=k2axjkXsyzQ
Geometrie pro 3. ročník,https://www.matyskova-matematika.cz/geometrie-3/video/str-16/,"Geometrie pro 3. ročník, strana 16, cvičení 2",386bOslpYt8,https://www.youtube.com/watch?v=386bOslpYt8
Geometrie pro 3. ročník,https://www.matyskova-matematika.cz/geometrie-3/video/str-16/,"Geometrie pro 3. ročník, strana 16, cvičení 3",UM1Lb7qhmwQ,https://www.youtube.com/watch?v=UM1Lb7qhmwQ
Geometrie pro 3. ročník,https://www.matyskova-matematika.cz/geometrie-3/video/str-16/,"Geometrie pro 3. ročník, strana 16, cvičení 4",PoWIk8UBjk0,https://www.youtube.com/watch?v=PoWIk8UBjk0
Geometrie pro 3. ročník,https://www.matyskova-matematika.cz/geometrie-3/video/str-16/,"Geometrie pro 3. ročník, strana 16, cvičení 5",E5HH3WiZ7jo,https://www.youtube.com/watch?v=E5HH3WiZ7jo
Geometrie pro 3. ročník,https://www.matyskova-matematika.cz/geometrie-3/video/str-17/,"Geometrie pro 3. ročník, strana 17, úvod",xl_27Pviulk,https://www.youtube.com/watch?v=xl_27Pviulk
Geometrie pro 3. ročník,https://www.matyskova-matematika.cz/geometrie-3/video/str-17/,"Geometrie pro 3. ročník, strana 17, cvičení 1",5cy8qTm1o9s,https://www.youtube.com/watch?v=5cy8qTm1o9s
Geometrie pro 3. ročník,https://www.matyskova-matematika.cz/geometrie-3/video/str-17/,"Geometrie pro 3. ročník, strana 17, cvičení 2",71g12uYAeNc,https://www.youtube.com/watch?v=71g12uYAeNc
Geometrie pro 3. ročník,https://www.matyskova-matematika.cz/geometrie-3/video/str-18/,"Geometrie pro 3. ročník, strana 18, úvod",lOoriAMg4rk,https://www.youtube.com/watch?v=lOoriAMg4rk
Geometrie pro 3. ročník,https://www.matyskova-matematika.cz/geometrie-3/video/str-19/,"Geometrie pro 3. ročník, strana 19, cvičení 1",NkQ91grs9Z8,https://www.youtube.com/watch?v=NkQ91grs9Z8
Geometrie pro 3. ročník,https://www.matyskova-matematika.cz/geometrie-3/video/str-19/,"Geometrie pro 3. ročník, strana 19, cvičení 2",ztoweT1NnlM,https://www.youtube.com/watch?v=ztoweT1NnlM
Geometrie pro 3. ročník,https://www.matyskova-matematika.cz/geometrie-3/video/str-19/,"Geometrie pro 3. ročník, strana 19, cvičení 3",xKquAWuPfsU,https://www.youtube.com/watch?v=xKquAWuPfsU
Geometrie pro 3. ročník,https://www.matyskova-matematika.cz/geometrie-3/video/str-19/,"Geometrie pro 3. ročník, strana 19, cvičení 4",7aas8HLwxyA,https://www.youtube.com/watch?v=7aas8HLwxyA
Geometrie pro 3. ročník,https://www.matyskova-matematika.cz/geometrie-3/video/str-20/,"Geometrie pro 3. ročník, strana 20, úvod",F2mK-YAPDa4,https://www.youtube.com/watch?v=F2mK-YAPDa4
Geometrie pro 3. ročník,https://www.matyskova-matematika.cz/geometrie-3/video/str-20/,"Geometrie pro 3. ročník, strana 20, cvičení 1",B4yCN73lSlI,https://www.youtube.com/watch?v=B4yCN73lSlI
Geometrie pro 3. ročník,https://www.matyskova-matematika.cz/geometrie-3/video/str-20/,"Geometrie pro 3. ročník, strana 20, cvičení 2",5jZcN7FHu6U,https://www.youtube.com/watch?v=5jZcN7FHu6U
Geometrie pro 3. ročník,https://www.matyskova-matematika.cz/geometrie-3/video/str-21/,"Geometrie pro 3. ročník, strana 21, úvod",3mAO4SY0RdU,https://www.youtube.com/watch?v=3mAO4SY0RdU
Geometrie pro 3. ročník,https://www.matyskova-matematika.cz/geometrie-3/video/str-21/,"Geometrie pro 3. ročník, strana 21, cvičení 1",X55CW0V3uAI,https://www.youtube.com/watch?v=X55CW0V3uAI
Geometrie pro 3. ročník,https://www.matyskova-matematika.cz/geometrie-3/video/str-21/,"Geometrie pro 3. ročník, strana 21, cvičení 2",Ya1C0XC_Mpg,https://www.youtube.com/watch?v=Ya1C0XC_Mpg
Geometrie pro 3. ročník,https://www.matyskova-matematika.cz/geometrie-3/video/str-22/,"Geometrie pro 3. ročník, strana 22, úvod",CDziy1mZ5xM,https://www.youtube.com/watch?v=CDziy1mZ5xM
Geometrie pro 3. ročník,https://www.matyskova-matematika.cz/geometrie-3/video/str-22/,"Geometrie pro 3. ročník, strana 22, cvičení 1",O9mzINgZA5M,https://www.youtube.com/watch?v=O9mzINgZA5M
Geometrie pro 3. ročník,https://www.matyskova-matematika.cz/geometrie-3/video/str-23/,"Geometrie pro 3. ročník, strana 23, úvod",U92h6Udc-q4,https://www.youtube.com/watch?v=U92h6Udc-q4
Geometrie pro 3. ročník,https://www.matyskova-matematika.cz/geometrie-3/video/str-23/,"Geometrie pro 3. ročník, strana 23, cvičení 1",wYN4LhJhOC4,https://www.youtube.com/watch?v=wYN4LhJhOC4
Geometrie pro 3. ročník,https://www.matyskova-matematika.cz/geometrie-3/video/str-23/,"Geometrie pro 3. ročník, strana 23, cvičení 2",nz8txb9Kpgg,https://www.youtube.com/watch?v=nz8txb9Kpgg
Geometrie pro 3. ročník,https://www.matyskova-matematika.cz/geometrie-3/video/str-23/,"Geometrie pro 3. ročník, strana 23, cvičení 3A",Sh7M_3k89Ew,https://www.youtube.com/watch?v=Sh7M_3k89Ew
Geometrie pro 3. ročník,https://www.matyskova-matematika.cz/geometrie-3/video/str-23/,"Geometrie pro 3. ročník, strana 23, cvičení 3B",v7wpdkRZsSU,https://www.youtube.com/watch?v=v7wpdkRZsSU
Geometrie pro 3. ročník,https://www.matyskova-matematika.cz/geometrie-3/video/str-23/,"Geometrie pro 3. ročník, strana 23, cvičení 3C",o8vFZ66Jo98,https://www.youtube.com/watch?v=o8vFZ66Jo98
Geometrie pro 3. ročník,https://www.matyskova-matematika.cz/geometrie-3/video/str-24/,"Geometrie pro 3. ročník, strana 24, úvod",Vj7W7Qw_pfk,https://www.youtube.com/watch?v=Vj7W7Qw_pfk
Geometrie pro 3. ročník,https://www.matyskova-matematika.cz/geometrie-3/video/str-24/,"Geometrie pro 3. ročník, strana 24, cvičení 1",r4Pi51hgBTY,https://www.youtube.com/watch?v=r4Pi51hgBTY
Geometrie pro 3. ročník,https://www.matyskova-matematika.cz/geometrie-3/video/str-24/,"Geometrie pro 3. ročník, strana 24, cvičení 2",cMgm2KYz8fE,https://www.youtube.com/watch?v=cMgm2KYz8fE
Geometrie pro 3. ročník,https://www.matyskova-matematika.cz/geometrie-3/video/str-25/,"Geometrie pro 3. ročník, strana 25, úvod 1",UYeaalbhGEc,https://www.youtube.com/watch?v=UYeaalbhGEc
Geometrie pro 3. ročník,https://www.matyskova-matematika.cz/geometrie-3/video/str-25/,"Geometrie pro 3. ročník, strana 25, úvod 2",jRwe8tT1v6I,https://www.youtube.com/watch?v=jRwe8tT1v6I
Geometrie pro 3. ročník,https://www.matyskova-matematika.cz/geometrie-3/video/str-25/,"Geometrie pro 3. ročník, strana 25, cvičení 1",574GGRHb96M,https://www.youtube.com/watch?v=574GGRHb96M
Geometrie pro 3. ročník,https://www.matyskova-matematika.cz/geometrie-3/video/str-26/,"Geometrie pro 3. ročník, strana 26, úvod 1",cz5JmijGhZM,https://www.youtube.com/watch?v=cz5JmijGhZM
Geometrie pro 3. ročník,https://www.matyskova-matematika.cz/geometrie-3/video/str-26/,"Geometrie pro 3. ročník, strana 26, úvod 2",XV9RtJNvuuI,https://www.youtube.com/watch?v=XV9RtJNvuuI
Geometrie pro 3. ročník,https://www.matyskova-matematika.cz/geometrie-3/video/str-26/,"Geometrie pro 3. ročník, strana 26, cvičení 1",SB-E-iXltiY,https://www.youtube.com/watch?v=SB-E-iXltiY
Geometrie pro 3. ročník,https://www.matyskova-matematika.cz/geometrie-3/video/str-27/,"Geometrie pro 3. ročník, strana 27, úvod",2gXc10sn0jo,https://www.youtube.com/watch?v=2gXc10sn0jo
Geometrie pro 3. ročník,https://www.matyskova-matematika.cz/geometrie-3/video/str-27/,"Geometrie pro 3. ročník, strana 27, cvičení 1",NuMB915JFbg,https://www.youtube.com/watch?v=NuMB915JFbg
Geometrie pro 3. ročník,https://www.matyskova-matematika.cz/geometrie-3/video/str-27/,"Geometrie pro 3. ročník, strana 27, cvičení 2",8peEBMzVSIc,https://www.youtube.com/watch?v=8peEBMzVSIc
Geometrie pro 3. ročník,https://www.matyskova-matematika.cz/geometrie-3/video/str-27/,"Geometrie pro 3. ročník, strana 27, cvičení 3A",xPju-WRQCtY,https://www.youtube.com/watch?v=xPju-WRQCtY
Geometrie pro 3. ročník,https://www.matyskova-matematika.cz/geometrie-3/video/str-27/,"Geometrie pro 3. ročník, strana 27, cvičení 3B",kQd_7sY1P-g,https://www.youtube.com/watch?v=kQd_7sY1P-g
Geometrie pro 3. ročník,https://www.matyskova-matematika.cz/geometrie-3/video/str-27/,"Geometrie pro 3. ročník, strana 27, cvičení 3C",hW_UKNDGFDI,https://www.youtube.com/watch?v=hW_UKNDGFDI
Geometrie pro 3. ročník,https://www.matyskova-matematika.cz/geometrie-3/video/str-28/,"Geometrie pro 3. ročník, strana 28, úvod",-acTEVQnoOE,https://www.youtube.com/watch?v=-acTEVQnoOE
Geometrie pro 3. ročník,https://www.matyskova-matematika.cz/geometrie-3/video/str-28/,"Geometrie pro 3. ročník, strana 28, cvičení 1",HrYHJEwFoWE,https://www.youtube.com/watch?v=HrYHJEwFoWE
Geometrie pro 3. ročník,https://www.matyskova-matematika.cz/geometrie-3/video/str-28/,"Geometrie pro 3. ročník, strana 28, cvičení 2",PJbGY_gPwcw,https://www.youtube.com/watch?v=PJbGY_gPwcw
Geometrie pro 3. ročník,https://www.matyskova-matematika.cz/geometrie-3/video/str-28/,"Geometrie pro 3. ročník, strana 28, cvičení 3A",JOXhRksGnj0,https://www.youtube.com/watch?v=JOXhRksGnj0
Geometrie pro 3. ročník,https://www.matyskova-matematika.cz/geometrie-3/video/str-28/,"Geometrie pro 3. ročník, strana 28, cvičení 3B",AsJAl0mQFLg,https://www.youtube.com/watch?v=AsJAl0mQFLg
Geometrie pro 3. ročník,https://www.matyskova-matematika.cz/geometrie-3/video/str-28/,"Geometrie pro 3. ročník, strana 28, cvičení 3C",qcqXDzQuXCs,https://www.youtube.com/watch?v=qcqXDzQuXCs
Geometrie pro 3. ročník,https://www.matyskova-matematika.cz/geometrie-3/video/str-29/,"Geometrie pro 3. ročník, strana 29, úvod",BY9dMvWyVCU,https://www.youtube.com/watch?v=BY9dMvWyVCU
Geometrie pro 3. ročník,https://www.matyskova-matematika.cz/geometrie-3/video/str-29/,"Geometrie pro 3. ročník, strana 29, cvičení 1",KKj-8L4Ahuo,https://www.youtube.com/watch?v=KKj-8L4Ahuo
Geometrie pro 3. ročník,https://www.matyskova-matematika.cz/geometrie-3/video/str-29/,"Geometrie pro 3. ročník, strana 29, cvičení 2",tihojpup760,https://www.youtube.com/watch?v=tihojpup760
Geometrie pro 3. ročník,https://www.matyskova-matematika.cz/geometrie-3/video/str-30/,"Geometrie pro 3. ročník, strana 30, cvičení 1",UvqucqbRTvA,https://www.youtube.com/watch?v=UvqucqbRTvA
Geometrie pro 3. ročník,https://www.matyskova-matematika.cz/geometrie-3/video/str-30/,"Geometrie pro 3. ročník, strana 30, cvičení 2",7Fa7fSMYYB8,https://www.youtube.com/watch?v=7Fa7fSMYYB8
Geometrie pro 3. ročník,https://www.matyskova-matematika.cz/geometrie-3/video/str-30/,"Geometrie pro 3. ročník, strana 30, cvičení 3",Mqz0mEnkV-w,https://www.youtube.com/watch?v=Mqz0mEnkV-w
Geometrie pro 3. ročník,https://www.matyskova-matematika.cz/geometrie-3/video/str-30/,"Geometrie pro 3. ročník, strana 30, cvičení 4",3LeIpz9ceow,https://www.youtube.com/watch?v=3LeIpz9ceow
Geometrie pro 3. ročník,https://www.matyskova-matematika.cz/geometrie-3/video/str-31/,"Geometrie pro 3. ročník, strana 31, úvod",fejxAMTOwn4,https://www.youtube.com/watch?v=fejxAMTOwn4
Geometrie pro 3. ročník,https://www.matyskova-matematika.cz/geometrie-3/video/str-31/,"Geometrie pro 3. ročník, strana 31, cvičení 1",apn8FEmSx2Q,https://www.youtube.com/watch?v=apn8FEmSx2Q
Geometrie pro 3. ročník,https://www.matyskova-matematika.cz/geometrie-3/video/str-31/,"Geometrie pro 3. ročník, strana 31, cvičení 2",wZ9uVzVFk70,https://www.youtube.com/watch?v=wZ9uVzVFk70
Geometrie pro 3. ročník,https://www.matyskova-matematika.cz/geometrie-3/video/str-31/,"Geometrie pro 3. ročník, strana 31, cvičení 3",zuq-P1Z_Jcw,https://www.youtube.com/watch?v=zuq-P1Z_Jcw
Geometrie pro 3. ročník,https://www.matyskova-matematika.cz/geometrie-3/video/str-32/,"Geometrie pro 3. ročník, strana 32, cvičení 1",JGpzU1IKhfg,https://www.youtube.com/watch?v=JGpzU1IKhfg
Geometrie pro 3. ročník,https://www.matyskova-matematika.cz/geometrie-3/video/str-32/,"Geometrie pro 3. ročník, strana 32, cvičení 2",GAyhi1MjczM,https://www.youtube.com/watch?v=GAyhi1MjczM
Geometrie pro 3. ročník,https://www.matyskova-matematika.cz/geometrie-3/video/str-32/,"Geometrie pro 3. ročník, strana 32, cvičení 3A",HpaV4cRQQNc,https://www.youtube.com/watch?v=HpaV4cRQQNc
Geometrie pro 3. ročník,https://www.matyskova-matematika.cz/geometrie-3/video/str-32/,"Geometrie pro 3. ročník, strana 32, cvičení 3B",o6pQ-fOEmoM,https://www.youtube.com/watch?v=o6pQ-fOEmoM
Geometrie pro 3. ročník,https://www.matyskova-matematika.cz/geometrie-3/video/str-33/,"Geometrie pro 3. ročník, strana 33, úvod",uICRG_WTmOs,https://www.youtube.com/watch?v=uICRG_WTmOs
Geometrie pro 3. ročník,https://www.matyskova-matematika.cz/geometrie-3/video/str-33/,"Geometrie pro 3. ročník, strana 33, cvičení 1",Ds39WmisWX4,https://www.youtube.com/watch?v=Ds39WmisWX4
Geometrie pro 3. ročník,https://www.matyskova-matematika.cz/geometrie-3/video/str-33/,"Geometrie pro 3. ročník, strana 33, cvičení 2",dKNEsCTtNd4,https://www.youtube.com/watch?v=dKNEsCTtNd4
Geometrie pro 3. ročník,https://www.matyskova-matematika.cz/geometrie-3/video/str-34/,"Geometrie pro 3. ročník, strana 34, úvod",WFsC1k3rhQ8,https://www.youtube.com/watch?v=WFsC1k3rhQ8
Geometrie pro 3. ročník,https://www.matyskova-matematika.cz/geometrie-3/video/str-34/,"Geometrie pro 3. ročník, strana 34, cvičení 1",c8D-O56k5Y8,https://www.youtube.com/watch?v=c8D-O56k5Y8
Geometrie pro 3. ročník,https://www.matyskova-matematika.cz/geometrie-3/video/str-34/,"Geometrie pro 3. ročník, strana 34, cvičení 2",iwOQSw43ekI,https://www.youtube.com/watch?v=iwOQSw43ekI
Geometrie pro 3. ročník,https://www.matyskova-matematika.cz/geometrie-3/video/str-35/,"Geometrie pro 3. ročník, strana 35, úvod A",0kTWuirrqU8,https://www.youtube.com/watch?v=0kTWuirrqU8
Geometrie pro 3. ročník,https://www.matyskova-matematika.cz/geometrie-3/video/str-35/,"Geometrie pro 3. ročník, strana 35, úvod B",tt6g3L9B8DE,https://www.youtube.com/watch?v=tt6g3L9B8DE
Geometrie pro 3. ročník,https://www.matyskova-matematika.cz/geometrie-3/video/str-35/,"Geometrie pro 3. ročník, strana 35, cvičení 1A",3lnJksZuEOs,https://www.youtube.com/watch?v=3lnJksZuEOs
Geometrie pro 3. ročník,https://www.matyskova-matematika.cz/geometrie-3/video/str-35/,"Geometrie pro 3. ročník, strana 35, cvičení 1B",QcjYmGVL29k,https://www.youtube.com/watch?v=QcjYmGVL29k
Geometrie pro 3. ročník,https://www.matyskova-matematika.cz/geometrie-3/video/str-35/,"Geometrie pro 3. ročník, strana 35, cvičení 1C",Wdsfn37Jl20,https://www.youtube.com/watch?v=Wdsfn37Jl20
Geometrie pro 3. ročník,https://www.matyskova-matematika.cz/geometrie-3/video/str-36/,"Geometrie pro 3. ročník, strana 36, úvod",HuWO3pPc4lQ,https://www.youtube.com/watch?v=HuWO3pPc4lQ
Geometrie pro 3. ročník,https://www.matyskova-matematika.cz/geometrie-3/video/str-36/,"Geometrie pro 3. ročník, strana 36, cvičení 1",jKdePmacqgY,https://www.youtube.com/watch?v=jKdePmacqgY
Geometrie pro 3. ročník,https://www.matyskova-matematika.cz/geometrie-3/video/str-36/,"Geometrie pro 3. ročník, strana 36, cvičení 2A",HXGNItvt97Y,https://www.youtube.com/watch?v=HXGNItvt97Y
Geometrie pro 3. ročník,https://www.matyskova-matematika.cz/geometrie-3/video/str-36/,"Geometrie pro 3. ročník, strana 36, cvičení 2B",GGYdvHTZ3cQ,https://www.youtube.com/watch?v=GGYdvHTZ3cQ
Geometrie pro 3. ročník,https://www.matyskova-matematika.cz/geometrie-3/video/str-37/,"Geometrie pro 3. ročník, strana 37, úvod",tbbYpzht5hU,https://www.youtube.com/watch?v=tbbYpzht5hU
Geometrie pro 3. ročník,https://www.matyskova-matematika.cz/geometrie-3/video/str-37/,"Geometrie pro 3. ročník, strana 37, cvičení 1",2z64GnWkVoA,https://www.youtube.com/watch?v=2z64GnWkVoA
Geometrie pro 3. ročník,https://www.matyskova-matematika.cz/geometrie-3/video/str-37/,"Geometrie pro 3. ročník, strana 37, cvičení 2",2r--6EauXN0,https://www.youtube.com/watch?v=2r--6EauXN0
Geometrie pro 3. ročník,https://www.matyskova-matematika.cz/geometrie-3/video/str-37/,"Geometrie pro 3. ročník, strana 37, cvičení 3",UXgYiK1qm-I,https://www.youtube.com/watch?v=UXgYiK1qm-I
Geometrie pro 3. ročník,https://www.matyskova-matematika.cz/geometrie-3/video/str-38/,"Geometrie pro 3. ročník, strana 38, cvičení 1",14UVL6obZwE,https://www.youtube.com/watch?v=14UVL6obZwE
Geometrie pro 3. ročník,https://www.matyskova-matematika.cz/geometrie-3/video/str-38/,"Geometrie pro 3. ročník, strana 38, cvičení 2",Sv8XfDePGME,https://www.youtube.com/watch?v=Sv8XfDePGME
Geometrie pro 3. ročník,https://www.matyskova-matematika.cz/geometrie-3/video/str-38/,"Geometrie pro 3. ročník, strana 38, cvičení 3",JLISkSn3F_o,https://www.youtube.com/watch?v=JLISkSn3F_o
Geometrie pro 3. ročník,https://www.matyskova-matematika.cz/geometrie-3/video/str-38/,"Geometrie pro 3. ročník, strana 38, cvičení 4",d5cLLWwfRiY,https://www.youtube.com/watch?v=d5cLLWwfRiY
Geometrie pro 3. ročník,https://www.matyskova-matematika.cz/geometrie-3/video/str-39/,"Geometrie pro 3. ročník, strana 39, úvod A",8IWTzsswN7c,https://www.youtube.com/watch?v=8IWTzsswN7c
Geometrie pro 3. ročník,https://www.matyskova-matematika.cz/geometrie-3/video/str-39/,"Geometrie pro 3. ročník, strana 39, úvod B",QU9-oxDVleo,https://www.youtube.com/watch?v=QU9-oxDVleo
Geometrie pro 3. ročník,https://www.matyskova-matematika.cz/geometrie-3/video/str-39/,"Geometrie pro 3. ročník, strana 39, cvičení 1",g6cchrtg6Qg,https://www.youtube.com/watch?v=g6cchrtg6Qg
Geometrie pro 3. ročník,https://www.matyskova-matematika.cz/geometrie-3/video/str-40/,"Geometrie pro 3. ročník, strana 40, úvod A",eZbDjkNeMGg,https://www.youtube.com/watch?v=eZbDjkNeMGg
Geometrie pro 3. ročník,https://www.matyskova-matematika.cz/geometrie-3/video/str-40/,"Geometrie pro 3. ročník, strana 40, úvod B",cWUF8tvWWrg,https://www.youtube.com/watch?v=cWUF8tvWWrg
Geometrie pro 3. ročník,https://www.matyskova-matematika.cz/geometrie-3/video/str-40/,"Geometrie pro 3. ročník, strana 40, úvod C",uLYDxEMHsUE,https://www.youtube.com/watch?v=uLYDxEMHsUE
Geometrie pro 3. ročník,https://www.matyskova-matematika.cz/geometrie-3/video/str-40/,"Geometrie pro 3. ročník, strana 40, cvičení 1",lPA4j6YAm1U,https://www.youtube.com/watch?v=lPA4j6YAm1U
Geometrie pro 3. ročník,https://www.matyskova-matematika.cz/geometrie-3/video/str-40/,"Geometrie pro 3. ročník, strana 40, cvičení 2",7gAqE7bPg6Q,https://www.youtube.com/watch?v=7gAqE7bPg6Q
Geometrie pro 3. ročník,https://www.matyskova-matematika.cz/geometrie-3/video/str-41/,"Geometrie pro 3. ročník, strana 41, úvod A",9gnRN1618IU,https://www.youtube.com/watch?v=9gnRN1618IU
Geometrie pro 3. ročník,https://www.matyskova-matematika.cz/geometrie-3/video/str-41/,"Geometrie pro 3. ročník, strana 41, úvod B",laTDf4wAq0k,https://www.youtube.com/watch?v=laTDf4wAq0k
Geometrie pro 3. ročník,https://www.matyskova-matematika.cz/geometrie-3/video/str-41/,"Geometrie pro 3. ročník, strana 41, cvičení 1",9JxVlyHY2F8,https://www.youtube.com/watch?v=9JxVlyHY2F8
Geometrie pro 3. ročník,https://www.matyskova-matematika.cz/geometrie-3/video/str-41/,"Geometrie pro 3. ročník, strana 41, cvičení 2A",mJZaWrIxJ7E,https://www.youtube.com/watch?v=mJZaWrIxJ7E
Geometrie pro 3. ročník,https://www.matyskova-matematika.cz/geometrie-3/video/str-41/,"Geometrie pro 3. ročník, strana 41, cvičení 2B",dnyIccxDo0I,https://www.youtube.com/watch?v=dnyIccxDo0I
Geometrie pro 3. ročník,https://www.matyskova-matematika.cz/geometrie-3/video/str-42/,"Geometrie pro 3. ročník, strana 42, cvičení 1",Xo8uiaIAnu4,https://www.youtube.com/watch?v=Xo8uiaIAnu4
Geometrie pro 3. ročník,https://www.matyskova-matematika.cz/geometrie-3/video/str-42/,"Geometrie pro 3. ročník, strana 42, cvičení 2",TpIukHYs78A,https://www.youtube.com/watch?v=TpIukHYs78A
Geometrie pro 3. ročník,https://www.matyskova-matematika.cz/geometrie-3/video/str-42/,"Geometrie pro 3. ročník, strana 42, cvičení 3",Ps70fYfWD74,https://www.youtube.com/watch?v=Ps70fYfWD74
Geometrie pro 3. ročník,https://www.matyskova-matematika.cz/geometrie-3/video/str-42/,"Geometrie pro 3. ročník, strana 42, cvičení 4",x7mnco4PGF4,https://www.youtube.com/watch?v=x7mnco4PGF4
Geometrie pro 3. ročník,https://www.matyskova-matematika.cz/geometrie-3/video/str-43/,"Geometrie pro 3. ročník, strana 43, cvičení 1",VX9xCINFIdo,https://www.youtube.com/watch?v=VX9xCINFIdo
Geometrie pro 3. ročník,https://www.matyskova-matematika.cz/geometrie-3/video/str-43/,"Geometrie pro 3. ročník, strana 43, cvičení 2",tI36wA9Pmx4,https://www.youtube.com/watch?v=tI36wA9Pmx4
Geometrie pro 3. ročník,https://www.matyskova-matematika.cz/geometrie-3/video/str-43/,"Geometrie pro 3. ročník, strana 43, cvičení 3",JD7x0Q2WeuI,https://www.youtube.com/watch?v=JD7x0Q2WeuI
Geometrie pro 3. ročník,https://www.matyskova-matematika.cz/geometrie-3/video/str-43/,"Geometrie pro 3. ročník, strana 43, cvičení 4",yEsYJYwG0tg,https://www.youtube.com/watch?v=yEsYJYwG0tg
Geometrie pro 3. ročník,https://www.matyskova-matematika.cz/geometrie-3/video/str-44/,"Geometrie pro 3. ročník, strana 44, úvod",AtS3osf9OQk,https://www.youtube.com/watch?v=AtS3osf9OQk
Geometrie pro 3. ročník,https://www.matyskova-matematika.cz/geometrie-3/video/str-44/,"Geometrie pro 3. ročník, strana 44, cvičení 1",qrzvJLvGZIY,https://www.youtube.com/watch?v=qrzvJLvGZIY
Geometrie pro 3. ročník,https://www.matyskova-matematika.cz/geometrie-3/video/str-44/,"Geometrie pro 3. ročník, strana 44, cvičení 2",2LiwLVYNp74,https://www.youtube.com/watch?v=2LiwLVYNp74
Geometrie pro 3. ročník,https://www.matyskova-matematika.cz/geometrie-3/video/str-44/,"Geometrie pro 3. ročník, strana 44, cvičení 3",AsNNHgkqfho,https://www.youtube.com/watch?v=AsNNHgkqfho
Geometrie pro 3. ročník,https://www.matyskova-matematika.cz/geometrie-3/video/str-45/,"Geometrie pro 3. ročník, strana 45, cvičení 1",GlHEUIfb9VY,https://www.youtube.com/watch?v=GlHEUIfb9VY
Geometrie pro 3. ročník,https://www.matyskova-matematika.cz/geometrie-3/video/str-45/,"Geometrie pro 3. ročník, strana 45, cvičení 2",-5KDWSs5K_w,https://www.youtube.com/watch?v=-5KDWSs5K_w
Geometrie pro 3. ročník,https://www.matyskova-matematika.cz/geometrie-3/video/str-45/,"Geometrie pro 3. ročník, strana 45, cvičení 3",-vJ3wXcJbq4,https://www.youtube.com/watch?v=-vJ3wXcJbq4
Geometrie pro 3. ročník,https://www.matyskova-matematika.cz/geometrie-3/video/str-45/,"Geometrie pro 3. ročník, strana 45, cvičení 4",mN5mq0qzDBE,https://www.youtube.com/watch?v=mN5mq0qzDBE
Geometrie pro 3. ročník,https://www.matyskova-matematika.cz/geometrie-3/video/str-46/,"Geometrie pro 3. ročník, strana 46, úvod",kD73wFfvDOM,https://www.youtube.com/watch?v=kD73wFfvDOM
Geometrie pro 3. ročník,https://www.matyskova-matematika.cz/geometrie-3/video/str-47/,"Geometrie pro 3. ročník, strana 47, úvod A",3M8p3gPrDhg,https://www.youtube.com/watch?v=3M8p3gPrDhg
Geometrie pro 3. ročník,https://www.matyskova-matematika.cz/geometrie-3/video/str-47/,"Geometrie pro 3. ročník, strana 47, úvod B",eITM3LzotFQ,https://www.youtube.com/watch?v=eITM3LzotFQ
Geometrie pro 3. ročník,https://www.matyskova-matematika.cz/geometrie-3/video/str-47/,"Geometrie pro 3. ročník, strana 47, cvičení 1",CpkRfW4vvyA,https://www.youtube.com/watch?v=CpkRfW4vvyA
Geometrie pro 3. ročník,https://www.matyskova-matematika.cz/geometrie-3/video/str-48/,"Geometrie pro 3. ročník, strana 48, úvod",CXOe8qP4nbY,https://www.youtube.com/watch?v=CXOe8qP4nbY
Geometrie pro 3. ročník,https://www.matyskova-matematika.cz/geometrie-3/video/str-48/,"Geometrie pro 3. ročník, strana 48, cvičení 1",l7TQWnB7qbk,https://www.youtube.com/watch?v=l7TQWnB7qbk
Geometrie pro 3. ročník,https://www.matyskova-matematika.cz/geometrie-3/video/str-48/,"Geometrie pro 3. ročník, strana 48, cvičení 2",OOnM4malI7U,https://www.youtube.com/watch?v=OOnM4malI7U
Geometrie pro 3. ročník,https://www.matyskova-matematika.cz/geometrie-3/video/str-48/,"Geometrie pro 3. ročník, strana 48, cvičení 3",IrKyiPFEj_A,https://www.youtube.com/watch?v=IrKyiPFEj_A
Geometrie pro 3. ročník,https://www.matyskova-matematika.cz/geometrie-3/video/str-49/,"Geometrie pro 3. ročník, strana 49, úvod",dMlPCF7ZKo0,https://www.youtube.com/watch?v=dMlPCF7ZKo0
Geometrie pro 3. ročník,https://www.matyskova-matematika.cz/geometrie-3/video/str-49/,"Geometrie pro 3. ročník, strana 49, cvičení 1",8f1BzvFuwVg,https://www.youtube.com/watch?v=8f1BzvFuwVg
Geometrie pro 3. ročník,https://www.matyskova-matematika.cz/geometrie-3/video/str-49/,"Geometrie pro 3. ročník, strana 49, cvičení 2",PkKasy7A2gY,https://www.youtube.com/watch?v=PkKasy7A2gY
Geometrie pro 3. ročník,https://www.matyskova-matematika.cz/geometrie-3/video/str-49/,"Geometrie pro 3. ročník, strana 49, cvičení 3",e4h1x5JgdfY,https://www.youtube.com/watch?v=e4h1x5JgdfY
Geometrie pro 3. ročník,https://www.matyskova-matematika.cz/geometrie-3/video/str-50/,"Geometrie pro 3. ročník, strana 50, úvod",ZlBOgWOkn1c,https://www.youtube.com/watch?v=ZlBOgWOkn1c
Geometrie pro 3. ročník,https://www.matyskova-matematika.cz/geometrie-3/video/str-50/,"Geometrie pro 3. ročník, strana 50, cvičení 1",w-rxZ4nzVyA,https://www.youtube.com/watch?v=w-rxZ4nzVyA
Geometrie pro 3. ročník,https://www.matyskova-matematika.cz/geometrie-3/video/str-51/,"Geometrie pro 3. ročník, strana 51, úvod A",N6qaBXFBVO0,https://www.youtube.com/watch?v=N6qaBXFBVO0
Geometrie pro 3. ročník,https://www.matyskova-matematika.cz/geometrie-3/video/str-51/,"Geometrie pro 3. ročník, strana 51, úvod B",xVUFd6lcBQM,https://www.youtube.com/watch?v=xVUFd6lcBQM
Geometrie pro 3. ročník,https://www.matyskova-matematika.cz/geometrie-3/video/str-51/,"Geometrie pro 3. ročník, strana 51, cvičení 1A",ThBQTExlSZs,https://www.youtube.com/watch?v=ThBQTExlSZs
Geometrie pro 3. ročník,https://www.matyskova-matematika.cz/geometrie-3/video/str-51/,"Geometrie pro 3. ročník, strana 51, cvičení 1B",PhwLwlB1Qdk,https://www.youtube.com/watch?v=PhwLwlB1Qdk
Geometrie pro 3. ročník,https://www.matyskova-matematika.cz/geometrie-3/video/str-51/,"Geometrie pro 3. ročník, strana 51, cvičení 1C",mWMkYerviAQ,https://www.youtube.com/watch?v=mWMkYerviAQ
Geometrie pro 3. ročník,https://www.matyskova-matematika.cz/geometrie-3/video/str-51/,"Geometrie pro 3. ročník, strana 51, cvičení 1D",XMxX4ljK0x0,https://www.youtube.com/watch?v=XMxX4ljK0x0
Geometrie pro 3. ročník,https://www.matyskova-matematika.cz/geometrie-3/video/str-52/,"Geometrie pro 3. ročník, strana 52, cvičení 1",fhtnRiPozVM,https://www.youtube.com/watch?v=fhtnRiPozVM
Geometrie pro 3. ročník,https://www.matyskova-matematika.cz/geometrie-3/video/str-52/,"Geometrie pro 3. ročník, strana 52, cvičení 2",aknKT6iPt6M,https://www.youtube.com/watch?v=aknKT6iPt6M
Geometrie pro 3. ročník,https://www.matyskova-matematika.cz/geometrie-3/video/str-52/,"Geometrie pro 3. ročník, strana 52, cvičení 3",XsMLtCLy_00,https://www.youtube.com/watch?v=XsMLtCLy_00
Geometrie pro 3. ročník,https://www.matyskova-matematika.cz/geometrie-3/video/str-52/,"Geometrie pro 3. ročník, strana 52, cvičení 4",NOwec23N1ZA,https://www.youtube.com/watch?v=NOwec23N1ZA
Geometrie pro 3. ročník,https://www.matyskova-matematika.cz/geometrie-3/video/str-53/,"Geometrie pro 3. ročník, strana 53, úvod",og_3IuIinFs,https://www.youtube.com/watch?v=og_3IuIinFs
Geometrie pro 3. ročník,https://www.matyskova-matematika.cz/geometrie-3/video/str-53/,"Geometrie pro 3. ročník, strana 53, cvičení 1",JrcGBCFTpis,https://www.youtube.com/watch?v=JrcGBCFTpis
Geometrie pro 3. ročník,https://www.matyskova-matematika.cz/geometrie-3/video/str-53/,"Geometrie pro 3. ročník, strana 53, cvičení 2",nnxh1Pt7lMk,https://www.youtube.com/watch?v=nnxh1Pt7lMk
Geometrie pro 3. ročník,https://www.matyskova-matematika.cz/geometrie-3/video/str-53/,"Geometrie pro 3. ročník, strana 53, cvičení 3",GXLD44_jzs4,https://www.youtube.com/watch?v=GXLD44_jzs4
Geometrie pro 3. ročník,https://www.matyskova-matematika.cz/geometrie-3/video/str-54/,"Geometrie pro 3. ročník, strana 54, cvičení 1",0QINa2vzcNQ,https://www.youtube.com/watch?v=0QINa2vzcNQ
Geometrie pro 3. ročník,https://www.matyskova-matematika.cz/geometrie-3/video/str-54/,"Geometrie pro 3. ročník, strana 54, cvičení 2",6g_8JtjcMaI,https://www.youtube.com/watch?v=6g_8JtjcMaI
Geometrie pro 3. ročník,https://www.matyskova-matematika.cz/geometrie-3/video/str-54/,"Geometrie pro 3. ročník, strana 54, cvičení 3",3PNdE_6ICcw,https://www.youtube.com/watch?v=3PNdE_6ICcw
Geometrie pro 3. ročník,https://www.matyskova-matematika.cz/geometrie-3/video/str-54/,"Geometrie pro 3. ročník, strana 54, cvičení 4",S8K5x_B9yaI,https://www.youtube.com/watch?v=S8K5x_B9yaI
Geometrie pro 3. ročník,https://www.matyskova-matematika.cz/geometrie-3/video/str-55/,"Geometrie pro 3. ročník, strana 55, úvod A",goF9szHavMY,https://www.youtube.com/watch?v=goF9szHavMY
Geometrie pro 3. ročník,https://www.matyskova-matematika.cz/geometrie-3/video/str-55/,"Geometrie pro 3. ročník, strana 55, úvod B",U0Sb5rQBoc8,https://www.youtube.com/watch?v=U0Sb5rQBoc8
Geometrie pro 3. ročník,https://www.matyskova-matematika.cz/geometrie-3/video/str-55/,"Geometrie pro 3. ročník, strana 55, cvičení 1",Kko7uLXlL4o,https://www.youtube.com/watch?v=Kko7uLXlL4o
Geometrie pro 3. ročník,https://www.matyskova-matematika.cz/geometrie-3/video/str-55/,"Geometrie pro 3. ročník, strana 55, cvičení 2",gXU_5to0aIg,https://www.youtube.com/watch?v=gXU_5to0aIg
Geometrie pro 3. ročník,https://www.matyskova-matematika.cz/geometrie-3/video/str-56/,"Geometrie pro 3. ročník, strana 56, úvod",JXDS2Ahv7kQ,https://www.youtube.com/watch?v=JXDS2Ahv7kQ
Geometrie pro 3. ročník,https://www.matyskova-matematika.cz/geometrie-3/video/str-56/,"Geometrie pro 3. ročník, strana 56, cvičení 1A",_1xw-8bEdqA,https://www.youtube.com/watch?v=_1xw-8bEdqA
Geometrie pro 3. ročník,https://www.matyskova-matematika.cz/geometrie-3/video/str-56/,"Geometrie pro 3. ročník, strana 56, cvičení 1B",v_V-Le3qGpc,https://www.youtube.com/watch?v=v_V-Le3qGpc
Geometrie pro 3. ročník,https://www.matyskova-matematika.cz/geometrie-3/video/str-57/,"Geometrie pro 3. ročník, strana 57, cvičení 1",jiCEc06bjJM,https://www.youtube.com/watch?v=jiCEc06bjJM
Geometrie pro 3. ročník,https://www.matyskova-matematika.cz/geometrie-3/video/str-57/,"Geometrie pro 3. ročník, strana 57, cvičení 2",NYg3XvksCxE,https://www.youtube.com/watch?v=NYg3XvksCxE
Geometrie pro 3. ročník,https://www.matyskova-matematika.cz/geometrie-3/video/str-57/,"Geometrie pro 3. ročník, strana 57, cvičení 3A",P3ecpYUstO0,https://www.youtube.com/watch?v=P3ecpYUstO0
Geometrie pro 3. ročník,https://www.matyskova-matematika.cz/geometrie-3/video/str-57/,"Geometrie pro 3. ročník, strana 57, cvičení 3B",yMSPYvs9B74,https://www.youtube.com/watch?v=yMSPYvs9B74
Geometrie pro 3. ročník,https://www.matyskova-matematika.cz/geometrie-3/video/str-57/,"Geometrie pro 3. ročník, strana 57, cvičení 3C",dPafXPURoec,https://www.youtube.com/watch?v=dPafXPURoec
Geometrie pro 3. ročník,https://www.matyskova-matematika.cz/geometrie-3/video/str-58/,"Geometrie pro 3. ročník, strana 58, úvod",k1tzm2KTAmY,https://www.youtube.com/watch?v=k1tzm2KTAmY
Geometrie pro 3. ročník,https://www.matyskova-matematika.cz/geometrie-3/video/str-59/,"Geometrie pro 3. ročník, strana 59, cvičení 1",TYM51bxZMBA,https://www.youtube.com/watch?v=TYM51bxZMBA
Geometrie pro 3. ročník,https://www.matyskova-matematika.cz/geometrie-3/video/str-59/,"Geometrie pro 3. ročník, strana 59, cvičení 2",zNvOcXFy1n0,https://www.youtube.com/watch?v=zNvOcXFy1n0
Geometrie pro 3. ročník,https://www.matyskova-matematika.cz/geometrie-3/video/str-59/,"Geometrie pro 3. ročník, strana 59, cvičení 3",zIYRLU6DV8o,https://www.youtube.com/watch?v=zIYRLU6DV8o
Geometrie pro 3. ročník,https://www.matyskova-matematika.cz/geometrie-3/video/str-60/,"Geometrie pro 3. ročník, strana 60, cvičení 1",5M3R-BGIKzM,https://www.youtube.com/watch?v=5M3R-BGIKzM
Geometrie pro 3. ročník,https://www.matyskova-matematika.cz/geometrie-3/video/str-60/,"Geometrie pro 3. ročník, strana 60, cvičení 2",7io_7Be9UEM,https://www.youtube.com/watch?v=7io_7Be9UEM
Geometrie pro 3. ročník,https://www.matyskova-matematika.cz/geometrie-3/video/str-60/,"Geometrie pro 3. ročník, strana 60, cvičení 3A",txiwHrDCOzw,https://www.youtube.com/watch?v=txiwHrDCOzw
Geometrie pro 3. ročník,https://www.matyskova-matematika.cz/geometrie-3/video/str-60/,"Geometrie pro 3. ročník, strana 60, cvičení 3B",6jJx_ylOdj8,https://www.youtube.com/watch?v=6jJx_ylOdj8
Geometrie pro 3. ročník,https://www.matyskova-matematika.cz/geometrie-3/video/str-61/,"Geometrie pro 3. ročník, strana 61, cvičení 1",j6DmZtoT6ig,https://www.youtube.com/watch?v=j6DmZtoT6ig
Geometrie pro 3. ročník,https://www.matyskova-matematika.cz/geometrie-3/video/str-61/,"Geometrie pro 3. ročník, strana 61, cvičení 2",UPXZ5CrBDok,https://www.youtube.com/watch?v=UPXZ5CrBDok
Geometrie pro 3. ročník,https://www.matyskova-matematika.cz/geometrie-3/video/str-61/,"Geometrie pro 3. ročník, strana 61, cvičení 3",-45zMhtBvQo,https://www.youtube.com/watch?v=-45zMhtBvQo
Geometrie pro 3. ročník,https://www.matyskova-matematika.cz/geometrie-3/video/str-62/,"Geometrie pro 3. ročník, strana 62, cvičení 1",s1LzXYBx3cg,https://www.youtube.com/watch?v=s1LzXYBx3cg
Geometrie pro 3. ročník,https://www.matyskova-matematika.cz/geometrie-3/video/str-62/,"Geometrie pro 3. ročník, strana 62, cvičení 2",OcBTY3QIItA,https://www.youtube.com/watch?v=OcBTY3QIItA
Geometrie pro 3. ročník,https://www.matyskova-matematika.cz/geometrie-3/video/str-62/,"Geometrie pro 3. ročník, strana 62, cvičení 3",hNkKe-OuN7o,https://www.youtube.com/watch?v=hNkKe-OuN7o
Geometrie pro 3. ročník,https://www.matyskova-matematika.cz/geometrie-3/video/str-63/,"Geometrie pro 3. ročník, strana 63, cvičení 1, 2, 3",VfiAFQlx6LA,https://www.youtube.com/watch?v=VfiAFQlx6LA
Geometrie pro 3. ročník,https://www.matyskova-matematika.cz/geometrie-3/video/str-63/,"Geometrie pro 3. ročník, strana 63, cvičení 4",_KZuWLeXrOM,https://www.youtube.com/watch?v=_KZuWLeXrOM
Geometrie pro 3. ročník,https://www.matyskova-matematika.cz/geometrie-3/video/str-64/,"Geometrie pro 3. ročník, strana 64, cvičení 1",3SxB7FqJ2n0,https://www.youtube.com/watch?v=3SxB7FqJ2n0
Geometrie pro 3. ročník,https://www.matyskova-matematika.cz/geometrie-3/video/str-64/,"Geometrie pro 3. ročník, strana 64, cvičení 2",AKIjSyRDoYc,https://www.youtube.com/watch?v=AKIjSyRDoYc
Geometrie pro 3. ročník,https://www.matyskova-matematika.cz/geometrie-3/video/str-64/,"Geometrie pro 3. ročník, strana 64, cvičení 3",kdcjwSRCAW4,https://www.youtube.com/watch?v=kdcjwSRCAW4
Geometrie pro 3. ročník,https://www.matyskova-matematika.cz/geometrie-3/video/str-64/,"Geometrie pro 3. ročník, strana 64, cvičení 4",SHO3zNFZyWY,https://www.youtube.com/watch?v=SHO3zNFZyWY
Geometrie pro 4. ročník,https://www.matyskova-matematika.cz/geometrie-4/video/str-2/,"Geometrie pro 4. ročník, strana 2, úvod",3lMQTWthI1o,https://www.youtube.com/watch?v=3lMQTWthI1o
Geometrie pro 4. ročník,https://www.matyskova-matematika.cz/geometrie-4/video/str-2/,"Geometrie pro 4. ročník, strana 2, cvičení 1",zUX44kgMRhM,https://www.youtube.com/watch?v=zUX44kgMRhM
Geometrie pro 4. ročník,https://www.matyskova-matematika.cz/geometrie-4/video/str-3/,"Geometrie pro 4. ročník, strana 3, cvičení 1",mCO_RE77boE,https://www.youtube.com/watch?v=mCO_RE77boE
Geometrie pro 4. ročník,https://www.matyskova-matematika.cz/geometrie-4/video/str-3/,"Geometrie pro 4. ročník, strana 3, cvičení 2",HmnBjlzACKs,https://www.youtube.com/watch?v=HmnBjlzACKs
Geometrie pro 4. ročník,https://www.matyskova-matematika.cz/geometrie-4/video/str-3/,"Geometrie pro 4. ročník, strana 3, cvičení 3",937OrZ1z2uc,https://www.youtube.com/watch?v=937OrZ1z2uc
Geometrie pro 4. ročník,https://www.matyskova-matematika.cz/geometrie-4/video/str-3/,"Geometrie pro 4. ročník, strana 3, cvičení 4",ocfVImBxYf4,https://www.youtube.com/watch?v=ocfVImBxYf4
Geometrie pro 4. ročník,https://www.matyskova-matematika.cz/geometrie-4/video/str-3/,"Geometrie pro 4. ročník, strana 3, cvičení 5",T6AoTuQ3l34,https://www.youtube.com/watch?v=T6AoTuQ3l34
Geometrie pro 4. ročník,https://www.matyskova-matematika.cz/geometrie-4/video/str-3/,"Geometrie pro 4. ročník, strana 3, cvičení 6",EH-DphnTfrE,https://www.youtube.com/watch?v=EH-DphnTfrE
Geometrie pro 4. ročník,https://www.matyskova-matematika.cz/geometrie-4/video/str-4/,"Geometrie pro 4. ročník, strana 4, úvod A",x9LDUArLsiA,https://www.youtube.com/watch?v=x9LDUArLsiA
Geometrie pro 4. ročník,https://www.matyskova-matematika.cz/geometrie-4/video/str-4/,"Geometrie pro 4. ročník, strana 4, úvod B",Xn1Bw7nRa38,https://www.youtube.com/watch?v=Xn1Bw7nRa38
Geometrie pro 4. ročník,https://www.matyskova-matematika.cz/geometrie-4/video/str-4/,"Geometrie pro 4. ročník, strana 4, cvičení 1",ntiiF_ZHA0U,https://www.youtube.com/watch?v=ntiiF_ZHA0U
Geometrie pro 4. ročník,https://www.matyskova-matematika.cz/geometrie-4/video/str-5/,"Geometrie pro 4. ročník, strana 5, cvičení 1",xFhLA-4nfoc,https://www.youtube.com/watch?v=xFhLA-4nfoc
Geometrie pro 4. ročník,https://www.matyskova-matematika.cz/geometrie-4/video/str-5/,"Geometrie pro 4. ročník, strana 5, cvičení 2",p6mEZKkoSQA,https://www.youtube.com/watch?v=p6mEZKkoSQA
Geometrie pro 4. ročník,https://www.matyskova-matematika.cz/geometrie-4/video/str-5/,"Geometrie pro 4. ročník, strana 5, cvičení 3",1-O9HCGTveA,https://www.youtube.com/watch?v=1-O9HCGTveA
Geometrie pro 4. ročník,https://www.matyskova-matematika.cz/geometrie-4/video/str-5/,"Geometrie pro 4. ročník, strana 5, cvičení 4",tJ0tKxviz8g,https://www.youtube.com/watch?v=tJ0tKxviz8g
Geometrie pro 4. ročník,https://www.matyskova-matematika.cz/geometrie-4/video/str-5/,"Geometrie pro 4. ročník, strana 5, cvičení 5a",m8ulH7pal0o,https://www.youtube.com/watch?v=m8ulH7pal0o
Geometrie pro 4. ročník,https://www.matyskova-matematika.cz/geometrie-4/video/str-5/,"Geometrie pro 4. ročník, strana 5, cvičení 5b",ijfQsu1Y6og,https://www.youtube.com/watch?v=ijfQsu1Y6og
Geometrie pro 4. ročník,https://www.matyskova-matematika.cz/geometrie-4/video/str-5/,"Geometrie pro 4. ročník, strana 5, cvičení 5c",dKQFPnZlupA,https://www.youtube.com/watch?v=dKQFPnZlupA
Geometrie pro 4. ročník,https://www.matyskova-matematika.cz/geometrie-4/video/str-5/,"Geometrie pro 4. ročník, strana 5, cvičení 5d",778-t0ffcrs,https://www.youtube.com/watch?v=778-t0ffcrs
Geometrie pro 4. ročník,https://www.matyskova-matematika.cz/geometrie-4/video/str-6/,"Geometrie pro 4. ročník, strana 6, úvod A",F-wansioyt8,https://www.youtube.com/watch?v=F-wansioyt8
Geometrie pro 4. ročník,https://www.matyskova-matematika.cz/geometrie-4/video/str-6/,"Geometrie pro 4. ročník, strana 6, úvod B",4Cy1HOG0q_E,https://www.youtube.com/watch?v=4Cy1HOG0q_E
Geometrie pro 4. ročník,https://www.matyskova-matematika.cz/geometrie-4/video/str-6/,"Geometrie pro 4. ročník, strana 6, cvičení 1",IGclk2nxiPU,https://www.youtube.com/watch?v=IGclk2nxiPU
Geometrie pro 4. ročník,https://www.matyskova-matematika.cz/geometrie-4/video/str-6/,"Geometrie pro 4. ročník, strana 6, cvičení 2",kcJpmja0kr8,https://www.youtube.com/watch?v=kcJpmja0kr8
Geometrie pro 4. ročník,https://www.matyskova-matematika.cz/geometrie-4/video/str-6/,"Geometrie pro 4. ročník, strana 6, cvičení 3",uf_uCMdeQCk,https://www.youtube.com/watch?v=uf_uCMdeQCk
Geometrie pro 4. ročník,https://www.matyskova-matematika.cz/geometrie-4/video/str-7/,"Geometrie pro 4. ročník, strana 7, úvod",TdFFiNMUEPY,https://www.youtube.com/watch?v=TdFFiNMUEPY
Geometrie pro 4. ročník,https://www.matyskova-matematika.cz/geometrie-4/video/str-7/,"Geometrie pro 4. ročník, strana 7, cvičení 1",vgmluF2our0,https://www.youtube.com/watch?v=vgmluF2our0
Geometrie pro 4. ročník,https://www.matyskova-matematika.cz/geometrie-4/video/str-7/,"Geometrie pro 4. ročník, strana 7, cvičení 2",aHBq7uTLMTg,https://www.youtube.com/watch?v=aHBq7uTLMTg
Geometrie pro 4. ročník,https://www.matyskova-matematika.cz/geometrie-4/video/str-7/,"Geometrie pro 4. ročník, strana 7, cvičení 3",YQgSjrZgIMQ,https://www.youtube.com/watch?v=YQgSjrZgIMQ
Geometrie pro 4. ročník,https://www.matyskova-matematika.cz/geometrie-4/video/str-7/,"Geometrie pro 4. ročník, strana 7, cvičení 4",va1LkVwELJc,https://www.youtube.com/watch?v=va1LkVwELJc
Geometrie pro 4. ročník,https://www.matyskova-matematika.cz/geometrie-4/video/str-7/,"Geometrie pro 4. ročník, strana 7, cvičení 5",fKnlsougprE,https://www.youtube.com/watch?v=fKnlsougprE
Geometrie pro 4. ročník,https://www.matyskova-matematika.cz/geometrie-4/video/str-8/,"Geometrie pro 4. ročník, strana 8, cvičení 1",BpmHUULtGTw,https://www.youtube.com/watch?v=BpmHUULtGTw
Geometrie pro 4. ročník,https://www.matyskova-matematika.cz/geometrie-4/video/str-8/,"Geometrie pro 4. ročník, strana 8, cvičení 2",s0X65wmgyVY,https://www.youtube.com/watch?v=s0X65wmgyVY
Geometrie pro 4. ročník,https://www.matyskova-matematika.cz/geometrie-4/video/str-8/,"Geometrie pro 4. ročník, strana 8, cvičení 3",ZziorvniTbg,https://www.youtube.com/watch?v=ZziorvniTbg
Geometrie pro 4. ročník,https://www.matyskova-matematika.cz/geometrie-4/video/str-9/,"Geometrie pro 4. ročník, strana 9, úvod",qst5bL-E2bk,https://www.youtube.com/watch?v=qst5bL-E2bk
Geometrie pro 4. ročník,https://www.matyskova-matematika.cz/geometrie-4/video/str-9/,"Geometrie pro 4. ročník, strana 9, cvičení 1",v2Q2YJefT5o,https://www.youtube.com/watch?v=v2Q2YJefT5o
Geometrie pro 4. ročník,https://www.matyskova-matematika.cz/geometrie-4/video/str-9/,"Geometrie pro 4. ročník, strana 9, cvičení 2",iS2O1v-G98I,https://www.youtube.com/watch?v=iS2O1v-G98I
Geometrie pro 4. ročník,https://www.matyskova-matematika.cz/geometrie-4/video/str-9/,"Geometrie pro 4. ročník, strana 9, cvičení 3a",S47oYcy6lLc,https://www.youtube.com/watch?v=S47oYcy6lLc
Geometrie pro 4. ročník,https://www.matyskova-matematika.cz/geometrie-4/video/str-9/,"Geometrie pro 4. ročník, strana 9, cvičení 3b",8zjI8O0VtIA,https://www.youtube.com/watch?v=8zjI8O0VtIA
Geometrie pro 4. ročník,https://www.matyskova-matematika.cz/geometrie-4/video/str-9/,"Geometrie pro 4. ročník, strana 9, cvičení 3c",NpWSl__Z0sU,https://www.youtube.com/watch?v=NpWSl__Z0sU
Geometrie pro 4. ročník,https://www.matyskova-matematika.cz/geometrie-4/video/str-10/,"Geometrie pro 4. ročník, strana 10, úvod A",lgiUiAfi-ok,https://www.youtube.com/watch?v=lgiUiAfi-ok
Geometrie pro 4. ročník,https://www.matyskova-matematika.cz/geometrie-4/video/str-10/,"Geometrie pro 4. ročník, strana 10, cvičení 1",7dXMaVca6_w,https://www.youtube.com/watch?v=7dXMaVca6_w
Geometrie pro 4. ročník,https://www.matyskova-matematika.cz/geometrie-4/video/str-10/,"Geometrie pro 4. ročník, strana 10, úvod B",rBUNCcSQhIE,https://www.youtube.com/watch?v=rBUNCcSQhIE
Geometrie pro 4. ročník,https://www.matyskova-matematika.cz/geometrie-4/video/str-10/,"Geometrie pro 4. ročník, strana 10, úvod C",Mf0XQevnU2M,https://www.youtube.com/watch?v=Mf0XQevnU2M
Geometrie pro 4. ročník,https://www.matyskova-matematika.cz/geometrie-4/video/str-10/,"Geometrie pro 4. ročník, strana 10, cvičení 2",VXWsm3ONTuY,https://www.youtube.com/watch?v=VXWsm3ONTuY
Geometrie pro 4. ročník,https://www.matyskova-matematika.cz/geometrie-4/video/str-11/,"Geometrie pro 4. ročník, strana 11, úvod A",XIgGaMRfi0U,https://www.youtube.com/watch?v=XIgGaMRfi0U
Geometrie pro 4. ročník,https://www.matyskova-matematika.cz/geometrie-4/video/str-11/,"Geometrie pro 4. ročník, strana 11, úvod B",o6EfscctoMI,https://www.youtube.com/watch?v=o6EfscctoMI
Geometrie pro 4. ročník,https://www.matyskova-matematika.cz/geometrie-4/video/str-11/,"Geometrie pro 4. ročník, strana 11, cvičení 1",g8uI8xoFpds,https://www.youtube.com/watch?v=g8uI8xoFpds
Geometrie pro 4. ročník,https://www.matyskova-matematika.cz/geometrie-4/video/str-11/,"Geometrie pro 4. ročník, strana 11, cvičení 2",qKKfO6FMA8w,https://www.youtube.com/watch?v=qKKfO6FMA8w
Geometrie pro 4. ročník,https://www.matyskova-matematika.cz/geometrie-4/video/str-11/,"Geometrie pro 4. ročník, strana 11, cvičení 3",zG6I4dpDkmI,https://www.youtube.com/watch?v=zG6I4dpDkmI
Geometrie pro 4. ročník,https://www.matyskova-matematika.cz/geometrie-4/video/str-12/,"Geometrie pro 4. ročník, strana 12, úvod A",opnDuKfSPgQ,https://www.youtube.com/watch?v=opnDuKfSPgQ
Geometrie pro 4. ročník,https://www.matyskova-matematika.cz/geometrie-4/video/str-12/,"Geometrie pro 4. ročník, strana 12, cvičení 1",FATaPDrKsBM,https://www.youtube.com/watch?v=FATaPDrKsBM
Geometrie pro 4. ročník,https://www.matyskova-matematika.cz/geometrie-4/video/str-12/,"Geometrie pro 4. ročník, strana 12, cvičení 2a",7bhpujrieh0,https://www.youtube.com/watch?v=7bhpujrieh0
Geometrie pro 4. ročník,https://www.matyskova-matematika.cz/geometrie-4/video/str-12/,"Geometrie pro 4. ročník, strana 12, cvičení 2b",7IovmIvaRIE,https://www.youtube.com/watch?v=7IovmIvaRIE
Geometrie pro 4. ročník,https://www.matyskova-matematika.cz/geometrie-4/video/str-12/,"Geometrie pro 4. ročník, strana 12, cvičení 2c",iQ7hrLXRM1w,https://www.youtube.com/watch?v=iQ7hrLXRM1w
Geometrie pro 4. ročník,https://www.matyskova-matematika.cz/geometrie-4/video/str-12/,"Geometrie pro 4. ročník, strana 12, cvičení 2d",m95yzpOv_Rg,https://www.youtube.com/watch?v=m95yzpOv_Rg
Geometrie pro 4. ročník,https://www.matyskova-matematika.cz/geometrie-4/video/str-13/,"Geometrie pro 4. ročník, strana 13, úvod A",FD2iRByTfOI,https://www.youtube.com/watch?v=FD2iRByTfOI
Geometrie pro 4. ročník,https://www.matyskova-matematika.cz/geometrie-4/video/str-13/,"Geometrie pro 4. ročník, strana 13, úvod B",M6TKQh9Z4iA,https://www.youtube.com/watch?v=M6TKQh9Z4iA
Geometrie pro 4. ročník,https://www.matyskova-matematika.cz/geometrie-4/video/str-13/,"Geometrie pro 4. ročník, strana 13, cvičení 1",dQuJRInAPwU,https://www.youtube.com/watch?v=dQuJRInAPwU
Geometrie pro 4. ročník,https://www.matyskova-matematika.cz/geometrie-4/video/str-14/,"Geometrie pro 4. ročník, strana 14, úvod A",kT2gHzmzmBY,https://www.youtube.com/watch?v=kT2gHzmzmBY
Geometrie pro 4. ročník,https://www.matyskova-matematika.cz/geometrie-4/video/str-14/,"Geometrie pro 4. ročník, strana 14, cvičení 1",MNUFYmrrITs,https://www.youtube.com/watch?v=MNUFYmrrITs
Geometrie pro 4. ročník,https://www.matyskova-matematika.cz/geometrie-4/video/str-14/,"Geometrie pro 4. ročník, strana 14, cvičení 2",GDpSDjqZvcs,https://www.youtube.com/watch?v=GDpSDjqZvcs
Geometrie pro 4. ročník,https://www.matyskova-matematika.cz/geometrie-4/video/str-15/,"Geometrie pro 4. ročník, strana 15, cvičení 1",LyvmEGF28a0,https://www.youtube.com/watch?v=LyvmEGF28a0
Geometrie pro 4. ročník,https://www.matyskova-matematika.cz/geometrie-4/video/str-15/,"Geometrie pro 4. ročník, strana 15, cvičení 2",7l16epYEsDo,https://www.youtube.com/watch?v=7l16epYEsDo
Geometrie pro 4. ročník,https://www.matyskova-matematika.cz/geometrie-4/video/str-15/,"Geometrie pro 4. ročník, strana 15, cvičení 3",_STPZ-YnS5Q,https://www.youtube.com/watch?v=_STPZ-YnS5Q
Geometrie pro 4. ročník,https://www.matyskova-matematika.cz/geometrie-4/video/str-15/,"Geometrie pro 4. ročník, strana 15, cvičení 4",uPVo_aIFNP0,https://www.youtube.com/watch?v=uPVo_aIFNP0
Geometrie pro 4. ročník,https://www.matyskova-matematika.cz/geometrie-4/video/str-15/,"Geometrie pro 4. ročník, strana 15, cvičení 5a",T2CrlG4jWks,https://www.youtube.com/watch?v=T2CrlG4jWks
Geometrie pro 4. ročník,https://www.matyskova-matematika.cz/geometrie-4/video/str-15/,"Geometrie pro 4. ročník, strana 15, cvičení 5b",KAI_WZaLAiw,https://www.youtube.com/watch?v=KAI_WZaLAiw
Geometrie pro 4. ročník,https://www.matyskova-matematika.cz/geometrie-4/video/str-15/,"Geometrie pro 4. ročník, strana 15, cvičení 5c",vLldGJ5T_fY,https://www.youtube.com/watch?v=vLldGJ5T_fY
Geometrie pro 4. ročník,https://www.matyskova-matematika.cz/geometrie-4/video/str-16/,"Geometrie pro 4. ročník, strana 16, úvod A",yHYvDGVUN7w,https://www.youtube.com/watch?v=yHYvDGVUN7w
Geometrie pro 4. ročník,https://www.matyskova-matematika.cz/geometrie-4/video/str-16/,"Geometrie pro 4. ročník, strana 16, cvičení 1a",9mjM3lCNfqo,https://www.youtube.com/watch?v=9mjM3lCNfqo
Geometrie pro 4. ročník,https://www.matyskova-matematika.cz/geometrie-4/video/str-16/,"Geometrie pro 4. ročník, strana 16, cvičení 1b",UMBRrfx1jXs,https://www.youtube.com/watch?v=UMBRrfx1jXs
Geometrie pro 4. ročník,https://www.matyskova-matematika.cz/geometrie-4/video/str-16/,"Geometrie pro 4. ročník, strana 16, cvičení 1c",wcWQbE3u1ow,https://www.youtube.com/watch?v=wcWQbE3u1ow
Geometrie pro 4. ročník,https://www.matyskova-matematika.cz/geometrie-4/video/str-16/,"Geometrie pro 4. ročník, strana 16, úvod B",mSEdlQp9WW0,https://www.youtube.com/watch?v=mSEdlQp9WW0
Geometrie pro 4. ročník,https://www.matyskova-matematika.cz/geometrie-4/video/str-16/,"Geometrie pro 4. ročník, strana 16, cvičení 2a",r479iu9r5ng,https://www.youtube.com/watch?v=r479iu9r5ng
Geometrie pro 4. ročník,https://www.matyskova-matematika.cz/geometrie-4/video/str-16/,"Geometrie pro 4. ročník, strana 16, cvičení 2b",rpyei2cJZVM,https://www.youtube.com/watch?v=rpyei2cJZVM
Geometrie pro 4. ročník,https://www.matyskova-matematika.cz/geometrie-4/video/str-16/,"Geometrie pro 4. ročník, strana 16, cvičení 2c",wCWpm9u2HqE,https://www.youtube.com/watch?v=wCWpm9u2HqE
Geometrie pro 4. ročník,https://www.matyskova-matematika.cz/geometrie-4/video/str-17/,"Geometrie pro 4. ročník, strana 17, cvičení 1",sbgP8JKP8TU,https://www.youtube.com/watch?v=sbgP8JKP8TU
Geometrie pro 4. ročník,https://www.matyskova-matematika.cz/geometrie-4/video/str-17/,"Geometrie pro 4. ročník, strana 17, cvičení 2",QDZcNBNIs5s,https://www.youtube.com/watch?v=QDZcNBNIs5s
Geometrie pro 4. ročník,https://www.matyskova-matematika.cz/geometrie-4/video/str-17/,"Geometrie pro 4. ročník, strana 17, cvičení 3",Nk4NfGUjZVg,https://www.youtube.com/watch?v=Nk4NfGUjZVg
Geometrie pro 4. ročník,https://www.matyskova-matematika.cz/geometrie-4/video/str-17/,"Geometrie pro 4. ročník, strana 17, cvičení 4a",1xFMRl-iUk4,https://www.youtube.com/watch?v=1xFMRl-iUk4
Geometrie pro 4. ročník,https://www.matyskova-matematika.cz/geometrie-4/video/str-17/,"Geometrie pro 4. ročník, strana 17, cvičení 4b",G0xm3cre0uw,https://www.youtube.com/watch?v=G0xm3cre0uw
Geometrie pro 4. ročník,https://www.matyskova-matematika.cz/geometrie-4/video/str-17/,"Geometrie pro 4. ročník, strana 17, cvičení 4c",U4XBameEztE,https://www.youtube.com/watch?v=U4XBameEztE
Geometrie pro 4. ročník,https://www.matyskova-matematika.cz/geometrie-4/video/str-18/,"Geometrie pro 4. ročník, strana 18, cvičení 1",BLJ7azwU48o,https://www.youtube.com/watch?v=BLJ7azwU48o
Geometrie pro 4. ročník,https://www.matyskova-matematika.cz/geometrie-4/video/str-18/,"Geometrie pro 4. ročník, strana 18, cvičení 2",_TYWtQhS6as,https://www.youtube.com/watch?v=_TYWtQhS6as
Geometrie pro 4. ročník,https://www.matyskova-matematika.cz/geometrie-4/video/str-18/,"Geometrie pro 4. ročník, strana 18, cvičení 3",MRSYvDjImO4,https://www.youtube.com/watch?v=MRSYvDjImO4
Geometrie pro 4. ročník,https://www.matyskova-matematika.cz/geometrie-4/video/str-18/,"Geometrie pro 4. ročník, strana 18, cvičení 4",7L-fsGTEOmc,https://www.youtube.com/watch?v=7L-fsGTEOmc
Geometrie pro 4. ročník,https://www.matyskova-matematika.cz/geometrie-4/video/str-18/,"Geometrie pro 4. ročník, strana 18, cvičení 5",MiAj9zqmWa4,https://www.youtube.com/watch?v=MiAj9zqmWa4
Geometrie pro 4. ročník,https://www.matyskova-matematika.cz/geometrie-4/video/str-19/,"Geometrie pro 4. ročník, strana 19, cvičení 1",ODQANn2pSDo,https://www.youtube.com/watch?v=ODQANn2pSDo
Geometrie pro 4. ročník,https://www.matyskova-matematika.cz/geometrie-4/video/str-19/,"Geometrie pro 4. ročník, strana 19, cvičení 2",X7M9_spEZuU,https://www.youtube.com/watch?v=X7M9_spEZuU
Geometrie pro 4. ročník,https://www.matyskova-matematika.cz/geometrie-4/video/str-19/,"Geometrie pro 4. ročník, strana 19, cvičení 3",591f3yk6bOo,https://www.youtube.com/watch?v=591f3yk6bOo
Geometrie pro 4. ročník,https://www.matyskova-matematika.cz/geometrie-4/video/str-20/,"Geometrie pro 4. ročník, strana 20, cvičení 1",7gg1yooLV3o,https://www.youtube.com/watch?v=7gg1yooLV3o
Geometrie pro 4. ročník,https://www.matyskova-matematika.cz/geometrie-4/video/str-20/,"Geometrie pro 4. ročník, strana 20, cvičení 2",4qbrZor3crk,https://www.youtube.com/watch?v=4qbrZor3crk
Geometrie pro 4. ročník,https://www.matyskova-matematika.cz/geometrie-4/video/str-20/,"Geometrie pro 4. ročník, strana 20, cvičení 3",8md7lbWA5b0,https://www.youtube.com/watch?v=8md7lbWA5b0
Geometrie pro 4. ročník,https://www.matyskova-matematika.cz/geometrie-4/video/str-20/,"Geometrie pro 4. ročník, strana 20, cvičení 4",y3X6XE30kOQ,https://www.youtube.com/watch?v=y3X6XE30kOQ
Geometrie pro 4. ročník,https://www.matyskova-matematika.cz/geometrie-4/video/str-21/,"Geometrie pro 4. ročník, strana 21, úvod A",DSO8ZeYlnAE,https://www.youtube.com/watch?v=DSO8ZeYlnAE
Geometrie pro 4. ročník,https://www.matyskova-matematika.cz/geometrie-4/video/str-21/,"Geometrie pro 4. ročník, strana 21, cvičení 1",5WGFSHY3f6M,https://www.youtube.com/watch?v=5WGFSHY3f6M
Geometrie pro 4. ročník,https://www.matyskova-matematika.cz/geometrie-4/video/str-21/,"Geometrie pro 4. ročník, strana 21, úvod B",XhMGjDckBUk,https://www.youtube.com/watch?v=XhMGjDckBUk
Geometrie pro 4. ročník,https://www.matyskova-matematika.cz/geometrie-4/video/str-21/,"Geometrie pro 4. ročník, strana 21, cvičení 2",ujZvaCswwNs,https://www.youtube.com/watch?v=ujZvaCswwNs
Geometrie pro 4. ročník,https://www.matyskova-matematika.cz/geometrie-4/video/str-22/,"Geometrie pro 4. ročník, strana 22, úvod A",3xxPqG-IFfE,https://www.youtube.com/watch?v=3xxPqG-IFfE
Geometrie pro 4. ročník,https://www.matyskova-matematika.cz/geometrie-4/video/str-22/,"Geometrie pro 4. ročník, strana 22, úvod B",XOABP9Kqd2U,https://www.youtube.com/watch?v=XOABP9Kqd2U
Geometrie pro 4. ročník,https://www.matyskova-matematika.cz/geometrie-4/video/str-23/,"Geometrie pro 4. ročník, strana 23, cvičení 1",of2oiG4FUd8,https://www.youtube.com/watch?v=of2oiG4FUd8
Geometrie pro 4. ročník,https://www.matyskova-matematika.cz/geometrie-4/video/str-23/,"Geometrie pro 4. ročník, strana 23, cvičení 2",ZDvodIRadjQ,https://www.youtube.com/watch?v=ZDvodIRadjQ
Geometrie pro 4. ročník,https://www.matyskova-matematika.cz/geometrie-4/video/str-23/,"Geometrie pro 4. ročník, strana 23, cvičení 3",e7Cf8IffeRU,https://www.youtube.com/watch?v=e7Cf8IffeRU
Geometrie pro 4. ročník,https://www.matyskova-matematika.cz/geometrie-4/video/str-24/,"Geometrie pro 4. ročník, strana 24, úvod A",0BGkAt278nE,https://www.youtube.com/watch?v=0BGkAt278nE
Geometrie pro 4. ročník,https://www.matyskova-matematika.cz/geometrie-4/video/str-24/,"Geometrie pro 4. ročník, strana 24, cvičení 1",2AwI416LxSU,https://www.youtube.com/watch?v=2AwI416LxSU
Geometrie pro 4. ročník,https://www.matyskova-matematika.cz/geometrie-4/video/str-24/,"Geometrie pro 4. ročník, strana 24, úvod B",aH1N6htSEFc,https://www.youtube.com/watch?v=aH1N6htSEFc
Geometrie pro 4. ročník,https://www.matyskova-matematika.cz/geometrie-4/video/str-24/,"Geometrie pro 4. ročník, strana 24, cvičení 2",06JnxZDZf0Y,https://www.youtube.com/watch?v=06JnxZDZf0Y
Geometrie pro 4. ročník,https://www.matyskova-matematika.cz/geometrie-4/video/str-25/,"Geometrie pro 4. ročník, strana 25, úvod A",FYZjUHWTL5Q,https://www.youtube.com/watch?v=FYZjUHWTL5Q
Geometrie pro 4. ročník,https://www.matyskova-matematika.cz/geometrie-4/video/str-25/,"Geometrie pro 4. ročník, strana 25, cvičení 1",-eL85irPTSA,https://www.youtube.com/watch?v=-eL85irPTSA
Geometrie pro 4. ročník,https://www.matyskova-matematika.cz/geometrie-4/video/str-26/,"Geometrie pro 4. ročník, strana 26, úvod A",6q1WAiC75KY,https://www.youtube.com/watch?v=6q1WAiC75KY
Geometrie pro 4. ročník,https://www.matyskova-matematika.cz/geometrie-4/video/str-26/,"Geometrie pro 4. ročník, strana 26, cvičení 1",R2rEvDBglVw,https://www.youtube.com/watch?v=R2rEvDBglVw
Geometrie pro 4. ročník,https://www.matyskova-matematika.cz/geometrie-4/video/str-26/,"Geometrie pro 4. ročník, strana 26, úvod B",CKXoU7Urbr0,https://www.youtube.com/watch?v=CKXoU7Urbr0
Geometrie pro 4. ročník,https://www.matyskova-matematika.cz/geometrie-4/video/str-26/,"Geometrie pro 4. ročník, strana 26, úvod C",boSfy9uizWM,https://www.youtube.com/watch?v=boSfy9uizWM
Geometrie pro 4. ročník,https://www.matyskova-matematika.cz/geometrie-4/video/str-26/,"Geometrie pro 4. ročník, strana 26, cvičení 2",trNuDqzNktg,https://www.youtube.com/watch?v=trNuDqzNktg
Geometrie pro 4. ročník,https://www.matyskova-matematika.cz/geometrie-4/video/str-27/,"Geometrie pro 4. ročník, strana 27, úvod A",fGRtzm9fSp0,https://www.youtube.com/watch?v=fGRtzm9fSp0
Geometrie pro 4. ročník,https://www.matyskova-matematika.cz/geometrie-4/video/str-27/,"Geometrie pro 4. ročník, strana 27, cvičení 1",C-3_aoOIBks,https://www.youtube.com/watch?v=C-3_aoOIBks
Geometrie pro 4. ročník,https://www.matyskova-matematika.cz/geometrie-4/video/str-27/,"Geometrie pro 4. ročník, strana 27, cvičení 2",nBm8pONUCGM,https://www.youtube.com/watch?v=nBm8pONUCGM
Geometrie pro 4. ročník,https://www.matyskova-matematika.cz/geometrie-4/video/str-27/,"Geometrie pro 4. ročník, strana 27, cvičení 3",npxmJgI4Nno,https://www.youtube.com/watch?v=npxmJgI4Nno
Geometrie pro 4. ročník,https://www.matyskova-matematika.cz/geometrie-4/video/str-28/,"Geometrie pro 4. ročník, strana 28, úvod A",eZ47DJLrf7Y,https://www.youtube.com/watch?v=eZ47DJLrf7Y
Geometrie pro 4. ročník,https://www.matyskova-matematika.cz/geometrie-4/video/str-28/,"Geometrie pro 4. ročník, strana 28, cvičení 1",xPsl1XVmXw4,https://www.youtube.com/watch?v=xPsl1XVmXw4
Geometrie pro 4. ročník,https://www.matyskova-matematika.cz/geometrie-4/video/str-28/,"Geometrie pro 4. ročník, strana 28, cvičení 2",6_rrt5_VfpU,https://www.youtube.com/watch?v=6_rrt5_VfpU
Geometrie pro 4. ročník,https://www.matyskova-matematika.cz/geometrie-4/video/str-28/,"Geometrie pro 4. ročník, strana 28, cvičení 3a",s6wbdJ75Gkg,https://www.youtube.com/watch?v=s6wbdJ75Gkg
Geometrie pro 4. ročník,https://www.matyskova-matematika.cz/geometrie-4/video/str-28/,"Geometrie pro 4. ročník, strana 28, cvičení 3b",Biymn5y_4FI,https://www.youtube.com/watch?v=Biymn5y_4FI
Geometrie pro 4. ročník,https://www.matyskova-matematika.cz/geometrie-4/video/str-28/,"Geometrie pro 4. ročník, strana 28, cvičení 3c",30gO22jlEw8,https://www.youtube.com/watch?v=30gO22jlEw8
Geometrie pro 4. ročník,https://www.matyskova-matematika.cz/geometrie-4/video/str-28/,"Geometrie pro 4. ročník, strana 28, cvičení 3d",_BsreRfkGzQ,https://www.youtube.com/watch?v=_BsreRfkGzQ
Geometrie pro 4. ročník,https://www.matyskova-matematika.cz/geometrie-4/video/str-29/,"Geometrie pro 4. ročník, strana 29, úvod A",RMTEOCd99rA,https://www.youtube.com/watch?v=RMTEOCd99rA
Geometrie pro 4. ročník,https://www.matyskova-matematika.cz/geometrie-4/video/str-29/,"Geometrie pro 4. ročník, strana 29, cvičení 1",J-lhghb0jGc,https://www.youtube.com/watch?v=J-lhghb0jGc
Geometrie pro 4. ročník,https://www.matyskova-matematika.cz/geometrie-4/video/str-29/,"Geometrie pro 4. ročník, strana 29, cvičení 2",UfUka2lBifc,https://www.youtube.com/watch?v=UfUka2lBifc
Geometrie pro 4. ročník,https://www.matyskova-matematika.cz/geometrie-4/video/str-29/,"Geometrie pro 4. ročník, strana 29, cvičení 3a",0AKmcXG5EC4,https://www.youtube.com/watch?v=0AKmcXG5EC4
Geometrie pro 4. ročník,https://www.matyskova-matematika.cz/geometrie-4/video/str-29/,"Geometrie pro 4. ročník, strana 29, cvičení 3b",uOm7P_ST_P4,https://www.youtube.com/watch?v=uOm7P_ST_P4
Geometrie pro 4. ročník,https://www.matyskova-matematika.cz/geometrie-4/video/str-29/,"Geometrie pro 4. ročník, strana 29, cvičení 3c",E4uk6Y6hGUo,https://www.youtube.com/watch?v=E4uk6Y6hGUo
Geometrie pro 4. ročník,https://www.matyskova-matematika.cz/geometrie-4/video/str-29/,"Geometrie pro 4. ročník, strana 29, cvičení 3d",MHzz_zPbGYo,https://www.youtube.com/watch?v=MHzz_zPbGYo
Geometrie pro 4. ročník,https://www.matyskova-matematika.cz/geometrie-4/video/str-30/,"Geometrie pro 4. ročník, strana 30, úvod A",Rf57hSPekUQ,https://www.youtube.com/watch?v=Rf57hSPekUQ
Geometrie pro 4. ročník,https://www.matyskova-matematika.cz/geometrie-4/video/str-30/,"Geometrie pro 4. ročník, strana 30, cvičení 1",TV_e6-rlFbk,https://www.youtube.com/watch?v=TV_e6-rlFbk
Geometrie pro 4. ročník,https://www.matyskova-matematika.cz/geometrie-4/video/str-30/,"Geometrie pro 4. ročník, strana 30, cvičení 2",r-tjAEmeRKk,https://www.youtube.com/watch?v=r-tjAEmeRKk
Geometrie pro 4. ročník,https://www.matyskova-matematika.cz/geometrie-4/video/str-30/,"Geometrie pro 4. ročník, strana 30, cvičení 3",NkWXrlXuGD4,https://www.youtube.com/watch?v=NkWXrlXuGD4
Geometrie pro 4. ročník,https://www.matyskova-matematika.cz/geometrie-4/video/str-30/,"Geometrie pro 4. ročník, strana 30, cvičení 4",q-zXvS5jiUM,https://www.youtube.com/watch?v=q-zXvS5jiUM
Geometrie pro 4. ročník,https://www.matyskova-matematika.cz/geometrie-4/video/str-31/,"Geometrie pro 4. ročník, strana 31, úvod A",g3gezlrgIiw,https://www.youtube.com/watch?v=g3gezlrgIiw
Geometrie pro 4. ročník,https://www.matyskova-matematika.cz/geometrie-4/video/str-31/,"Geometrie pro 4. ročník, strana 31, cvičení 1",wZtWuGyOA-M,https://www.youtube.com/watch?v=wZtWuGyOA-M
Geometrie pro 4. ročník,https://www.matyskova-matematika.cz/geometrie-4/video/str-31/,"Geometrie pro 4. ročník, strana 31, cvičení 2",51TlYV9lRq8,https://www.youtube.com/watch?v=51TlYV9lRq8
Geometrie pro 4. ročník,https://www.matyskova-matematika.cz/geometrie-4/video/str-31/,"Geometrie pro 4. ročník, strana 31, cvičení 3",XCwX64sglIk,https://www.youtube.com/watch?v=XCwX64sglIk
Geometrie pro 4. ročník,https://www.matyskova-matematika.cz/geometrie-4/video/str-31/,"Geometrie pro 4. ročník, strana 31, cvičení 4",G3B1s0erU58,https://www.youtube.com/watch?v=G3B1s0erU58
Geometrie pro 4. ročník,https://www.matyskova-matematika.cz/geometrie-4/video/str-32/,"Geometrie pro 4. ročník, strana 32, cvičení 1",AFU6_3Vulus,https://www.youtube.com/watch?v=AFU6_3Vulus
Geometrie pro 4. ročník,https://www.matyskova-matematika.cz/geometrie-4/video/str-32/,"Geometrie pro 4. ročník, strana 32, cvičení 2a",rysS3uW8ZTk,https://www.youtube.com/watch?v=rysS3uW8ZTk
Geometrie pro 4. ročník,https://www.matyskova-matematika.cz/geometrie-4/video/str-32/,"Geometrie pro 4. ročník, strana 32, cvičení 2b",eOHC3rV-rSw,https://www.youtube.com/watch?v=eOHC3rV-rSw
Geometrie pro 4. ročník,https://www.matyskova-matematika.cz/geometrie-4/video/str-32/,"Geometrie pro 4. ročník, strana 32, cvičení 2c",dAHzlFyvGA0,https://www.youtube.com/watch?v=dAHzlFyvGA0
Geometrie pro 4. ročník,https://www.matyskova-matematika.cz/geometrie-4/video/str-32/,"Geometrie pro 4. ročník, strana 32, cvičení 3",0WKOZRWKbfU,https://www.youtube.com/watch?v=0WKOZRWKbfU
Geometrie pro 4. ročník,https://www.matyskova-matematika.cz/geometrie-4/video/str-32/,"Geometrie pro 4. ročník, strana 32, cvičení 4a",JFSGfyRC-Co,https://www.youtube.com/watch?v=JFSGfyRC-Co
Geometrie pro 4. ročník,https://www.matyskova-matematika.cz/geometrie-4/video/str-32/,"Geometrie pro 4. ročník, strana 32, cvičení 4b",U9lLvt_sEDw,https://www.youtube.com/watch?v=U9lLvt_sEDw
Geometrie pro 4. ročník,https://www.matyskova-matematika.cz/geometrie-4/video/str-32/,"Geometrie pro 4. ročník, strana 32, cvičení 4c",C5ghlGYCp5o,https://www.youtube.com/watch?v=C5ghlGYCp5o
Geometrie pro 4. ročník,https://www.matyskova-matematika.cz/geometrie-4/video/str-32/,"Geometrie pro 4. ročník, strana 32, cvičení 4d",Pt3jvX2s4e8,https://www.youtube.com/watch?v=Pt3jvX2s4e8
Geometrie pro 4. ročník,https://www.matyskova-matematika.cz/geometrie-4/video/str-32/,"Geometrie pro 4. ročník, strana 32, cvičení 5",IQvHyDecqOo,https://www.youtube.com/watch?v=IQvHyDecqOo
Geometrie pro 4. ročník,https://www.matyskova-matematika.cz/geometrie-4/video/str-33/,"Geometrie pro 4. ročník, strana 33, cvičení 1",qtTEhElSr_Q,https://www.youtube.com/watch?v=qtTEhElSr_Q
Geometrie pro 4. ročník,https://www.matyskova-matematika.cz/geometrie-4/video/str-33/,"Geometrie pro 4. ročník, strana 33, cvičení 2",9sdCc0wM7Lg,https://www.youtube.com/watch?v=9sdCc0wM7Lg
Geometrie pro 4. ročník,https://www.matyskova-matematika.cz/geometrie-4/video/str-33/,"Geometrie pro 4. ročník, strana 33, cvičení 3",Y_AYxkVWzZ0,https://www.youtube.com/watch?v=Y_AYxkVWzZ0
Geometrie pro 4. ročník,https://www.matyskova-matematika.cz/geometrie-4/video/str-33/,"Geometrie pro 4. ročník, strana 33, cvičení 4",ZjdWfkLB2aA,https://www.youtube.com/watch?v=ZjdWfkLB2aA
Geometrie pro 4. ročník,https://www.matyskova-matematika.cz/geometrie-4/video/str-33/,"Geometrie pro 4. ročník, strana 33, cvičení 5",oOPZYepA_KM,https://www.youtube.com/watch?v=oOPZYepA_KM
Geometrie pro 4. ročník,https://www.matyskova-matematika.cz/geometrie-4/video/str-34/,"Geometrie pro 4. ročník, strana 34, cvičení 1",9hnmxJwCoO0,https://www.youtube.com/watch?v=9hnmxJwCoO0
Geometrie pro 4. ročník,https://www.matyskova-matematika.cz/geometrie-4/video/str-34/,"Geometrie pro 4. ročník, strana 34, cvičení 2",B3L_O3th3ao,https://www.youtube.com/watch?v=B3L_O3th3ao
Geometrie pro 4. ročník,https://www.matyskova-matematika.cz/geometrie-4/video/str-34/,"Geometrie pro 4. ročník, strana 34, cvičení 3",iDsrxk2V8ro,https://www.youtube.com/watch?v=iDsrxk2V8ro
Geometrie pro 4. ročník,https://www.matyskova-matematika.cz/geometrie-4/video/str-34/,"Geometrie pro 4. ročník, strana 34, cvičení 4",ISGpbR0cUaE,https://www.youtube.com/watch?v=ISGpbR0cUaE
Geometrie pro 4. ročník,https://www.matyskova-matematika.cz/geometrie-4/video/str-35/,"Geometrie pro 4. ročník, strana 35, cvičení 1",FCy7FXtsNRw,https://www.youtube.com/watch?v=FCy7FXtsNRw
Geometrie pro 4. ročník,https://www.matyskova-matematika.cz/geometrie-4/video/str-35/,"Geometrie pro 4. ročník, strana 35, cvičení 2",_ri6S8mYd_w,https://www.youtube.com/watch?v=_ri6S8mYd_w
Geometrie pro 4. ročník,https://www.matyskova-matematika.cz/geometrie-4/video/str-35/,"Geometrie pro 4. ročník, strana 35, cvičení 3",RHiGVwJox3A,https://www.youtube.com/watch?v=RHiGVwJox3A
Geometrie pro 4. ročník,https://www.matyskova-matematika.cz/geometrie-4/video/str-35/,"Geometrie pro 4. ročník, strana 35, cvičení 4",uGNpXcgse10,https://www.youtube.com/watch?v=uGNpXcgse10
Geometrie pro 4. ročník,https://www.matyskova-matematika.cz/geometrie-4/video/str-36/,"Geometrie pro 4. ročník, strana 36, úvod A",lujil94oPq8,https://www.youtube.com/watch?v=lujil94oPq8
Geometrie pro 4. ročník,https://www.matyskova-matematika.cz/geometrie-4/video/str-36/,"Geometrie pro 4. ročník, strana 36, cvičení 1",v1R-bStYRsc,https://www.youtube.com/watch?v=v1R-bStYRsc
Geometrie pro 4. ročník,https://www.matyskova-matematika.cz/geometrie-4/video/str-36/,"Geometrie pro 4. ročník, strana 36, cvičení 2a",5iJ8kpzp5mk,https://www.youtube.com/watch?v=5iJ8kpzp5mk
Geometrie pro 4. ročník,https://www.matyskova-matematika.cz/geometrie-4/video/str-36/,"Geometrie pro 4. ročník, strana 36, cvičení 2b",ZHELgIHpSBk,https://www.youtube.com/watch?v=ZHELgIHpSBk
Geometrie pro 4. ročník,https://www.matyskova-matematika.cz/geometrie-4/video/str-36/,"Geometrie pro 4. ročník, strana 36, cvičení 2c",T439tRi32iQ,https://www.youtube.com/watch?v=T439tRi32iQ
Geometrie pro 4. ročník,https://www.matyskova-matematika.cz/geometrie-4/video/str-37/,"Geometrie pro 4. ročník, strana 37, úvod A",6UFmtn5RSxE,https://www.youtube.com/watch?v=6UFmtn5RSxE
Geometrie pro 4. ročník,https://www.matyskova-matematika.cz/geometrie-4/video/str-37/,"Geometrie pro 4. ročník, strana 37, cvičení 1",jlcAk2tTi-0,https://www.youtube.com/watch?v=jlcAk2tTi-0
Geometrie pro 4. ročník,https://www.matyskova-matematika.cz/geometrie-4/video/str-37/,"Geometrie pro 4. ročník, strana 37, cvičení 2a",RCa0PuSotXM,https://www.youtube.com/watch?v=RCa0PuSotXM
Geometrie pro 4. ročník,https://www.matyskova-matematika.cz/geometrie-4/video/str-37/,"Geometrie pro 4. ročník, strana 37, cvičení 2b",lvdmR1UXMrs,https://www.youtube.com/watch?v=lvdmR1UXMrs
Geometrie pro 4. ročník,https://www.matyskova-matematika.cz/geometrie-4/video/str-37/,"Geometrie pro 4. ročník, strana 37, cvičení 2c",Dc2Df0W4tkQ,https://www.youtube.com/watch?v=Dc2Df0W4tkQ
Geometrie pro 4. ročník,https://www.matyskova-matematika.cz/geometrie-4/video/str-38/,"Geometrie pro 4. ročník, strana 38, úvod A",ihToFYBjYFQ,https://www.youtube.com/watch?v=ihToFYBjYFQ
Geometrie pro 4. ročník,https://www.matyskova-matematika.cz/geometrie-4/video/str-38/,"Geometrie pro 4. ročník, strana 38, cvičení 1",0f_2DpRQPxo,https://www.youtube.com/watch?v=0f_2DpRQPxo
Geometrie pro 4. ročník,https://www.matyskova-matematika.cz/geometrie-4/video/str-38/,"Geometrie pro 4. ročník, strana 38, cvičení 2a",TF97hoNIDNA,https://www.youtube.com/watch?v=TF97hoNIDNA
Geometrie pro 4. ročník,https://www.matyskova-matematika.cz/geometrie-4/video/str-38/,"Geometrie pro 4. ročník, strana 38, cvičení 2b",WHzIyUiEP2k,https://www.youtube.com/watch?v=WHzIyUiEP2k
Geometrie pro 4. ročník,https://www.matyskova-matematika.cz/geometrie-4/video/str-38/,"Geometrie pro 4. ročník, strana 38, cvičení 2c",uKUI_rn00uk,https://www.youtube.com/watch?v=uKUI_rn00uk
Geometrie pro 4. ročník,https://www.matyskova-matematika.cz/geometrie-4/video/str-39/,"Geometrie pro 4. ročník, strana 39, úvod A",bh-ZBu2Ouj8,https://www.youtube.com/watch?v=bh-ZBu2Ouj8
Geometrie pro 4. ročník,https://www.matyskova-matematika.cz/geometrie-4/video/str-39/,"Geometrie pro 4. ročník, strana 39, cvičení 1",CS962_8nfas,https://www.youtube.com/watch?v=CS962_8nfas
Geometrie pro 4. ročník,https://www.matyskova-matematika.cz/geometrie-4/video/str-39/,"Geometrie pro 4. ročník, strana 39, cvičení 2a",HmlCLxXgENc,https://www.youtube.com/watch?v=HmlCLxXgENc
Geometrie pro 4. ročník,https://www.matyskova-matematika.cz/geometrie-4/video/str-39/,"Geometrie pro 4. ročník, strana 39, cvičení 2b",1lkDquKUOW8,https://www.youtube.com/watch?v=1lkDquKUOW8
Geometrie pro 4. ročník,https://www.matyskova-matematika.cz/geometrie-4/video/str-40/,"Geometrie pro 4. ročník, strana 40, úvod A",fRn1mhm1jD0,https://www.youtube.com/watch?v=fRn1mhm1jD0
Geometrie pro 4. ročník,https://www.matyskova-matematika.cz/geometrie-4/video/str-40/,"Geometrie pro 4. ročník, strana 40, cvičení 1",TDQdzNbM3IU,https://www.youtube.com/watch?v=TDQdzNbM3IU
Geometrie pro 4. ročník,https://www.matyskova-matematika.cz/geometrie-4/video/str-40/,"Geometrie pro 4. ročník, strana 40, cvičení 2a",BOxmAzsSLVQ,https://www.youtube.com/watch?v=BOxmAzsSLVQ
Geometrie pro 4. ročník,https://www.matyskova-matematika.cz/geometrie-4/video/str-40/,"Geometrie pro 4. ročník, strana 40, cvičení 2b",-Fu0K_oMXkA,https://www.youtube.com/watch?v=-Fu0K_oMXkA
Geometrie pro 4. ročník,https://www.matyskova-matematika.cz/geometrie-4/video/str-40/,"Geometrie pro 4. ročník, strana 40, cvičení 2c",rhyqIc2KSBk,https://www.youtube.com/watch?v=rhyqIc2KSBk
Geometrie pro 4. ročník,https://www.matyskova-matematika.cz/geometrie-4/video/str-41/,"Geometrie pro 4. ročník, strana 41, cvičení 1",LG1MFnokotU,https://www.youtube.com/watch?v=LG1MFnokotU
Geometrie pro 4. ročník,https://www.matyskova-matematika.cz/geometrie-4/video/str-41/,"Geometrie pro 4. ročník, strana 41, cvičení 2",aaINND-XzFY,https://www.youtube.com/watch?v=aaINND-XzFY
Geometrie pro 4. ročník,https://www.matyskova-matematika.cz/geometrie-4/video/str-41/,"Geometrie pro 4. ročník, strana 41, cvičení 3a",mRzb_g9uJaM,https://www.youtube.com/watch?v=mRzb_g9uJaM
Geometrie pro 4. ročník,https://www.matyskova-matematika.cz/geometrie-4/video/str-41/,"Geometrie pro 4. ročník, strana 41, cvičení 3b",ZfPx1EVTUP8,https://www.youtube.com/watch?v=ZfPx1EVTUP8
Geometrie pro 4. ročník,https://www.matyskova-matematika.cz/geometrie-4/video/str-41/,"Geometrie pro 4. ročník, strana 41, cvičení 3c",Ax7veyoIPZs,https://www.youtube.com/watch?v=Ax7veyoIPZs
Geometrie pro 4. ročník,https://www.matyskova-matematika.cz/geometrie-4/video/str-42/,"Geometrie pro 4. ročník, strana 42, úvod A",ZSrsN2scpUs,https://www.youtube.com/watch?v=ZSrsN2scpUs
Geometrie pro 4. ročník,https://www.matyskova-matematika.cz/geometrie-4/video/str-42/,"Geometrie pro 4. ročník, strana 42, cvičení 1",10ea8WCLmBI,https://www.youtube.com/watch?v=10ea8WCLmBI
Geometrie pro 4. ročník,https://www.matyskova-matematika.cz/geometrie-4/video/str-42/,"Geometrie pro 4. ročník, strana 42, úvod B",v2Zo9Qwm2nc,https://www.youtube.com/watch?v=v2Zo9Qwm2nc
Geometrie pro 4. ročník,https://www.matyskova-matematika.cz/geometrie-4/video/str-42/,"Geometrie pro 4. ročník, strana 42, cvičení 2",SDt1v8XGQUo,https://www.youtube.com/watch?v=SDt1v8XGQUo
Geometrie pro 4. ročník,https://www.matyskova-matematika.cz/geometrie-4/video/str-43/,"Geometrie pro 4. ročník, strana 43, cvičení 1",hBDT-2rUrD8,https://www.youtube.com/watch?v=hBDT-2rUrD8
Geometrie pro 4. ročník,https://www.matyskova-matematika.cz/geometrie-4/video/str-43/,"Geometrie pro 4. ročník, strana 43, cvičení 2",zEsqz1m6wGI,https://www.youtube.com/watch?v=zEsqz1m6wGI
Geometrie pro 4. ročník,https://www.matyskova-matematika.cz/geometrie-4/video/str-43/,"Geometrie pro 4. ročník, strana 43, cvičení 3a",8kX-ap72jPo,https://www.youtube.com/watch?v=8kX-ap72jPo
Geometrie pro 4. ročník,https://www.matyskova-matematika.cz/geometrie-4/video/str-43/,"Geometrie pro 4. ročník, strana 43, cvičení 3b",9IADm3VpW2E,https://www.youtube.com/watch?v=9IADm3VpW2E
Geometrie pro 4. ročník,https://www.matyskova-matematika.cz/geometrie-4/video/str-43/,"Geometrie pro 4. ročník, strana 43, cvičení 4",RhDIpoTONqo,https://www.youtube.com/watch?v=RhDIpoTONqo
Geometrie pro 4. ročník,https://www.matyskova-matematika.cz/geometrie-4/video/str-44/,"Geometrie pro 4. ročník, strana 44, úvod A",YQfHFSITamo,https://www.youtube.com/watch?v=YQfHFSITamo
Geometrie pro 4. ročník,https://www.matyskova-matematika.cz/geometrie-4/video/str-44/,"Geometrie pro 4. ročník, strana 44, cvičení 1",5Tz8Rgx0h14,https://www.youtube.com/watch?v=5Tz8Rgx0h14
Geometrie pro 4. ročník,https://www.matyskova-matematika.cz/geometrie-4/video/str-44/,"Geometrie pro 4. ročník, strana 44, cvičení 2",Klm0rNvBoZo,https://www.youtube.com/watch?v=Klm0rNvBoZo
Geometrie pro 4. ročník,https://www.matyskova-matematika.cz/geometrie-4/video/str-44/,"Geometrie pro 4. ročník, strana 44, cvičení 3a",CLgYunevN3s,https://www.youtube.com/watch?v=CLgYunevN3s
Geometrie pro 4. ročník,https://www.matyskova-matematika.cz/geometrie-4/video/str-44/,"Geometrie pro 4. ročník, strana 44, cvičení 3b",5CXYJ2hFqJs,https://www.youtube.com/watch?v=5CXYJ2hFqJs
Geometrie pro 4. ročník,https://www.matyskova-matematika.cz/geometrie-4/video/str-45/,"Geometrie pro 4. ročník, strana 45, úvod A",OHM6BIMryVQ,https://www.youtube.com/watch?v=OHM6BIMryVQ
Geometrie pro 4. ročník,https://www.matyskova-matematika.cz/geometrie-4/video/str-45/,"Geometrie pro 4. ročník, strana 45, úvod B",apnE5_encMc,https://www.youtube.com/watch?v=apnE5_encMc
Geometrie pro 4. ročník,https://www.matyskova-matematika.cz/geometrie-4/video/str-45/,"Geometrie pro 4. ročník, strana 45, cvičení 1",DOLze2jxkIM,https://www.youtube.com/watch?v=DOLze2jxkIM
Geometrie pro 4. ročník,https://www.matyskova-matematika.cz/geometrie-4/video/str-45/,"Geometrie pro 4. ročník, strana 45, cvičení 2",-ip0xGm9oF8,https://www.youtube.com/watch?v=-ip0xGm9oF8
Geometrie pro 4. ročník,https://www.matyskova-matematika.cz/geometrie-4/video/str-45/,"Geometrie pro 4. ročník, strana 45, cvičení 3",7rDsjjORRtA,https://www.youtube.com/watch?v=7rDsjjORRtA
Geometrie pro 4. ročník,https://www.matyskova-matematika.cz/geometrie-4/video/str-46/,"Geometrie pro 4. ročník, strana 46, úvod A",JAvxjUNdvFk,https://www.youtube.com/watch?v=JAvxjUNdvFk
Geometrie pro 4. ročník,https://www.matyskova-matematika.cz/geometrie-4/video/str-47/,"Geometrie pro 4. ročník, strana 47, cvičení 1",ydi86Atr3ys,https://www.youtube.com/watch?v=ydi86Atr3ys
Geometrie pro 4. ročník,https://www.matyskova-matematika.cz/geometrie-4/video/str-47/,"Geometrie pro 4. ročník, strana 47, cvičení 2",50s9bLCRjlA,https://www.youtube.com/watch?v=50s9bLCRjlA
Geometrie pro 4. ročník,https://www.matyskova-matematika.cz/geometrie-4/video/str-47/,"Geometrie pro 4. ročník, strana 47, cvičení 3a",M2k-bomd7VA,https://www.youtube.com/watch?v=M2k-bomd7VA
Geometrie pro 4. ročník,https://www.matyskova-matematika.cz/geometrie-4/video/str-47/,"Geometrie pro 4. ročník, strana 47, cvičení 3b",sntFdVLolzM,https://www.youtube.com/watch?v=sntFdVLolzM
Geometrie pro 4. ročník,https://www.matyskova-matematika.cz/geometrie-4/video/str-47/,"Geometrie pro 4. ročník, strana 47, cvičení 3c",caExtYxz4rg,https://www.youtube.com/watch?v=caExtYxz4rg
Geometrie pro 4. ročník,https://www.matyskova-matematika.cz/geometrie-4/video/str-47/,"Geometrie pro 4. ročník, strana 47, cvičení 3d",fF0Ti1UZeC4,https://www.youtube.com/watch?v=fF0Ti1UZeC4
Geometrie pro 4. ročník,https://www.matyskova-matematika.cz/geometrie-4/video/str-48/,"Geometrie pro 4. ročník, strana 48, cvičení 1",WgGTa7kGGNg,https://www.youtube.com/watch?v=WgGTa7kGGNg
Geometrie pro 4. ročník,https://www.matyskova-matematika.cz/geometrie-4/video/str-48/,"Geometrie pro 4. ročník, strana 48, cvičení 2",qVrHCX5KQxY,https://www.youtube.com/watch?v=qVrHCX5KQxY
Geometrie pro 4. ročník,https://www.matyskova-matematika.cz/geometrie-4/video/str-48/,"Geometrie pro 4. ročník, strana 48, cvičení 3",jDUmusQFTpE,https://www.youtube.com/watch?v=jDUmusQFTpE
Geometrie pro 4. ročník,https://www.matyskova-matematika.cz/geometrie-4/video/str-48/,"Geometrie pro 4. ročník, strana 48, cvičení 4",uRRt_c8xOmk,https://www.youtube.com/watch?v=uRRt_c8xOmk
Geometrie pro 4. ročník,https://www.matyskova-matematika.cz/geometrie-4/video/str-49/,"Geometrie pro 4. ročník, strana 49, cvičení 1",dM9-FJ_J1iQ,https://www.youtube.com/watch?v=dM9-FJ_J1iQ
Geometrie pro 4. ročník,https://www.matyskova-matematika.cz/geometrie-4/video/str-49/,"Geometrie pro 4. ročník, strana 49, cvičení 2",REagHaGcT5A,https://www.youtube.com/watch?v=REagHaGcT5A
Geometrie pro 4. ročník,https://www.matyskova-matematika.cz/geometrie-4/video/str-50/,"Geometrie pro 4. ročník, strana 50, cvičení 1",rXPth05V9N4,https://www.youtube.com/watch?v=rXPth05V9N4
Geometrie pro 4. ročník,https://www.matyskova-matematika.cz/geometrie-4/video/str-50/,"Geometrie pro 4. ročník, strana 50, cvičení 2",7maEtab-sAE,https://www.youtube.com/watch?v=7maEtab-sAE
Geometrie pro 4. ročník,https://www.matyskova-matematika.cz/geometrie-4/video/str-50/,"Geometrie pro 4. ročník, strana 50, cvičení 3",zi83LSv3HIQ,https://www.youtube.com/watch?v=zi83LSv3HIQ
Geometrie pro 4. ročník,https://www.matyskova-matematika.cz/geometrie-4/video/str-50/,"Geometrie pro 4. ročník, strana 50, cvičení 4",DG_cQ_Ga-LQ,https://www.youtube.com/watch?v=DG_cQ_Ga-LQ
Geometrie pro 4. ročník,https://www.matyskova-matematika.cz/geometrie-4/video/str-51/,"Geometrie pro 4. ročník, strana 51, úvod A",XAs_BDCOQ6A,https://www.youtube.com/watch?v=XAs_BDCOQ6A
Geometrie pro 4. ročník,https://www.matyskova-matematika.cz/geometrie-4/video/str-51/,"Geometrie pro 4. ročník, strana 51, cvičení 1",Q-EmSVAwCvo,https://www.youtube.com/watch?v=Q-EmSVAwCvo
Geometrie pro 4. ročník,https://www.matyskova-matematika.cz/geometrie-4/video/str-51/,"Geometrie pro 4. ročník, strana 51, cvičení 2",S24GuZy-RkU,https://www.youtube.com/watch?v=S24GuZy-RkU
Geometrie pro 4. ročník,https://www.matyskova-matematika.cz/geometrie-4/video/str-51/,"Geometrie pro 4. ročník, strana 51, cvičení 3a",hlnFxBLFqaQ,https://www.youtube.com/watch?v=hlnFxBLFqaQ
Geometrie pro 4. ročník,https://www.matyskova-matematika.cz/geometrie-4/video/str-51/,"Geometrie pro 4. ročník, strana 51, cvičení 3b",UaLF1SSqQYo,https://www.youtube.com/watch?v=UaLF1SSqQYo
Geometrie pro 4. ročník,https://www.matyskova-matematika.cz/geometrie-4/video/str-51/,"Geometrie pro 4. ročník, strana 51, cvičení 3c",RtxRLDLHqEE,https://www.youtube.com/watch?v=RtxRLDLHqEE
Geometrie pro 4. ročník,https://www.matyskova-matematika.cz/geometrie-4/video/str-51/,"Geometrie pro 4. ročník, strana 51, cvičení 3d",wHBoiZv6wIw,https://www.youtube.com/watch?v=wHBoiZv6wIw
Geometrie pro 4. ročník,https://www.matyskova-matematika.cz/geometrie-4/video/str-51/,"Geometrie pro 4. ročník, strana 51, cvičení 3e",LAtaS_Cx9bU,https://www.youtube.com/watch?v=LAtaS_Cx9bU
Geometrie pro 4. ročník,https://www.matyskova-matematika.cz/geometrie-4/video/str-52/,"Geometrie pro 4. ročník, strana 52, cvičení 1",rqAD4ooMMy8,https://www.youtube.com/watch?v=rqAD4ooMMy8
Geometrie pro 4. ročník,https://www.matyskova-matematika.cz/geometrie-4/video/str-52/,"Geometrie pro 4. ročník, strana 52, cvičení 2",Nix7KYC58u4,https://www.youtube.com/watch?v=Nix7KYC58u4
Geometrie pro 4. ročník,https://www.matyskova-matematika.cz/geometrie-4/video/str-52/,"Geometrie pro 4. ročník, strana 52, cvičení 3",4ChFiFDbq1Y,https://www.youtube.com/watch?v=4ChFiFDbq1Y
Geometrie pro 4. ročník,https://www.matyskova-matematika.cz/geometrie-4/video/str-52/,"Geometrie pro 4. ročník, strana 52, cvičení 4",4YHaZbTQD-U,https://www.youtube.com/watch?v=4YHaZbTQD-U
Geometrie pro 4. ročník,https://www.matyskova-matematika.cz/geometrie-4/video/str-52/,"Geometrie pro 4. ročník, strana 52, cvičení 5",zhlk_z81Hpo,https://www.youtube.com/watch?v=zhlk_z81Hpo
Geometrie pro 4. ročník,https://www.matyskova-matematika.cz/geometrie-4/video/str-53/,"Geometrie pro 4. ročník, strana 53, úvod A",hVQSaTHx-0w,https://www.youtube.com/watch?v=hVQSaTHx-0w
Geometrie pro 4. ročník,https://www.matyskova-matematika.cz/geometrie-4/video/str-53/,"Geometrie pro 4. ročník, strana 53, cvičení 1",MZt81vsKulE,https://www.youtube.com/watch?v=MZt81vsKulE
Geometrie pro 4. ročník,https://www.matyskova-matematika.cz/geometrie-4/video/str-53/,"Geometrie pro 4. ročník, strana 53, úvod B",Pe1EHcDt1aY,https://www.youtube.com/watch?v=Pe1EHcDt1aY
Geometrie pro 4. ročník,https://www.matyskova-matematika.cz/geometrie-4/video/str-53/,"Geometrie pro 4. ročník, strana 53, cvičení 2",sh-OFLBVPpw,https://www.youtube.com/watch?v=sh-OFLBVPpw
Geometrie pro 4. ročník,https://www.matyskova-matematika.cz/geometrie-4/video/str-54/,"Geometrie pro 4. ročník, strana 54, cvičení 1",O9iV0s6t9M0,https://www.youtube.com/watch?v=O9iV0s6t9M0
Geometrie pro 4. ročník,https://www.matyskova-matematika.cz/geometrie-4/video/str-54/,"Geometrie pro 4. ročník, strana 54, cvičení 2",JYHQ2q1je30,https://www.youtube.com/watch?v=JYHQ2q1je30
Geometrie pro 4. ročník,https://www.matyskova-matematika.cz/geometrie-4/video/str-54/,"Geometrie pro 4. ročník, strana 54, cvičení 3",vGW5am2RIUM,https://www.youtube.com/watch?v=vGW5am2RIUM
Geometrie pro 4. ročník,https://www.matyskova-matematika.cz/geometrie-4/video/str-54/,"Geometrie pro 4. ročník, strana 54, cvičení 4",nZxfBhqXLI0,https://www.youtube.com/watch?v=nZxfBhqXLI0
Geometrie pro 4. ročník,https://www.matyskova-matematika.cz/geometrie-4/video/str-55/,"Geometrie pro 4. ročník, strana 55, cvičení 1",xncbDZ_PEec,https://www.youtube.com/watch?v=xncbDZ_PEec
Geometrie pro 4. ročník,https://www.matyskova-matematika.cz/geometrie-4/video/str-55/,"Geometrie pro 4. ročník, strana 55, úvod A",P1ec9Kdh6pM,https://www.youtube.com/watch?v=P1ec9Kdh6pM
Geometrie pro 4. ročník,https://www.matyskova-matematika.cz/geometrie-4/video/str-55/,"Geometrie pro 4. ročník, strana 55, cvičení 2",6OKSKEjTA7s,https://www.youtube.com/watch?v=6OKSKEjTA7s
Geometrie pro 4. ročník,https://www.matyskova-matematika.cz/geometrie-4/video/str-55/,"Geometrie pro 4. ročník, strana 55, cvičení 3a",dl8csc9kXJQ,https://www.youtube.com/watch?v=dl8csc9kXJQ
Geometrie pro 4. ročník,https://www.matyskova-matematika.cz/geometrie-4/video/str-55/,"Geometrie pro 4. ročník, strana 55, cvičení 3b",vgFgKWp5Evc,https://www.youtube.com/watch?v=vgFgKWp5Evc
Geometrie pro 4. ročník,https://www.matyskova-matematika.cz/geometrie-4/video/str-56/,"Geometrie pro 4. ročník, strana 56, úvod A",hzo60-Z6aAg,https://www.youtube.com/watch?v=hzo60-Z6aAg
Geometrie pro 4. ročník,https://www.matyskova-matematika.cz/geometrie-4/video/str-56/,"Geometrie pro 4. ročník, strana 56, cvičení 1",WooY_WT5fNc,https://www.youtube.com/watch?v=WooY_WT5fNc
Geometrie pro 4. ročník,https://www.matyskova-matematika.cz/geometrie-4/video/str-56/,"Geometrie pro 4. ročník, strana 56, úvod B",UkxFhuQj3TI,https://www.youtube.com/watch?v=UkxFhuQj3TI
Geometrie pro 4. ročník,https://www.matyskova-matematika.cz/geometrie-4/video/str-56/,"Geometrie pro 4. ročník, strana 56, cvičení 2",b8PLlL4upyk,https://www.youtube.com/watch?v=b8PLlL4upyk
Geometrie pro 4. ročník,https://www.matyskova-matematika.cz/geometrie-4/video/str-57/,"Geometrie pro 4. ročník, strana 57, úvod A",expuSr0_mko,https://www.youtube.com/watch?v=expuSr0_mko
Geometrie pro 4. ročník,https://www.matyskova-matematika.cz/geometrie-4/video/str-57/,"Geometrie pro 4. ročník, strana 57, cvičení 1",Ojwbwfk4pAQ,https://www.youtube.com/watch?v=Ojwbwfk4pAQ
Geometrie pro 4. ročník,https://www.matyskova-matematika.cz/geometrie-4/video/str-57/,"Geometrie pro 4. ročník, strana 57, úvod B",EQw58GIwPgM,https://www.youtube.com/watch?v=EQw58GIwPgM
Geometrie pro 4. ročník,https://www.matyskova-matematika.cz/geometrie-4/video/str-57/,"Geometrie pro 4. ročník, strana 57, úvod C",bnMlxhfzpHQ,https://www.youtube.com/watch?v=bnMlxhfzpHQ
Geometrie pro 4. ročník,https://www.matyskova-matematika.cz/geometrie-4/video/str-58/,"Geometrie pro 4. ročník, strana 58, úvod A",7tJ_xKxF3mU,https://www.youtube.com/watch?v=7tJ_xKxF3mU
Geometrie pro 4. ročník,https://www.matyskova-matematika.cz/geometrie-4/video/str-58/,"Geometrie pro 4. ročník, strana 58, cvičení 1",HECJ87cKrbw,https://www.youtube.com/watch?v=HECJ87cKrbw
Geometrie pro 4. ročník,https://www.matyskova-matematika.cz/geometrie-4/video/str-58/,"Geometrie pro 4. ročník, strana 58, úvod B",DMXncTcg8Pw,https://www.youtube.com/watch?v=DMXncTcg8Pw
Geometrie pro 4. ročník,https://www.matyskova-matematika.cz/geometrie-4/video/str-58/,"Geometrie pro 4. ročník, strana 58, cvičení 2",4JgwfgVMXag,https://www.youtube.com/watch?v=4JgwfgVMXag
Geometrie pro 4. ročník,https://www.matyskova-matematika.cz/geometrie-4/video/str-59/,"Geometrie pro 4. ročník, strana 59, cvičení 1",bH5PNwLswJU,https://www.youtube.com/watch?v=bH5PNwLswJU
Geometrie pro 4. ročník,https://www.matyskova-matematika.cz/geometrie-4/video/str-59/,"Geometrie pro 4. ročník, strana 59, cvičení 2",ml24thA_1rk,https://www.youtube.com/watch?v=ml24thA_1rk
Geometrie pro 4. ročník,https://www.matyskova-matematika.cz/geometrie-4/video/str-59/,"Geometrie pro 4. ročník, strana 59, cvičení 3",V_9EM0pyjgo,https://www.youtube.com/watch?v=V_9EM0pyjgo
Geometrie pro 4. ročník,https://www.matyskova-matematika.cz/geometrie-4/video/str-59/,"Geometrie pro 4. ročník, strana 59, cvičení 4",I7yqc8J3voA,https://www.youtube.com/watch?v=I7yqc8J3voA
Geometrie pro 4. ročník,https://www.matyskova-matematika.cz/geometrie-4/video/str-59/,"Geometrie pro 4. ročník, strana 59, cvičení 5",TD4yESSnXwA,https://www.youtube.com/watch?v=TD4yESSnXwA
Geometrie pro 4. ročník,https://www.matyskova-matematika.cz/geometrie-4/video/str-60/,"Geometrie pro 4. ročník, strana 60, úvod A",oFhTPlnmcgw,https://www.youtube.com/watch?v=oFhTPlnmcgw
Geometrie pro 4. ročník,https://www.matyskova-matematika.cz/geometrie-4/video/str-60/,"Geometrie pro 4. ročník, strana 60, cvičení 1",Lg0RTx8Q6qs,https://www.youtube.com/watch?v=Lg0RTx8Q6qs
Geometrie pro 4. ročník,https://www.matyskova-matematika.cz/geometrie-4/video/str-60/,"Geometrie pro 4. ročník, strana 60, úvod B",M8ENGXkuqBo,https://www.youtube.com/watch?v=M8ENGXkuqBo
Geometrie pro 4. ročník,https://www.matyskova-matematika.cz/geometrie-4/video/str-60/,"Geometrie pro 4. ročník, strana 60, cvičení 2",N7U39gHgqQ8,https://www.youtube.com/watch?v=N7U39gHgqQ8
Geometrie pro 4. ročník,https://www.matyskova-matematika.cz/geometrie-4/video/str-61/,"Geometrie pro 4. ročník, strana 61, cvičení 1",rPhtSOZBfgE,https://www.youtube.com/watch?v=rPhtSOZBfgE
Geometrie pro 4. ročník,https://www.matyskova-matematika.cz/geometrie-4/video/str-61/,"Geometrie pro 4. ročník, strana 61, cvičení 2",LijgS2CwkKQ,https://www.youtube.com/watch?v=LijgS2CwkKQ
Geometrie pro 4. ročník,https://www.matyskova-matematika.cz/geometrie-4/video/str-61/,"Geometrie pro 4. ročník, strana 61, cvičení 3",ftU7AnujI7M,https://www.youtube.com/watch?v=ftU7AnujI7M
Geometrie pro 4. ročník,https://www.matyskova-matematika.cz/geometrie-4/video/str-61/,"Geometrie pro 4. ročník, strana 61, cvičení 4",Ts0xJdzkOto,https://www.youtube.com/watch?v=Ts0xJdzkOto
Geometrie pro 4. ročník,https://www.matyskova-matematika.cz/geometrie-4/video/str-61/,"Geometrie pro 4. ročník, strana 61, cvičení 5",eczplq5bggU,https://www.youtube.com/watch?v=eczplq5bggU
Geometrie pro 4. ročník,https://www.matyskova-matematika.cz/geometrie-4/video/str-62/,"Geometrie pro 4. ročník, strana 62, cvičení 1",Vg8SK_v3IbQ,https://www.youtube.com/watch?v=Vg8SK_v3IbQ
Geometrie pro 4. ročník,https://www.matyskova-matematika.cz/geometrie-4/video/str-62/,"Geometrie pro 4. ročník, strana 62, cvičení 2",vf3_KIXtBuw,https://www.youtube.com/watch?v=vf3_KIXtBuw
Geometrie pro 4. ročník,https://www.matyskova-matematika.cz/geometrie-4/video/str-62/,"Geometrie pro 4. ročník, strana 62, cvičení 3",5KFEGRtAPhQ,https://www.youtube.com/watch?v=5KFEGRtAPhQ
Geometrie pro 4. ročník,https://www.matyskova-matematika.cz/geometrie-4/video/str-62/,"Geometrie pro 4. ročník, strana 62, cvičení 4",HCrpuQ9Vs_w,https://www.youtube.com/watch?v=HCrpuQ9Vs_w
Geometrie pro 4. ročník,https://www.matyskova-matematika.cz/geometrie-4/video/str-63/,"Geometrie pro 4. ročník, strana 63, cvičení 1",FcK9ntfgksU,https://www.youtube.com/watch?v=FcK9ntfgksU
Geometrie pro 4. ročník,https://www.matyskova-matematika.cz/geometrie-4/video/str-63/,"Geometrie pro 4. ročník, strana 63, cvičení 2",XIi__EMaV9g,https://www.youtube.com/watch?v=XIi__EMaV9g
Geometrie pro 4. ročník,https://www.matyskova-matematika.cz/geometrie-4/video/str-63/,"Geometrie pro 4. ročník, strana 63, cvičení 3",vvtXQQNs4uY,https://www.youtube.com/watch?v=vvtXQQNs4uY
Geometrie pro 4. ročník,https://www.matyskova-matematika.cz/geometrie-4/video/str-64/,"Geometrie pro 4. ročník, strana 64, cvičení 1",4T_o2t3vLMc,https://www.youtube.com/watch?v=4T_o2t3vLMc
Geometrie pro 4. ročník,https://www.matyskova-matematika.cz/geometrie-4/video/str-64/,"Geometrie pro 4. ročník, strana 64, cvičení 2",KxWGQTAnZ64,https://www.youtube.com/watch?v=KxWGQTAnZ64
Geometrie pro 4. ročník,https://www.matyskova-matematika.cz/geometrie-4/video/str-64/,"Geometrie pro 4. ročník, strana 64, cvičení 3",m0gPs4qh92U,https://www.youtube.com/watch?v=m0gPs4qh92U
Geometrie pro 4. ročník,https://www.matyskova-matematika.cz/geometrie-4/video/str-64/,"Geometrie pro 4. ročník, strana 64, cvičení 4",57-VFR3hfVM,https://www.youtube.com/watch?v=57-VFR3hfVM
Geometrie pro 5. ročník,https://www.matyskova-matematika.cz/geometrie-5/video/str-2/,"Geometrie pro 5. ročník, strana 2, cvičení 1",K5mR1105QOw,https://www.youtube.com/watch?v=K5mR1105QOw
Geometrie pro 5. ročník,https://www.matyskova-matematika.cz/geometrie-5/video/str-3/,"Geometrie pro 5. ročník, strana 3, cvičení 1",VTXLpSvmQpw,https://www.youtube.com/watch?v=VTXLpSvmQpw
Geometrie pro 5. ročník,https://www.matyskova-matematika.cz/geometrie-5/video/str-3/,"Geometrie pro 5. ročník, strana 3, cvičení 2",aa1RuAshuk4,https://www.youtube.com/watch?v=aa1RuAshuk4
Geometrie pro 5. ročník,https://www.matyskova-matematika.cz/geometrie-5/video/str-3/,"Geometrie pro 5. ročník, strana 3, cvičení 3",aWvS6NZwywQ,https://www.youtube.com/watch?v=aWvS6NZwywQ
Geometrie pro 5. ročník,https://www.matyskova-matematika.cz/geometrie-5/video/str-4/,"Geometrie pro 5. ročník, strana 4, cvičení 1",LffrT815kqI,https://www.youtube.com/watch?v=LffrT815kqI
Geometrie pro 5. ročník,https://www.matyskova-matematika.cz/geometrie-5/video/str-4/,"Geometrie pro 5. ročník, strana 4, cvičení 2",OYvYI1Zi9CU,https://www.youtube.com/watch?v=OYvYI1Zi9CU
Geometrie pro 5. ročník,https://www.matyskova-matematika.cz/geometrie-5/video/str-4/,"Geometrie pro 5. ročník, strana 4, cvičení 3 a",2OLOm6kHGW8,https://www.youtube.com/watch?v=2OLOm6kHGW8
Geometrie pro 5. ročník,https://www.matyskova-matematika.cz/geometrie-5/video/str-4/,"Geometrie pro 5. ročník, strana 4, cvičení 3 b",b5HnhuCvsBk,https://www.youtube.com/watch?v=b5HnhuCvsBk
Geometrie pro 5. ročník,https://www.matyskova-matematika.cz/geometrie-5/video/str-4/,"Geometrie pro 5. ročník, strana 4, cvičení 3 c",DG2zIvyWBWI,https://www.youtube.com/watch?v=DG2zIvyWBWI
Geometrie pro 5. ročník,https://www.matyskova-matematika.cz/geometrie-5/video/str-4/,"Geometrie pro 5. ročník, strana 4, cvičení 3 d",emQU-YTmhtk,https://www.youtube.com/watch?v=emQU-YTmhtk
Geometrie pro 5. ročník,https://www.matyskova-matematika.cz/geometrie-5/video/str-5/,"Geometrie pro 5. ročník, strana 5, cvičení 1",yi8Qm0W4GqA,https://www.youtube.com/watch?v=yi8Qm0W4GqA
Geometrie pro 5. ročník,https://www.matyskova-matematika.cz/geometrie-5/video/str-5/,"Geometrie pro 5. ročník, strana 5, cvičení 2",qMxfwpmvOJo,https://www.youtube.com/watch?v=qMxfwpmvOJo
Geometrie pro 5. ročník,https://www.matyskova-matematika.cz/geometrie-5/video/str-5/,"Geometrie pro 5. ročník, strana 5, cvičení 3",j0Qu1r4e_5c,https://www.youtube.com/watch?v=j0Qu1r4e_5c
Geometrie pro 5. ročník,https://www.matyskova-matematika.cz/geometrie-5/video/str-5/,"Geometrie pro 5. ročník, strana 5, cvičení 4 a",9zYS1IiOx0M,https://www.youtube.com/watch?v=9zYS1IiOx0M
Geometrie pro 5. ročník,https://www.matyskova-matematika.cz/geometrie-5/video/str-5/,"Geometrie pro 5. ročník, strana 5, cvičení 4 b",zj-ClLOfINA,https://www.youtube.com/watch?v=zj-ClLOfINA
Geometrie pro 5. ročník,https://www.matyskova-matematika.cz/geometrie-5/video/str-6/,"Geometrie pro 5. ročník, strana 6, úvod A",STLA7D48N3g,https://www.youtube.com/watch?v=STLA7D48N3g
Geometrie pro 5. ročník,https://www.matyskova-matematika.cz/geometrie-5/video/str-6/,"Geometrie pro 5. ročník, strana 6, úvod B",XJLYbWNiMNQ,https://www.youtube.com/watch?v=XJLYbWNiMNQ
Geometrie pro 5. ročník,https://www.matyskova-matematika.cz/geometrie-5/video/str-6/,"Geometrie pro 5. ročník, strana 6, cvičení 1 a",W5oUdebu-nc,https://www.youtube.com/watch?v=W5oUdebu-nc
Geometrie pro 5. ročník,https://www.matyskova-matematika.cz/geometrie-5/video/str-6/,"Geometrie pro 5. ročník, strana 6, cvičení 1 b",Z6yOsiwksfM,https://www.youtube.com/watch?v=Z6yOsiwksfM
Geometrie pro 5. ročník,https://www.matyskova-matematika.cz/geometrie-5/video/str-6/,"Geometrie pro 5. ročník, strana 6, cvičení 1 c",iet2jLOhFMQ,https://www.youtube.com/watch?v=iet2jLOhFMQ
Geometrie pro 5. ročník,https://www.matyskova-matematika.cz/geometrie-5/video/str-7/,"Geometrie pro 5. ročník, strana 7, cvičení 1",HhqpM5LEiOc,https://www.youtube.com/watch?v=HhqpM5LEiOc
Geometrie pro 5. ročník,https://www.matyskova-matematika.cz/geometrie-5/video/str-7/,"Geometrie pro 5. ročník, strana 7, cvičení 2 a",qihoso1Fc0Y,https://www.youtube.com/watch?v=qihoso1Fc0Y
Geometrie pro 5. ročník,https://www.matyskova-matematika.cz/geometrie-5/video/str-7/,"Geometrie pro 5. ročník, strana 7, cvičení 2 b",2DMEmqPBrOM,https://www.youtube.com/watch?v=2DMEmqPBrOM
Geometrie pro 5. ročník,https://www.matyskova-matematika.cz/geometrie-5/video/str-7/,"Geometrie pro 5. ročník, strana 7, cvičení 2 c",YiFpKKm3OeE,https://www.youtube.com/watch?v=YiFpKKm3OeE
Geometrie pro 5. ročník,https://www.matyskova-matematika.cz/geometrie-5/video/str-8/,"Geometrie pro 5. ročník, strana 8, cvičení 1",aYaitHJQrD8,https://www.youtube.com/watch?v=aYaitHJQrD8
Geometrie pro 5. ročník,https://www.matyskova-matematika.cz/geometrie-5/video/str-8/,"Geometrie pro 5. ročník, strana 8, cvičení 2 a",v_G7n9mvan4,https://www.youtube.com/watch?v=v_G7n9mvan4
Geometrie pro 5. ročník,https://www.matyskova-matematika.cz/geometrie-5/video/str-8/,"Geometrie pro 5. ročník, strana 8, cvičení 2 b",D2Gfk1Ojx-U,https://www.youtube.com/watch?v=D2Gfk1Ojx-U
Geometrie pro 5. ročník,https://www.matyskova-matematika.cz/geometrie-5/video/str-8/,"Geometrie pro 5. ročník, strana 8, cvičení 2 c",zXmtdhaY6wM,https://www.youtube.com/watch?v=zXmtdhaY6wM
Geometrie pro 5. ročník,https://www.matyskova-matematika.cz/geometrie-5/video/str-9/,"Geometrie pro 5. ročník, strana 9, cvičení 1",eOo2DJ_g1qc,https://www.youtube.com/watch?v=eOo2DJ_g1qc
Geometrie pro 5. ročník,https://www.matyskova-matematika.cz/geometrie-5/video/str-9/,"Geometrie pro 5. ročník, strana 9, cvičení 2",qiiHAQiNjF0,https://www.youtube.com/watch?v=qiiHAQiNjF0
Geometrie pro 5. ročník,https://www.matyskova-matematika.cz/geometrie-5/video/str-9/,"Geometrie pro 5. ročník, strana 9, cvičení 3",OWVD4wK7s9I,https://www.youtube.com/watch?v=OWVD4wK7s9I
Geometrie pro 5. ročník,https://www.matyskova-matematika.cz/geometrie-5/video/str-9/,"Geometrie pro 5. ročník, strana 9, cvičení 4",doAtxu9ZkMw,https://www.youtube.com/watch?v=doAtxu9ZkMw
Geometrie pro 5. ročník,https://www.matyskova-matematika.cz/geometrie-5/video/str-9/,"Geometrie pro 5. ročník, strana 9, cvičení 5",q7kcEYiotks,https://www.youtube.com/watch?v=q7kcEYiotks
Geometrie pro 5. ročník,https://www.matyskova-matematika.cz/geometrie-5/video/str-9/,"Geometrie pro 5. ročník, strana 9, cvičení 6 a",mXfw1I4gfTM,https://www.youtube.com/watch?v=mXfw1I4gfTM
Geometrie pro 5. ročník,https://www.matyskova-matematika.cz/geometrie-5/video/str-9/,"Geometrie pro 5. ročník, strana 9, cvičení 6 b",GrjKzGCiTVo,https://www.youtube.com/watch?v=GrjKzGCiTVo
Geometrie pro 5. ročník,https://www.matyskova-matematika.cz/geometrie-5/video/str-9/,"Geometrie pro 5. ročník, strana 9, cvičení 6 c",Hz_2pse0jFw,https://www.youtube.com/watch?v=Hz_2pse0jFw
Geometrie pro 5. ročník,https://www.matyskova-matematika.cz/geometrie-5/video/str-9/,"Geometrie pro 5. ročník, strana 9, cvičení 6 d",Vr58_3JnEfo,https://www.youtube.com/watch?v=Vr58_3JnEfo
Geometrie pro 5. ročník,https://www.matyskova-matematika.cz/geometrie-5/video/str-10/,"Geometrie pro 5. ročník, strana 10, úvod",j0Jeox496j0,https://www.youtube.com/watch?v=j0Jeox496j0
Geometrie pro 5. ročník,https://www.matyskova-matematika.cz/geometrie-5/video/str-10/,"Geometrie pro 5. ročník, strana 10, cvičení 1",mD5vKGmPp2M,https://www.youtube.com/watch?v=mD5vKGmPp2M
Geometrie pro 5. ročník,https://www.matyskova-matematika.cz/geometrie-5/video/str-10/,"Geometrie pro 5. ročník, strana 10, cvičení 2",naknvsgBWfk,https://www.youtube.com/watch?v=naknvsgBWfk
Geometrie pro 5. ročník,https://www.matyskova-matematika.cz/geometrie-5/video/str-10/,"Geometrie pro 5. ročník, strana 10, cvičení 3",Y5Le5gqRKsU,https://www.youtube.com/watch?v=Y5Le5gqRKsU
Geometrie pro 5. ročník,https://www.matyskova-matematika.cz/geometrie-5/video/str-10/,"Geometrie pro 5. ročník, strana 10, cvičení 4",TRmMKHu-sxc,https://www.youtube.com/watch?v=TRmMKHu-sxc
Geometrie pro 5. ročník,https://www.matyskova-matematika.cz/geometrie-5/video/str-11/,"Geometrie pro 5. ročník, strana 11, úvod",zsI1G8ppbFU,https://www.youtube.com/watch?v=zsI1G8ppbFU
Geometrie pro 5. ročník,https://www.matyskova-matematika.cz/geometrie-5/video/str-11/,"Geometrie pro 5. ročník, strana 11, cvičení 1",7LT2k3LqQeA,https://www.youtube.com/watch?v=7LT2k3LqQeA
Geometrie pro 5. ročník,https://www.matyskova-matematika.cz/geometrie-5/video/str-11/,"Geometrie pro 5. ročník, strana 11, cvičení 2",CYTNJ1r44kg,https://www.youtube.com/watch?v=CYTNJ1r44kg
Geometrie pro 5. ročník,https://www.matyskova-matematika.cz/geometrie-5/video/str-11/,"Geometrie pro 5. ročník, strana 11, cvičení 3",q2JHZP_Yj9Q,https://www.youtube.com/watch?v=q2JHZP_Yj9Q
Geometrie pro 5. ročník,https://www.matyskova-matematika.cz/geometrie-5/video/str-12/,"Geometrie pro 5. ročník, strana 12, cvičení 1",5tzZlj7CJ-U,https://www.youtube.com/watch?v=5tzZlj7CJ-U
Geometrie pro 5. ročník,https://www.matyskova-matematika.cz/geometrie-5/video/str-12/,"Geometrie pro 5. ročník, strana 12, cvičení 2",oPcqXXrjnhc,https://www.youtube.com/watch?v=oPcqXXrjnhc
Geometrie pro 5. ročník,https://www.matyskova-matematika.cz/geometrie-5/video/str-12/,"Geometrie pro 5. ročník, strana 12, cvičení 3 a",k50vicOEP-M,https://www.youtube.com/watch?v=k50vicOEP-M
Geometrie pro 5. ročník,https://www.matyskova-matematika.cz/geometrie-5/video/str-12/,"Geometrie pro 5. ročník, strana 12, cvičení 3 b",OUSmZIW-63g,https://www.youtube.com/watch?v=OUSmZIW-63g
Geometrie pro 5. ročník,https://www.matyskova-matematika.cz/geometrie-5/video/str-12/,"Geometrie pro 5. ročník, strana 12, cvičení 3 c",TGx0vhIf4zs,https://www.youtube.com/watch?v=TGx0vhIf4zs
Geometrie pro 5. ročník,https://www.matyskova-matematika.cz/geometrie-5/video/str-13/,"Geometrie pro 5. ročník, strana 13, cvičení 1 a",FRXS-9_9cIk,https://www.youtube.com/watch?v=FRXS-9_9cIk
Geometrie pro 5. ročník,https://www.matyskova-matematika.cz/geometrie-5/video/str-13/,"Geometrie pro 5. ročník, strana 13, cvičení 1 b",PdIx9A5V3HI,https://www.youtube.com/watch?v=PdIx9A5V3HI
Geometrie pro 5. ročník,https://www.matyskova-matematika.cz/geometrie-5/video/str-13/,"Geometrie pro 5. ročník, strana 13, cvičení 2 úvod",CMliNNNaZv8,https://www.youtube.com/watch?v=CMliNNNaZv8
Geometrie pro 5. ročník,https://www.matyskova-matematika.cz/geometrie-5/video/str-13/,"Geometrie pro 5. ročník, strana 13, cvičení 2 a",zLtHPmWokMg,https://www.youtube.com/watch?v=zLtHPmWokMg
Geometrie pro 5. ročník,https://www.matyskova-matematika.cz/geometrie-5/video/str-13/,"Geometrie pro 5. ročník, strana 13, cvičení 2 b",cDeDXMSAhxs,https://www.youtube.com/watch?v=cDeDXMSAhxs
Geometrie pro 5. ročník,https://www.matyskova-matematika.cz/geometrie-5/video/str-14/,"Geometrie pro 5. ročník, strana 14, cvičení 1 úvod",GAQkYT0QRz0,https://www.youtube.com/watch?v=GAQkYT0QRz0
Geometrie pro 5. ročník,https://www.matyskova-matematika.cz/geometrie-5/video/str-14/,"Geometrie pro 5. ročník, strana 14, cvičení 1",YQD2ESbAgwA,https://www.youtube.com/watch?v=YQD2ESbAgwA
Geometrie pro 5. ročník,https://www.matyskova-matematika.cz/geometrie-5/video/str-14/,"Geometrie pro 5. ročník, strana 14, cvičení 2 úvod",hKKCBLrzTKE,https://www.youtube.com/watch?v=hKKCBLrzTKE
Geometrie pro 5. ročník,https://www.matyskova-matematika.cz/geometrie-5/video/str-14/,"Geometrie pro 5. ročník, strana 14, cvičení 2 a",yYJ7UzYnpV4,https://www.youtube.com/watch?v=yYJ7UzYnpV4
Geometrie pro 5. ročník,https://www.matyskova-matematika.cz/geometrie-5/video/str-14/,"Geometrie pro 5. ročník, strana 14, cvičení 2 b",bI6frUcD56Q,https://www.youtube.com/watch?v=bI6frUcD56Q
Geometrie pro 5. ročník,https://www.matyskova-matematika.cz/geometrie-5/video/str-14/,"Geometrie pro 5. ročník, strana 14, cvičení 2 c",bvSUkG-cH8g,https://www.youtube.com/watch?v=bvSUkG-cH8g
Geometrie pro 5. ročník,https://www.matyskova-matematika.cz/geometrie-5/video/str-15/,"Geometrie pro 5. ročník, strana 15, cvičení 1",ioh0ToLbzeA,https://www.youtube.com/watch?v=ioh0ToLbzeA
Geometrie pro 5. ročník,https://www.matyskova-matematika.cz/geometrie-5/video/str-15/,"Geometrie pro 5. ročník, strana 15, cvičení 2",25furuji7Mk,https://www.youtube.com/watch?v=25furuji7Mk
Geometrie pro 5. ročník,https://www.matyskova-matematika.cz/geometrie-5/video/str-15/,"Geometrie pro 5. ročník, strana 15, cvičení 3",C9Y898KoZB8,https://www.youtube.com/watch?v=C9Y898KoZB8
Geometrie pro 5. ročník,https://www.matyskova-matematika.cz/geometrie-5/video/str-15/,"Geometrie pro 5. ročník, strana 15, cvičení 4",qyLtkoHLJ8Q,https://www.youtube.com/watch?v=qyLtkoHLJ8Q
Geometrie pro 5. ročník,https://www.matyskova-matematika.cz/geometrie-5/video/str-15/,"Geometrie pro 5. ročník, strana 15, cvičení 5",m9Lio91vXbo,https://www.youtube.com/watch?v=m9Lio91vXbo
Geometrie pro 5. ročník,https://www.matyskova-matematika.cz/geometrie-5/video/str-15/,"Geometrie pro 5. ročník, strana 15, cvičení 6",FRLOZpshusg,https://www.youtube.com/watch?v=FRLOZpshusg
Geometrie pro 5. ročník,https://www.matyskova-matematika.cz/geometrie-5/video/str-16/,"Geometrie pro 5. ročník, strana 16, cvičení 1",KYc_uzrSyXc,https://www.youtube.com/watch?v=KYc_uzrSyXc
Geometrie pro 5. ročník,https://www.matyskova-matematika.cz/geometrie-5/video/str-16/,"Geometrie pro 5. ročník, strana 16, cvičení 2",PgnkXDulF9Q,https://www.youtube.com/watch?v=PgnkXDulF9Q
Geometrie pro 5. ročník,https://www.matyskova-matematika.cz/geometrie-5/video/str-16/,"Geometrie pro 5. ročník, strana 16, cvičení 3",XYckubGhC1A,https://www.youtube.com/watch?v=XYckubGhC1A
Geometrie pro 5. ročník,https://www.matyskova-matematika.cz/geometrie-5/video/str-16/,"Geometrie pro 5. ročník, strana 16, cvičení 4",vTgNpCj8CCY,https://www.youtube.com/watch?v=vTgNpCj8CCY
Geometrie pro 5. ročník,https://www.matyskova-matematika.cz/geometrie-5/video/str-17/,"Geometrie pro 5. ročník, strana 17, cvičení 1",NJ1Abw7PH4c,https://www.youtube.com/watch?v=NJ1Abw7PH4c
Geometrie pro 5. ročník,https://www.matyskova-matematika.cz/geometrie-5/video/str-17/,"Geometrie pro 5. ročník, strana 17, úvod",GE7SUIjiDrw,https://www.youtube.com/watch?v=GE7SUIjiDrw
Geometrie pro 5. ročník,https://www.matyskova-matematika.cz/geometrie-5/video/str-18/,"Geometrie pro 5. ročník, strana 18, cvičení 1",19KAqysLD2M,https://www.youtube.com/watch?v=19KAqysLD2M
Geometrie pro 5. ročník,https://www.matyskova-matematika.cz/geometrie-5/video/str-18/,"Geometrie pro 5. ročník, strana 18, cvičení 2",oUOhBLKgIEQ,https://www.youtube.com/watch?v=oUOhBLKgIEQ
Geometrie pro 5. ročník,https://www.matyskova-matematika.cz/geometrie-5/video/str-18/,"Geometrie pro 5. ročník, strana 18, cvičení 3",6tLuINnwmfs,https://www.youtube.com/watch?v=6tLuINnwmfs
Geometrie pro 5. ročník,https://www.matyskova-matematika.cz/geometrie-5/video/str-18/,"Geometrie pro 5. ročník, strana 18, cvičení 4",HJ_x6Co1JJw,https://www.youtube.com/watch?v=HJ_x6Co1JJw
Geometrie pro 5. ročník,https://www.matyskova-matematika.cz/geometrie-5/video/str-18/,"Geometrie pro 5. ročník, strana 18, cvičení 5",BhArF7bPKfM,https://www.youtube.com/watch?v=BhArF7bPKfM
Geometrie pro 5. ročník,https://www.matyskova-matematika.cz/geometrie-5/video/str-18/,"Geometrie pro 5. ročník, strana 18, cvičení 6",siYDeRT74sY,https://www.youtube.com/watch?v=siYDeRT74sY
Geometrie pro 5. ročník,https://www.matyskova-matematika.cz/geometrie-5/video/str-19/,"Geometrie pro 5. ročník, strana 19, cvičení 1",8w1afI1FYHQ,https://www.youtube.com/watch?v=8w1afI1FYHQ
Geometrie pro 5. ročník,https://www.matyskova-matematika.cz/geometrie-5/video/str-19/,"Geometrie pro 5. ročník, strana 19, cvičení 2",rH3yk-03Fr4,https://www.youtube.com/watch?v=rH3yk-03Fr4
Geometrie pro 5. ročník,https://www.matyskova-matematika.cz/geometrie-5/video/str-19/,"Geometrie pro 5. ročník, strana 19, cvičení 3",j-bz_FzdUE4,https://www.youtube.com/watch?v=j-bz_FzdUE4
Geometrie pro 5. ročník,https://www.matyskova-matematika.cz/geometrie-5/video/str-19/,"Geometrie pro 5. ročník, strana 19, cvičení 4",wkaN61g3Etw,https://www.youtube.com/watch?v=wkaN61g3Etw
Geometrie pro 5. ročník,https://www.matyskova-matematika.cz/geometrie-5/video/str-20/,"Geometrie pro 5. ročník, strana 20, cvičení 1",VohmIIu0NHE,https://www.youtube.com/watch?v=VohmIIu0NHE
Geometrie pro 5. ročník,https://www.matyskova-matematika.cz/geometrie-5/video/str-20/,"Geometrie pro 5. ročník, strana 20, cvičení 2",xn7MW6U2jQ4,https://www.youtube.com/watch?v=xn7MW6U2jQ4
Geometrie pro 5. ročník,https://www.matyskova-matematika.cz/geometrie-5/video/str-20/,"Geometrie pro 4. ročník, strana 20, cvičení 3",DSaUGtV-A_Y,https://www.youtube.com/watch?v=DSaUGtV-A_Y
Geometrie pro 5. ročník,https://www.matyskova-matematika.cz/geometrie-5/video/str-21/,"Geometrie pro 5. ročník, strana 21, cvičení 1",KYnXtbxGlh8,https://www.youtube.com/watch?v=KYnXtbxGlh8
Geometrie pro 5. ročník,https://www.matyskova-matematika.cz/geometrie-5/video/str-21/,"Geometrie pro 5. ročník, strana 21, cvičení 2",v453iIYAljI,https://www.youtube.com/watch?v=v453iIYAljI
Geometrie pro 5. ročník,https://www.matyskova-matematika.cz/geometrie-5/video/str-21/,"Geometrie pro 5. ročník, strana 21, cvičení 3",phU169xfj9M,https://www.youtube.com/watch?v=phU169xfj9M
Geometrie pro 5. ročník,https://www.matyskova-matematika.cz/geometrie-5/video/str-21/,"Geometrie pro 5. ročník, strana 21, cvičení 4",QR5JHlJUkyg,https://www.youtube.com/watch?v=QR5JHlJUkyg
Geometrie pro 5. ročník,https://www.matyskova-matematika.cz/geometrie-5/video/str-21/,"Geometrie pro 5. ročník, strana 21, cvičení 5",AyxUxaomj3k,https://www.youtube.com/watch?v=AyxUxaomj3k
Geometrie pro 5. ročník,https://www.matyskova-matematika.cz/geometrie-5/video/str-21/,"Geometrie pro 5. ročník, strana 21, cvičení 6 a",CXpmfczzhUs,https://www.youtube.com/watch?v=CXpmfczzhUs
Geometrie pro 5. ročník,https://www.matyskova-matematika.cz/geometrie-5/video/str-21/,"Geometrie pro 5. ročník, strana 21, cvičení 6 b",KpuvpyLbn60,https://www.youtube.com/watch?v=KpuvpyLbn60
Geometrie pro 5. ročník,https://www.matyskova-matematika.cz/geometrie-5/video/str-22/,"Geometrie pro 5. ročník, strana 22, cvičení 1",2VJ9ISRlPsM,https://www.youtube.com/watch?v=2VJ9ISRlPsM
Geometrie pro 5. ročník,https://www.matyskova-matematika.cz/geometrie-5/video/str-22/,"Geometrie pro 5. ročník, strana 22, cvičení 2",0ybQ6WjFFZU,https://www.youtube.com/watch?v=0ybQ6WjFFZU
Geometrie pro 5. ročník,https://www.matyskova-matematika.cz/geometrie-5/video/str-23/,"Geometrie pro 5. ročník, strana 23, cvičení 1",Ht555p4Qtzg,https://www.youtube.com/watch?v=Ht555p4Qtzg
Geometrie pro 5. ročník,https://www.matyskova-matematika.cz/geometrie-5/video/str-23/,"Geometrie pro 5. ročník, strana 23, cvičení 2",DjFSGfkYxP8,https://www.youtube.com/watch?v=DjFSGfkYxP8
Geometrie pro 5. ročník,https://www.matyskova-matematika.cz/geometrie-5/video/geometrie-pro-5-rocnik-strana-24/,"Geometrie pro 4. ročník, strana 24, úvod A",vjmuGUQO0zY,https://www.youtube.com/watch?v=vjmuGUQO0zY
Geometrie pro 5. ročník,https://www.matyskova-matematika.cz/geometrie-5/video/geometrie-pro-5-rocnik-strana-24/,"Geometrie pro 4. ročník, strana 24, cvičení 1 a",VP5JMnfvsLk,https://www.youtube.com/watch?v=VP5JMnfvsLk
Geometrie pro 5. ročník,https://www.matyskova-matematika.cz/geometrie-5/video/geometrie-pro-5-rocnik-strana-24/,"Geometrie pro 4. ročník, strana 24, cvičení 1 b",N1RmvkRPres,https://www.youtube.com/watch?v=N1RmvkRPres
Geometrie pro 5. ročník,https://www.matyskova-matematika.cz/geometrie-5/video/geometrie-pro-5-rocnik-strana-24/,"Geometrie pro 4. ročník, strana 24, úvod B",KALy2uqnfzw,https://www.youtube.com/watch?v=KALy2uqnfzw
Geometrie pro 5. ročník,https://www.matyskova-matematika.cz/geometrie-5/video/str-25/,"Geometrie pro 5. ročník, strana 25, úvod",2xptg_r_ZwA,https://www.youtube.com/watch?v=2xptg_r_ZwA
Geometrie pro 5. ročník,https://www.matyskova-matematika.cz/geometrie-5/video/str-25/,"Geometrie pro 5. ročník, strana 25, cvičení 1",LP-PrOFQ980,https://www.youtube.com/watch?v=LP-PrOFQ980
Geometrie pro 5. ročník,https://www.matyskova-matematika.cz/geometrie-5/video/str-25/,"Geometrie pro 5. ročník, strana 25, cvičení 2",HvunJKHoh7I,https://www.youtube.com/watch?v=HvunJKHoh7I
Geometrie pro 5. ročník,https://www.matyskova-matematika.cz/geometrie-5/video/str-25/,"Geometrie pro 5. ročník, strana 25, cvičení 3",63l_GHyVA0k,https://www.youtube.com/watch?v=63l_GHyVA0k
Geometrie pro 5. ročník,https://www.matyskova-matematika.cz/geometrie-5/video/str-26/,"Geometrie pro 5. ročník, strana 26, cvičení 1",aVp-RKYt8BI,https://www.youtube.com/watch?v=aVp-RKYt8BI
Geometrie pro 5. ročník,https://www.matyskova-matematika.cz/geometrie-5/video/str-26/,"Geometrie pro 5. ročník, strana 26, cvičení 2",WMA-k412OSU,https://www.youtube.com/watch?v=WMA-k412OSU
Geometrie pro 5. ročník,https://www.matyskova-matematika.cz/geometrie-5/video/str-26/,"Geometrie pro 5. ročník, strana 26, cvičení 3 a",ClLrBEAFzk0,https://www.youtube.com/watch?v=ClLrBEAFzk0
Geometrie pro 5. ročník,https://www.matyskova-matematika.cz/geometrie-5/video/str-26/,"Geometrie pro 5. ročník, strana 26, cvičení 3 b",AOMj3PahG28,https://www.youtube.com/watch?v=AOMj3PahG28
Geometrie pro 5. ročník,https://www.matyskova-matematika.cz/geometrie-5/video/str-26/,"Geometrie pro 5. ročník, strana 26, cvičení 3 c",8G4-NSh0EYs,https://www.youtube.com/watch?v=8G4-NSh0EYs
Geometrie pro 5. ročník,https://www.matyskova-matematika.cz/geometrie-5/video/str-26/,"Geometrie pro 5. ročník, strana 26, cvičení 3 d",oDUSUcZTIFI,https://www.youtube.com/watch?v=oDUSUcZTIFI
Geometrie pro 5. ročník,https://www.matyskova-matematika.cz/geometrie-5/video/str-27/,"Geometrie pro 5. ročník, strana 27, cvičení 1",c3LddTmBu1w,https://www.youtube.com/watch?v=c3LddTmBu1w
Geometrie pro 5. ročník,https://www.matyskova-matematika.cz/geometrie-5/video/str-27/,"Geometrie pro 5. ročník, strana 27, cvičení 2",Rxjha9czRqk,https://www.youtube.com/watch?v=Rxjha9czRqk
Geometrie pro 5. ročník,https://www.matyskova-matematika.cz/geometrie-5/video/str-27/,"Geometrie pro 5. ročník, strana 27, cvičení 3",GcR_xKAu5kQ,https://www.youtube.com/watch?v=GcR_xKAu5kQ
Geometrie pro 5. ročník,https://www.matyskova-matematika.cz/geometrie-5/video/str-27/,"Geometrie pro 5. ročník, strana 27, cvičení 4 a",IHc3gSsKY8I,https://www.youtube.com/watch?v=IHc3gSsKY8I
Geometrie pro 5. ročník,https://www.matyskova-matematika.cz/geometrie-5/video/str-27/,"Geometrie pro 5. ročník, strana 27, cvičení 4 b",foTPLJWRbc0,https://www.youtube.com/watch?v=foTPLJWRbc0
Geometrie pro 5. ročník,https://www.matyskova-matematika.cz/geometrie-5/video/str-28/,"Geometrie pro 5. ročník, strana 28, cvičení 1",mb0UdxJmjfM,https://www.youtube.com/watch?v=mb0UdxJmjfM
Geometrie pro 5. ročník,https://www.matyskova-matematika.cz/geometrie-5/video/str-28/,"Geometrie pro 5. ročník, strana 28, cvičení 2",wqw1gmxKPlQ,https://www.youtube.com/watch?v=wqw1gmxKPlQ
Geometrie pro 5. ročník,https://www.matyskova-matematika.cz/geometrie-5/video/str-28/,"Geometrie pro 5. ročník, strana 28, cvičení 3",AHC7j5b5VyY,https://www.youtube.com/watch?v=AHC7j5b5VyY
Geometrie pro 5. ročník,https://www.matyskova-matematika.cz/geometrie-5/video/str-28/,"Geometrie pro 5. ročník, strana 28, cvičení 4",ZTBIt1s7-PA,https://www.youtube.com/watch?v=ZTBIt1s7-PA
Geometrie pro 5. ročník,https://www.matyskova-matematika.cz/geometrie-5/video/str-29/,"Geometrie pro 5. ročník, strana 29, cvičení 1 a",QosO_GBUBGw,https://www.youtube.com/watch?v=QosO_GBUBGw
Geometrie pro 5. ročník,https://www.matyskova-matematika.cz/geometrie-5/video/str-29/,"Geometrie pro 5. ročník, strana 29, cvičení 1 b",jDK_bD6RDUg,https://www.youtube.com/watch?v=jDK_bD6RDUg
Geometrie pro 5. ročník,https://www.matyskova-matematika.cz/geometrie-5/video/str-29/,"Geometrie pro 5. ročník, strana 29, cvičení 1 c",fPXKvEi7Dtw,https://www.youtube.com/watch?v=fPXKvEi7Dtw
Geometrie pro 5. ročník,https://www.matyskova-matematika.cz/geometrie-5/video/str-29/,"Geometrie pro 5. ročník, strana 29, cvičení 2 úvod",8WXIhFAnUPk,https://www.youtube.com/watch?v=8WXIhFAnUPk
Geometrie pro 5. ročník,https://www.matyskova-matematika.cz/geometrie-5/video/str-29/,"Geometrie pro 5. ročník, strana 29, cvičení 2",Uh9Zm1b7nRA,https://www.youtube.com/watch?v=Uh9Zm1b7nRA
Geometrie pro 5. ročník,https://www.matyskova-matematika.cz/geometrie-5/video/str-29/,"Geometrie pro 5. ročník, strana 29, cvičení 3",v0FaevK8_C0,https://www.youtube.com/watch?v=v0FaevK8_C0
Geometrie pro 5. ročník,https://www.matyskova-matematika.cz/geometrie-5/video/str-30/,"Geometrie pro 5. ročník, strana 30, cvičení 1",LQ3wZyc2Tpo,https://www.youtube.com/watch?v=LQ3wZyc2Tpo
Geometrie pro 5. ročník,https://www.matyskova-matematika.cz/geometrie-5/video/str-30/,"Geometrie pro 5. ročník, strana 30, cvičení 2",HJbkDWLXGGM,https://www.youtube.com/watch?v=HJbkDWLXGGM
Geometrie pro 5. ročník,https://www.matyskova-matematika.cz/geometrie-5/video/str-30/,"Geometrie pro 5. ročník, strana 30, cvičení 3",-HAqdmD1DRs,https://www.youtube.com/watch?v=-HAqdmD1DRs
Geometrie pro 5. ročník,https://www.matyskova-matematika.cz/geometrie-5/video/str-30/,"Geometrie pro 5. ročník, strana 30, cvičení 4",HpH4AqUwGE0,https://www.youtube.com/watch?v=HpH4AqUwGE0
Geometrie pro 5. ročník,https://www.matyskova-matematika.cz/geometrie-5/video/str-30/,"Geometrie pro 5. ročník, strana 30, cvičení 5",NFlqZDb_A6Y,https://www.youtube.com/watch?v=NFlqZDb_A6Y
Geometrie pro 5. ročník,https://www.matyskova-matematika.cz/geometrie-5/video/str-30/,"Geometrie pro 5. ročník, strana 30, cvičení 6",nmgst1WgCm8,https://www.youtube.com/watch?v=nmgst1WgCm8
Geometrie pro 5. ročník,https://www.matyskova-matematika.cz/geometrie-5/video/str-31/,"Geometrie pro 5. ročník, strana 31, cvičení 1",Wvx4lrI_RtU,https://www.youtube.com/watch?v=Wvx4lrI_RtU
Geometrie pro 5. ročník,https://www.matyskova-matematika.cz/geometrie-5/video/str-31/,"Geometrie pro 5. ročník, strana 31, cvičení 2",UYr9IAHx27I,https://www.youtube.com/watch?v=UYr9IAHx27I
Geometrie pro 5. ročník,https://www.matyskova-matematika.cz/geometrie-5/video/str-32/,"Geometrie pro 5. ročník, strana 32, úvod",B4LCFiTAlmA,https://www.youtube.com/watch?v=B4LCFiTAlmA
Geometrie pro 5. ročník,https://www.matyskova-matematika.cz/geometrie-5/video/str-32/,"Geometrie pro 5. ročník, strana 32, cvičení 1",RinS8qV3wx8,https://www.youtube.com/watch?v=RinS8qV3wx8
Geometrie pro 5. ročník,https://www.matyskova-matematika.cz/geometrie-5/video/str-32/,"Geometrie pro 5. ročník, strana 32, cvičení 2",7gqEtJc2bIo,https://www.youtube.com/watch?v=7gqEtJc2bIo
Geometrie pro 5. ročník,https://www.matyskova-matematika.cz/geometrie-5/video/str-33/,"Geometrie pro 5. ročník, strana 33, cvičení 1 a",L672lLMibm8,https://www.youtube.com/watch?v=L672lLMibm8
Geometrie pro 5. ročník,https://www.matyskova-matematika.cz/geometrie-5/video/str-33/,"Geometrie pro 5. ročník, strana 33, cvičení 1 b",uR_kMACU0lU,https://www.youtube.com/watch?v=uR_kMACU0lU
Geometrie pro 5. ročník,https://www.matyskova-matematika.cz/geometrie-5/video/str-33/,"Geometrie pro 5. ročník, strana 33, cvičení 2",HateJZ-Fy7Q,https://www.youtube.com/watch?v=HateJZ-Fy7Q
Geometrie pro 5. ročník,https://www.matyskova-matematika.cz/geometrie-5/video/str-33/,"Geometrie pro 5. ročník, strana 33, cvičení 3",LXVOOUvEh04,https://www.youtube.com/watch?v=LXVOOUvEh04
Geometrie pro 5. ročník,https://www.matyskova-matematika.cz/geometrie-5/video/str-34/,"Geometrie pro 5. ročník, strana 34, úvod",6RzPlpWSMnM,https://www.youtube.com/watch?v=6RzPlpWSMnM
Geometrie pro 5. ročník,https://www.matyskova-matematika.cz/geometrie-5/video/str-35/,"Geometrie pro 5. ročník, strana 35, cvičení 1",6DCyn8VPHpk,https://www.youtube.com/watch?v=6DCyn8VPHpk
Geometrie pro 5. ročník,https://www.matyskova-matematika.cz/geometrie-5/video/str-35/,"Geometrie pro 5. ročník, strana 35, cvičení 2 a",zgbXvzk8KxY,https://www.youtube.com/watch?v=zgbXvzk8KxY
Geometrie pro 5. ročník,https://www.matyskova-matematika.cz/geometrie-5/video/str-35/,"Geometrie pro 5. ročník, strana 35, cvičení 2 b",I5cKsY8JDZA,https://www.youtube.com/watch?v=I5cKsY8JDZA
Geometrie pro 5. ročník,https://www.matyskova-matematika.cz/geometrie-5/video/str-35/,"Geometrie pro 5. ročník, strana 35, cvičení 2 c",pmPeeXzt6XE,https://www.youtube.com/watch?v=pmPeeXzt6XE
Geometrie pro 5. ročník,https://www.matyskova-matematika.cz/geometrie-5/video/str-35/,"Geometrie pro 5. ročník, strana 35, cvičení 3",S-xMcZzpLuc,https://www.youtube.com/watch?v=S-xMcZzpLuc
Geometrie pro 5. ročník,https://www.matyskova-matematika.cz/geometrie-5/video/str-35/,"Geometrie pro 5. ročník, strana 35, cvičení 4 a",91SjD4_MxVY,https://www.youtube.com/watch?v=91SjD4_MxVY
Geometrie pro 5. ročník,https://www.matyskova-matematika.cz/geometrie-5/video/str-35/,"Geometrie pro 5. ročník, strana 35, cvičení 4 b",X2fJh1V97do,https://www.youtube.com/watch?v=X2fJh1V97do
Geometrie pro 5. ročník,https://www.matyskova-matematika.cz/geometrie-5/video/str-35/,"Geometrie pro 5. ročník, strana 35, cvičení 4 c",BmTqz1d_IwY,https://www.youtube.com/watch?v=BmTqz1d_IwY
Geometrie pro 5. ročník,https://www.matyskova-matematika.cz/geometrie-5/video/str-35/,"Geometrie pro 5. ročník, strana 35, cvičení 5",TVA0g-fw_0w,https://www.youtube.com/watch?v=TVA0g-fw_0w
Geometrie pro 5. ročník,https://www.matyskova-matematika.cz/geometrie-5/video/str-36/,"Geometrie pro 5. ročník, strana 36, cvičení 1",RIEXxyviycs,https://www.youtube.com/watch?v=RIEXxyviycs
Geometrie pro 5. ročník,https://www.matyskova-matematika.cz/geometrie-5/video/str-36/,"Geometrie pro 5. ročník, strana 36, cvičení 2",iF8CxsNIoi4,https://www.youtube.com/watch?v=iF8CxsNIoi4
Geometrie pro 5. ročník,https://www.matyskova-matematika.cz/geometrie-5/video/str-37/,"Geometrie pro 5. ročník, strana 37, cvičení 1 a",gCeEhWkZnPU,https://www.youtube.com/watch?v=gCeEhWkZnPU
Geometrie pro 5. ročník,https://www.matyskova-matematika.cz/geometrie-5/video/str-37/,"Geometrie pro 5. ročník, strana 37, cvičení 1 b, c",abvU_JrCAoU,https://www.youtube.com/watch?v=abvU_JrCAoU
Geometrie pro 5. ročník,https://www.matyskova-matematika.cz/geometrie-5/video/str-37/,"Geometrie pro 5. ročník, strana 37, cvičení 2",9HGA1nH990E,https://www.youtube.com/watch?v=9HGA1nH990E
Geometrie pro 5. ročník,https://www.matyskova-matematika.cz/geometrie-5/video/str-37/,"Geometrie pro 5. ročník, strana 37, cvičení 3",3HHMRpiVODw,https://www.youtube.com/watch?v=3HHMRpiVODw
Geometrie pro 5. ročník,https://www.matyskova-matematika.cz/geometrie-5/video/str-37/,"Geometrie pro 5. ročník, strana 37, cvičení 4 a",ajfkjAvKORo,https://www.youtube.com/watch?v=ajfkjAvKORo
Geometrie pro 5. ročník,https://www.matyskova-matematika.cz/geometrie-5/video/str-37/,"Geometrie pro 5. ročník, strana 37, cvičení 4 b, c",TilHCx1DRb4,https://www.youtube.com/watch?v=TilHCx1DRb4
Geometrie pro 5. ročník,https://www.matyskova-matematika.cz/geometrie-5/video/str-38/,"Geometrie pro 5. ročník, strana 38, cvičení 1",_V_MxuuUI9w,https://www.youtube.com/watch?v=_V_MxuuUI9w
Geometrie pro 5. ročník,https://www.matyskova-matematika.cz/geometrie-5/video/str-38/,"Geometrie pro 5. ročník, strana 38, cvičení 2 a",SvbUy_qvByc,https://www.youtube.com/watch?v=SvbUy_qvByc
Geometrie pro 5. ročník,https://www.matyskova-matematika.cz/geometrie-5/video/str-38/,"Geometrie pro 5. ročník, strana 38, cvičení 2 b",m0VMPkvNEEc,https://www.youtube.com/watch?v=m0VMPkvNEEc
Geometrie pro 5. ročník,https://www.matyskova-matematika.cz/geometrie-5/video/str-38/,"Geometrie pro 5. ročník, strana 38, cvičení 3",C42aH1bIFLw,https://www.youtube.com/watch?v=C42aH1bIFLw
Geometrie pro 5. ročník,https://www.matyskova-matematika.cz/geometrie-5/video/str-38/,"Geometrie pro 5. ročník, strana 38, cvičení 4 a",ZbRJ3R0Q1Js,https://www.youtube.com/watch?v=ZbRJ3R0Q1Js
Geometrie pro 5. ročník,https://www.matyskova-matematika.cz/geometrie-5/video/str-38/,"Geometrie pro 5. ročník, strana 38, cvičení 4 b",9YF2sbS05us,https://www.youtube.com/watch?v=9YF2sbS05us
Geometrie pro 5. ročník,https://www.matyskova-matematika.cz/geometrie-5/video/str-38/,"Geometrie pro 5. ročník, strana 38, cvičení 4 c",r9qpkGbMEZo,https://www.youtube.com/watch?v=r9qpkGbMEZo
Geometrie pro 5. ročník,https://www.matyskova-matematika.cz/geometrie-5/video/str-38/,"Geometrie pro 5. ročník, strana 38, cvičení 5",6oM113JJApI,https://www.youtube.com/watch?v=6oM113JJApI
Geometrie pro 5. ročník,https://www.matyskova-matematika.cz/geometrie-5/video/str-38/,"Geometrie pro 5. ročník, strana 38, cvičení 6",-0hRqMI7v5E,https://www.youtube.com/watch?v=-0hRqMI7v5E
Geometrie pro 5. ročník,https://www.matyskova-matematika.cz/geometrie-5/video/str-39/,"Geometrie pro 5. ročník, strana 39, cvičení 1",LoaKBfuPtOQ,https://www.youtube.com/watch?v=LoaKBfuPtOQ
Geometrie pro 5. ročník,https://www.matyskova-matematika.cz/geometrie-5/video/str-39/,"Geometrie pro 5. ročník, strana 39, cvičení 2",YxiUVt4Ltws,https://www.youtube.com/watch?v=YxiUVt4Ltws
Geometrie pro 5. ročník,https://www.matyskova-matematika.cz/geometrie-5/video/str-40/,"Geometrie pro 5. ročník, strana 40, cvičení 1",Yz9H_55V6pI,https://www.youtube.com/watch?v=Yz9H_55V6pI
Geometrie pro 5. ročník,https://www.matyskova-matematika.cz/geometrie-5/video/str-40/,"Geometrie pro 5. ročník, strana 40, cvičení 2",yaGW9JJAg-0,https://www.youtube.com/watch?v=yaGW9JJAg-0
Geometrie pro 5. ročník,https://www.matyskova-matematika.cz/geometrie-5/video/str-41/,"Geometrie pro 5. ročník, strana 41, cvičení 1",x6pS6Rms5fA,https://www.youtube.com/watch?v=x6pS6Rms5fA
Geometrie pro 5. ročník,https://www.matyskova-matematika.cz/geometrie-5/video/str-41/,"Geometrie pro 5. ročník, strana 41, cvičení 2",rem_xMfCkwc,https://www.youtube.com/watch?v=rem_xMfCkwc
Geometrie pro 5. ročník,https://www.matyskova-matematika.cz/geometrie-5/video/str-41/,"Geometrie pro 5. ročník, strana 41, cvičení 3 a",SaV1oVCTmcg,https://www.youtube.com/watch?v=SaV1oVCTmcg
Geometrie pro 5. ročník,https://www.matyskova-matematika.cz/geometrie-5/video/str-41/,"Geometrie pro 5. ročník, strana 41, cvičení 3 b",KoR_yy1yoF4,https://www.youtube.com/watch?v=KoR_yy1yoF4
Geometrie pro 5. ročník,https://www.matyskova-matematika.cz/geometrie-5/video/str-42/,"Geometrie pro 5. ročník, strana 42, úvod",ChuAnqAFO-E,https://www.youtube.com/watch?v=ChuAnqAFO-E
Geometrie pro 5. ročník,https://www.matyskova-matematika.cz/geometrie-5/video/str-42/,"Geometrie pro 5. ročník, strana 42, cvičení 1 a",OkxHoHdCM0U,https://www.youtube.com/watch?v=OkxHoHdCM0U
Geometrie pro 5. ročník,https://www.matyskova-matematika.cz/geometrie-5/video/str-42/,"Geometrie pro 5. ročník, strana 42, cvičení 1 b",YYHTOIeLnxE,https://www.youtube.com/watch?v=YYHTOIeLnxE
Geometrie pro 5. ročník,https://www.matyskova-matematika.cz/geometrie-5/video/str-42/,"Geometrie pro 5. ročník, strana 42, cvičení 2",mRc1Cb5ofMM,https://www.youtube.com/watch?v=mRc1Cb5ofMM
Geometrie pro 5. ročník,https://www.matyskova-matematika.cz/geometrie-5/video/str-43/,"Geometrie pro 5. ročník, strana 43, cvičení 1",j5z8ffnZ_ls,https://www.youtube.com/watch?v=j5z8ffnZ_ls
Geometrie pro 5. ročník,https://www.matyskova-matematika.cz/geometrie-5/video/str-43/,"Geometrie pro 5. ročník, strana 43, cvičení 2",oXvQSW7mx8g,https://www.youtube.com/watch?v=oXvQSW7mx8g
Geometrie pro 5. ročník,https://www.matyskova-matematika.cz/geometrie-5/video/str-43/,"Geometrie pro 5. ročník, strana 43, cvičení 3",PDp4iUFlBnQ,https://www.youtube.com/watch?v=PDp4iUFlBnQ
Geometrie pro 5. ročník,https://www.matyskova-matematika.cz/geometrie-5/video/str-44/,"Geometrie pro 5. ročník, strana 44, cvičení 1 a",kjVMO7e3iRE,https://www.youtube.com/watch?v=kjVMO7e3iRE
Geometrie pro 5. ročník,https://www.matyskova-matematika.cz/geometrie-5/video/str-44/,"Geometrie pro 5. ročník, strana 44, cvičení 1 b",BJJg8OYvSKs,https://www.youtube.com/watch?v=BJJg8OYvSKs
Geometrie pro 5. ročník,https://www.matyskova-matematika.cz/geometrie-5/video/str-44/,"Geometrie pro 5. ročník, strana 44, cvičení 2 a",Dcyvabo6OnQ,https://www.youtube.com/watch?v=Dcyvabo6OnQ
Geometrie pro 5. ročník,https://www.matyskova-matematika.cz/geometrie-5/video/str-44/,"Geometrie pro 5. ročník, strana 44, cvičení 2 b",X0KSHleJ_zM,https://www.youtube.com/watch?v=X0KSHleJ_zM
Geometrie pro 5. ročník,https://www.matyskova-matematika.cz/geometrie-5/video/str-44/,"Geometrie pro 5. ročník, strana 44, cvičení 2 c",WHNfNclNayc,https://www.youtube.com/watch?v=WHNfNclNayc
Geometrie pro 5. ročník,https://www.matyskova-matematika.cz/geometrie-5/video/str-45/,"Geometrie pro 5. ročník, strana 45, cvičení 1 a",yiQjqsqkzUI,https://www.youtube.com/watch?v=yiQjqsqkzUI
Geometrie pro 5. ročník,https://www.matyskova-matematika.cz/geometrie-5/video/str-45/,"Geometrie pro 5. ročník, strana 45, cvičení 1 b",-aOyrtY6FJ0,https://www.youtube.com/watch?v=-aOyrtY6FJ0
Geometrie pro 5. ročník,https://www.matyskova-matematika.cz/geometrie-5/video/str-45/,"Geometrie pro 5. ročník, strana 45, cvičení 2",0bNHYPFJ_O4,https://www.youtube.com/watch?v=0bNHYPFJ_O4
Geometrie pro 5. ročník,https://www.matyskova-matematika.cz/geometrie-5/video/str-46/,"Geometrie pro 5. ročník, strana 46, cvičení 1",6bKH_bmEnyI,https://www.youtube.com/watch?v=6bKH_bmEnyI
Geometrie pro 5. ročník,https://www.matyskova-matematika.cz/geometrie-5/video/str-46/,"Geometrie pro 5. ročník, strana 46, cvičení 2",haB7PlWQIro,https://www.youtube.com/watch?v=haB7PlWQIro
Geometrie pro 5. ročník,https://www.matyskova-matematika.cz/geometrie-5/video/str-46/,"Geometrie pro 5. ročník, strana 46, cvičení 3",pdLAbofX3RU,https://www.youtube.com/watch?v=pdLAbofX3RU
Geometrie pro 5. ročník,https://www.matyskova-matematika.cz/geometrie-5/video/str-46/,"Geometrie pro 5. ročník, strana 46, cvičení 4",ZF_6a6FRC0k,https://www.youtube.com/watch?v=ZF_6a6FRC0k
Geometrie pro 5. ročník,https://www.matyskova-matematika.cz/geometrie-5/video/str-47/,"Geometrie pro 5. ročník, strana 47, cvičení 1",wGVFwoszMbU,https://www.youtube.com/watch?v=wGVFwoszMbU
Geometrie pro 5. ročník,https://www.matyskova-matematika.cz/geometrie-5/video/str-47/,"Geometrie pro 5. ročník, strana 47, cvičení 2",2n7U5zrRqIU,https://www.youtube.com/watch?v=2n7U5zrRqIU
Geometrie pro 5. ročník,https://www.matyskova-matematika.cz/geometrie-5/video/str-48/,"Geometrie pro 5. ročník, strana 48, úvod",loknUPOzR0U,https://www.youtube.com/watch?v=loknUPOzR0U
Geometrie pro 5. ročník,https://www.matyskova-matematika.cz/geometrie-5/video/str-48/,"Geometrie pro 5. ročník, strana 48, cvičení 1",cGjxwOCh29M,https://www.youtube.com/watch?v=cGjxwOCh29M
Geometrie pro 5. ročník,https://www.matyskova-matematika.cz/geometrie-5/video/str-49/,"Geometrie pro 5. ročník, strana 49, cvičení 1",WnHyfpPLqIA,https://www.youtube.com/watch?v=WnHyfpPLqIA
Geometrie pro 5. ročník,https://www.matyskova-matematika.cz/geometrie-5/video/str-49/,"Geometrie pro 5. ročník, strana 49, cvičení 2",9DxIgmVK52U,https://www.youtube.com/watch?v=9DxIgmVK52U
Geometrie pro 5. ročník,https://www.matyskova-matematika.cz/geometrie-5/video/str-50/,"Geometrie pro 5. ročník, strana 50, cvičení 1",Rm9binkPsBo,https://www.youtube.com/watch?v=Rm9binkPsBo
Geometrie pro 5. ročník,https://www.matyskova-matematika.cz/geometrie-5/video/str-50/,"Geometrie pro 5. ročník, strana 50, cvičení 2",Fkoe9Wsqywc,https://www.youtube.com/watch?v=Fkoe9Wsqywc
Geometrie pro 5. ročník,https://www.matyskova-matematika.cz/geometrie-5/video/str-51/,"Geometrie pro 5. ročník, strana 51, cvičení 1",B977El9Y1tM,https://www.youtube.com/watch?v=B977El9Y1tM
Geometrie pro 5. ročník,https://www.matyskova-matematika.cz/geometrie-5/video/str-51/,"Geometrie pro 5. ročník, strana 51, cvičení 2",xIy-U9ZOEI8,https://www.youtube.com/watch?v=xIy-U9ZOEI8
Geometrie pro 5. ročník,https://www.matyskova-matematika.cz/geometrie-5/video/str-51/,"Geometrie pro 5. ročník, strana 51, cvičení 3",B_E_ilNE6XE,https://www.youtube.com/watch?v=B_E_ilNE6XE
Geometrie pro 5. ročník,https://www.matyskova-matematika.cz/geometrie-5/video/str-52/,"Geometrie pro 5. ročník, strana 52, cvičení 1",HhPZuR0u-I8,https://www.youtube.com/watch?v=HhPZuR0u-I8
Geometrie pro 5. ročník,https://www.matyskova-matematika.cz/geometrie-5/video/str-52/,"Geometrie pro 5. ročník, strana 52, cvičení 2",kuNB0jEjZUM,https://www.youtube.com/watch?v=kuNB0jEjZUM
Geometrie pro 5. ročník,https://www.matyskova-matematika.cz/geometrie-5/video/str-53/,"Geometrie pro 5. ročník, strana 53, úvod",2ZqMOzek_Co,https://www.youtube.com/watch?v=2ZqMOzek_Co
Geometrie pro 5. ročník,https://www.matyskova-matematika.cz/geometrie-5/video/str-53/,"Geometrie pro 5. ročník, strana 53, cvičení 1",3QDYr-FcRYY,https://www.youtube.com/watch?v=3QDYr-FcRYY
Geometrie pro 5. ročník,https://www.matyskova-matematika.cz/geometrie-5/video/str-53/,"Geometrie pro 5. ročník, strana 53, cvičení 2",76AgJ5ftwZU,https://www.youtube.com/watch?v=76AgJ5ftwZU
Geometrie pro 5. ročník,https://www.matyskova-matematika.cz/geometrie-5/video/str-53/,"Geometrie pro 5. ročník, strana 53, cvičení 3",c0DnXFl8s_s,https://www.youtube.com/watch?v=c0DnXFl8s_s
Geometrie pro 5. ročník,https://www.matyskova-matematika.cz/geometrie-5/video/str-54/,"Geometrie pro 5. ročník, strana 54, cvičení 1",4vxTPJa33dk,https://www.youtube.com/watch?v=4vxTPJa33dk
Geometrie pro 5. ročník,https://www.matyskova-matematika.cz/geometrie-5/video/str-54/,"Geometrie pro 5. ročník, strana 54, cvičení 2",0ZsvGcvIgRs,https://www.youtube.com/watch?v=0ZsvGcvIgRs
Geometrie pro 5. ročník,https://www.matyskova-matematika.cz/geometrie-5/video/str-54/,"Geometrie pro 5. ročník, strana 54, cvičení 3",GBzTUNK9fiw,https://www.youtube.com/watch?v=GBzTUNK9fiw
Geometrie pro 5. ročník,https://www.matyskova-matematika.cz/geometrie-5/video/str-54/,"Geometrie pro 5. ročník, strana 54, cvičení 4",-AGWyhnrc44,https://www.youtube.com/watch?v=-AGWyhnrc44
Geometrie pro 5. ročník,https://www.matyskova-matematika.cz/geometrie-5/video/str-54/,"Geometrie pro 5. ročník, strana 54, cvičení 5",d3kNpS_0ONE,https://www.youtube.com/watch?v=d3kNpS_0ONE
Geometrie pro 5. ročník,https://www.matyskova-matematika.cz/geometrie-5/video/str-54/,"Geometrie pro 5. ročník, strana 54, cvičení 6",1qE4wan30ig,https://www.youtube.com/watch?v=1qE4wan30ig
Geometrie pro 5. ročník,https://www.matyskova-matematika.cz/geometrie-5/video/str-55/,"Geometrie pro 5. ročník, strana 55, cvičení 1",raqfi94JUpI,https://www.youtube.com/watch?v=raqfi94JUpI
Geometrie pro 5. ročník,https://www.matyskova-matematika.cz/geometrie-5/video/str-55/,"Geometrie pro 5. ročník, strana 55, cvičení 2",0ee5K0FIsK0,https://www.youtube.com/watch?v=0ee5K0FIsK0
Geometrie pro 5. ročník,https://www.matyskova-matematika.cz/geometrie-5/video/str-56/,"Geometrie pro 5. ročník, strana 56, cvičení 1",9Yjo0_i20gw,https://www.youtube.com/watch?v=9Yjo0_i20gw
Geometrie pro 5. ročník,https://www.matyskova-matematika.cz/geometrie-5/video/str-56/,"Geometrie pro 5. ročník, strana 56, cvičení 2",QeOaTz1lIUw,https://www.youtube.com/watch?v=QeOaTz1lIUw
Geometrie pro 5. ročník,https://www.matyskova-matematika.cz/geometrie-5/video/str-56/,"Geometrie pro 5. ročník, strana 56, cvičení 3",bUCGEdfbSe8,https://www.youtube.com/watch?v=bUCGEdfbSe8
Geometrie pro 5. ročník,https://www.matyskova-matematika.cz/geometrie-5/video/str-56/,"Geometrie pro 5. ročník, strana 56, cvičení 4",8HMgjZC_hI4,https://www.youtube.com/watch?v=8HMgjZC_hI4
Geometrie pro 5. ročník,https://www.matyskova-matematika.cz/geometrie-5/video/str-56/,"Geometrie pro 5. ročník, strana 56, cvičení 5",Azwx2WVJdWs,https://www.youtube.com/watch?v=Azwx2WVJdWs
Geometrie pro 5. ročník,https://www.matyskova-matematika.cz/geometrie-5/video/str-57/,"Geometrie pro 5. ročník, strana 57, cvičení 1 úvod",I7xp4nVIa7g,https://www.youtube.com/watch?v=I7xp4nVIa7g
Geometrie pro 5. ročník,https://www.matyskova-matematika.cz/geometrie-5/video/str-57/,"Geometrie pro 5. ročník, strana 57, cvičení 1",uYlUI8ffkaY,https://www.youtube.com/watch?v=uYlUI8ffkaY
Geometrie pro 5. ročník,https://www.matyskova-matematika.cz/geometrie-5/video/str-57/,"Geometrie pro 5. ročník, strana 57, cvičení 2",YrNekzai7JQ,https://www.youtube.com/watch?v=YrNekzai7JQ
Geometrie pro 5. ročník,https://www.matyskova-matematika.cz/geometrie-5/video/str-57/,"Geometrie pro 5. ročník, strana 57, cvičení 3",_M8I--FG0H4,https://www.youtube.com/watch?v=_M8I--FG0H4
Geometrie pro 5. ročník,https://www.matyskova-matematika.cz/geometrie-5/video/str-57/,"Geometrie pro 5. ročník, strana 57, cvičení 4",dPcTLtedguY,https://www.youtube.com/watch?v=dPcTLtedguY
Geometrie pro 5. ročník,https://www.matyskova-matematika.cz/geometrie-5/video/str-58/,"Geometrie pro 5. ročník, strana 58, cvičení 1 úvod",BYv8P7Oc8NY,https://www.youtube.com/watch?v=BYv8P7Oc8NY
Geometrie pro 5. ročník,https://www.matyskova-matematika.cz/geometrie-5/video/str-58/,"Geometrie pro 5. ročník, strana 58, cvičení 1",MKr0mmo7yq4,https://www.youtube.com/watch?v=MKr0mmo7yq4
Geometrie pro 5. ročník,https://www.matyskova-matematika.cz/geometrie-5/video/str-58/,"Geometrie pro 5. ročník, strana 58, cvičení 2",C2TLqYZcfoA,https://www.youtube.com/watch?v=C2TLqYZcfoA
Geometrie pro 5. ročník,https://www.matyskova-matematika.cz/geometrie-5/video/str-59/,"Geometrie pro 5. ročník, strana 59, cvičení 1 úvod",Y6WUITTPGP4,https://www.youtube.com/watch?v=Y6WUITTPGP4
Geometrie pro 5. ročník,https://www.matyskova-matematika.cz/geometrie-5/video/str-59/,"Geometrie pro 5. ročník, strana 59, cvičení 1",i9AXcUU7qCc,https://www.youtube.com/watch?v=i9AXcUU7qCc
Geometrie pro 5. ročník,https://www.matyskova-matematika.cz/geometrie-5/video/str-59/,"Geometrie pro 5. ročník, strana 59, cvičení 2 úvod",7iL3-Ts_nXs,https://www.youtube.com/watch?v=7iL3-Ts_nXs
Geometrie pro 5. ročník,https://www.matyskova-matematika.cz/geometrie-5/video/str-59/,"Geometrie pro 5. ročník, strana 59, cvičení 2",CsJQx_CsdyY,https://www.youtube.com/watch?v=CsJQx_CsdyY
Geometrie pro 5. ročník,https://www.matyskova-matematika.cz/geometrie-5/video/str-60/,"Geometrie pro 5. ročník, strana 60, cvičení 1 úvod",XN2dTFkLsdE,https://www.youtube.com/watch?v=XN2dTFkLsdE
Geometrie pro 5. ročník,https://www.matyskova-matematika.cz/geometrie-5/video/str-60/,"Geometrie pro 5. ročník, strana 60, cvičení 1",GmngK2G-Lm8,https://www.youtube.com/watch?v=GmngK2G-Lm8
Geometrie pro 5. ročník,https://www.matyskova-matematika.cz/geometrie-5/video/str-60/,"Geometrie pro 5. ročník, strana 60, cvičení 2",koXUxU-Db-M,https://www.youtube.com/watch?v=koXUxU-Db-M
Geometrie pro 5. ročník,https://www.matyskova-matematika.cz/geometrie-5/video/str-61/,"Geometrie pro 5. ročník, strana 61, cvičení 1 úvod",Bqb-l-bNxys,https://www.youtube.com/watch?v=Bqb-l-bNxys
Geometrie pro 5. ročník,https://www.matyskova-matematika.cz/geometrie-5/video/str-61/,"Geometrie pro 5. ročník, strana 61, cvičení 1",8M-LzTxHdD8,https://www.youtube.com/watch?v=8M-LzTxHdD8
Geometrie pro 5. ročník,https://www.matyskova-matematika.cz/geometrie-5/video/str-61/,"Geometrie pro 5. ročník, strana 61, cvičení 2 úvod",N183aDcpVBw,https://www.youtube.com/watch?v=N183aDcpVBw
Geometrie pro 5. ročník,https://www.matyskova-matematika.cz/geometrie-5/video/str-61/,"Geometrie pro 5. ročník, strana 61, cvičení 2",1Qrt183xcdg,https://www.youtube.com/watch?v=1Qrt183xcdg
Geometrie pro 5. ročník,https://www.matyskova-matematika.cz/geometrie-5/video/str-62/,"Geometrie pro 5. ročník, strana 62, cvičení 1",wL8qd6iEW4w,https://www.youtube.com/watch?v=wL8qd6iEW4w
Geometrie pro 5. ročník,https://www.matyskova-matematika.cz/geometrie-5/video/str-62/,"Geometrie pro 5. ročník, strana 62, cvičení 2",EySt_TtSI-0,https://www.youtube.com/watch?v=EySt_TtSI-0
Geometrie pro 5. ročník,https://www.matyskova-matematika.cz/geometrie-5/video/str-63/,"Geometrie pro 5. ročník, strana 63, cvičení 1",yBDwB-1VnB4,https://www.youtube.com/watch?v=yBDwB-1VnB4
Geometrie pro 5. ročník,https://www.matyskova-matematika.cz/geometrie-5/video/str-63/,"Geometrie pro 5. ročník, strana 63, cvičení 2",JzaNPIMnIP4,https://www.youtube.com/watch?v=JzaNPIMnIP4
Geometrie pro 5. ročník,https://www.matyskova-matematika.cz/geometrie-5/video/str-64/,"Geometrie pro 5. ročník, strana 64, cvičení 1",SnAY81aDUUQ,https://www.youtube.com/watch?v=SnAY81aDUUQ
Geometrie pro 5. ročník,https://www.matyskova-matematika.cz/geometrie-5/video/str-64/,"Geometrie pro 5. ročník, strana 64, cvičení 2",zA1LwOVdpUU,https://www.youtube.com/watch?v=zA1LwOVdpUU
